{"itemId": ["254085928150"], "title": ["Edwards ESP EX-125D Explorer Guitar Nevada Brown W/ Bareknuckle Pickups MIJ"], "globalId": ["EBAY-US"], "primaryCategory": [{"categoryId": ["33034"], "categoryName": ["Electric Guitars"]}], "galleryURL": ["http://thumbs3.ebaystatic.com/m/mlwigvMJOjGEHACUETWMr_g/140.jpg"], "viewItemURL": ["http://www.ebay.com/itm/Edwards-ESP-EX-125D-Explorer-Guitar-Nevada-Brown-W-Bareknuckle-Pickups-MIJ-/254085928150"], "paymentMethod": ["PayPal"], "autoPay": ["false"], "postalCode": ["95831"], "location": ["Sacramento,CA,USA"], "country": ["US"], "shippingInfo": [{"shippingServiceCost": [{"@currencyId": "USD", "__value__": "45.0"}], "shippingType": ["Flat"], "shipToLocations": ["Worldwide"], "expeditedShipping": ["false"], "oneDayShippingAvailable": ["false"], "handlingTime": ["2"]}], "sellingStatus": [{"currentPrice": [{"@currencyId": "USD", "__value__": "850.0"}], "convertedCurrentPrice": [{"@currencyId": "USD", "__value__": "850.0"}], "bidCount": ["1"], "sellingState": ["EndedWithSales"]}], "listingInfo": [{"bestOfferEnabled": ["false"], "buyItNowAvailable": ["false"], "startTime": ["2019-01-21T04:40:24.000Z"], "endTime": ["2019-01-24T02:30:49.000Z"], "listingType": ["Auction"], "gift": ["false"], "watchCount": ["4"]}], "returnsAccepted": ["false"], "condition": [{"conditionId": ["3000"], "conditionDisplayName": ["Used"]}], "isMultiVariationListing": ["false"], "pictureURLLarge": ["https://i.ebayimg.com/00/s/MTYwMFgxMjAw/z/3AUAAOSwmE9cPA~M/$_1.JPG"], "topRatedListing": ["false"]}