{"itemId": ["123608899539"], "title": ["Gibson Custom Shop Les Paul  Axcess 2008 Guitar Iced Tea Burst w/ Floyd Rose"], "globalId": ["EBAY-US"], "primaryCategory": [{"categoryId": ["33034"], "categoryName": ["Electric Guitars"]}], "galleryURL": ["http://thumbs4.ebaystatic.com/m/mrx6P3bkZe3V_IuWLJukSng/140.jpg"], "viewItemURL": ["http://www.ebay.com/itm/Gibson-Custom-Shop-Les-Paul-Axcess-2008-Guitar-Iced-Tea-Burst-w-Floyd-Rose-/123608899539"], "paymentMethod": ["PayPal"], "autoPay": ["false"], "postalCode": ["85007"], "location": ["Phoenix,AZ,USA"], "country": ["US"], "shippingInfo": [{"shippingServiceCost": [{"@currencyId": "USD", "__value__": "99.0"}], "shippingType": ["Flat"], "shipToLocations": ["Worldwide"], "expeditedShipping": ["false"], "oneDayShippingAvailable": ["false"], "handlingTime": ["3"]}], "sellingStatus": [{"currentPrice": [{"@currencyId": "USD", "__value__": "2026.0"}], "convertedCurrentPrice": [{"@currencyId": "USD", "__value__": "2026.0"}], "bidCount": ["9"], "sellingState": ["EndedWithSales"]}], "listingInfo": [{"bestOfferEnabled": ["false"], "buyItNowAvailable": ["false"], "startTime": ["2019-01-23T15:00:12.000Z"], "endTime": ["2019-01-24T15:00:12.000Z"], "listingType": ["Auction"], "gift": ["false"], "watchCount": ["25"]}], "returnsAccepted": ["false"], "condition": [{"conditionId": ["3000"], "conditionDisplayName": ["Used"]}], "isMultiVariationListing": ["false"], "pictureURLLarge": ["https://i.ebayimg.com/00/s/MTIzNFg2MTI=/z/6z4AAOSwiqBcQ0bi/$_1.JPG"], "topRatedListing": ["false"]}