{"itemId": ["233103711503"], "title": ["PRS CE24 Electric Guitar with Bolt On Neck Gray Black with Gig Bag"], "globalId": ["EBAY-US"], "primaryCategory": [{"categoryId": ["33034"], "categoryName": ["Electric Guitars"]}], "galleryURL": ["http://thumbs4.ebaystatic.com/m/m21wGidLrnLV86gTA7bLE1Q/140.jpg"], "viewItemURL": ["http://www.ebay.com/itm/PRS-CE24-Electric-Guitar-Bolt-Neck-Gray-Black-Gig-Bag-/233103711503"], "paymentMethod": ["PayPal"], "autoPay": ["false"], "postalCode": ["07436"], "location": ["Oakland,NJ,USA"], "country": ["US"], "shippingInfo": [{"shippingServiceCost": [{"@currencyId": "USD", "__value__": "25.0"}], "shippingType": ["Flat"], "shipToLocations": ["Worldwide"], "expeditedShipping": ["false"], "oneDayShippingAvailable": ["false"], "handlingTime": ["10"]}], "sellingStatus": [{"currentPrice": [{"@currencyId": "USD", "__value__": "575.0"}], "convertedCurrentPrice": [{"@currencyId": "USD", "__value__": "575.0"}], "bidCount": ["10"], "sellingState": ["EndedWithSales"]}], "listingInfo": [{"bestOfferEnabled": ["false"], "buyItNowAvailable": ["false"], "startTime": ["2019-01-21T14:06:04.000Z"], "endTime": ["2019-01-26T14:06:04.000Z"], "listingType": ["Auction"], "gift": ["false"], "watchCount": ["34"]}], "returnsAccepted": ["true"], "condition": [{"conditionId": ["3000"], "conditionDisplayName": ["Used"]}], "isMultiVariationListing": ["false"], "pictureURLLarge": ["https://i.ebayimg.com/00/s/MTYwMFg3NjQ=/z/OokAAOSwsrlcPmQV/$_1.JPG"], "topRatedListing": ["false"]}