{"itemId": ["303036027648"], "title": ["PRS CE24 Electric Guitar Satin Cherry Burst w/GigBag USED"], "globalId": ["EBAY-US"], "primaryCategory": [{"categoryId": ["33034"], "categoryName": ["Electric Guitars"]}], "galleryURL": ["http://thumbs1.ebaystatic.com/m/mDeJCQMYVFS8ShRqO_tSllQ/140.jpg"], "viewItemURL": ["http://www.ebay.com/itm/PRS-CE24-Electric-Guitar-Satin-Cherry-Burst-w-GigBag-USED-/303036027648"], "paymentMethod": ["PayPal"], "autoPay": ["false"], "postalCode": ["21144"], "location": ["Severn,MD,USA"], "country": ["US"], "shippingInfo": [{"shippingServiceCost": [{"@currencyId": "USD", "__value__": "85.0"}], "shippingType": ["Flat"], "shipToLocations": ["Worldwide"], "expeditedShipping": ["true"], "oneDayShippingAvailable": ["false"], "handlingTime": ["3"]}], "sellingStatus": [{"currentPrice": [{"@currencyId": "USD", "__value__": "1400.0"}], "convertedCurrentPrice": [{"@currencyId": "USD", "__value__": "1400.0"}], "bidCount": ["1"], "sellingState": ["EndedWithSales"]}], "listingInfo": [{"bestOfferEnabled": ["false"], "buyItNowAvailable": ["false"], "startTime": ["2019-01-20T21:27:15.000Z"], "endTime": ["2019-01-24T17:05:27.000Z"], "listingType": ["Auction"], "gift": ["false"], "watchCount": ["24"]}], "returnsAccepted": ["false"], "condition": [{"conditionId": ["3000"], "conditionDisplayName": ["Used"]}], "isMultiVariationListing": ["false"], "pictureURLLarge": ["https://i.ebayimg.com/00/s/MTYwMFgxMjAw/z/jJoAAOSwgadcROWk/$_1.JPG"], "topRatedListing": ["false"]}