{"itemId": ["233101185633"], "title": ["Fender 1957 R.I. 1988 Stratocaster "], "globalId": ["EBAY-US"], "primaryCategory": [{"categoryId": ["33034"], "categoryName": ["Electric Guitars"]}], "galleryURL": ["http://thumbs2.ebaystatic.com/m/mfQ5c_AacBAP-jrBanf9a2A/140.jpg"], "viewItemURL": ["http://www.ebay.com/itm/Fender-1957-R-I-1988-Stratocaster-/233101185633"], "productId": [{"@type": "ReferenceID", "__value__": "219514592"}], "paymentMethod": ["PayPal"], "autoPay": ["false"], "postalCode": ["02915"], "location": ["Riverside,RI,USA"], "country": ["US"], "shippingInfo": [{"shippingServiceCost": [{"@currencyId": "USD", "__value__": "0.0"}], "shippingType": ["FreePickup"], "shipToLocations": ["Worldwide"], "expeditedShipping": ["false"], "oneDayShippingAvailable": ["false"], "handlingTime": ["2"]}], "sellingStatus": [{"currentPrice": [{"@currencyId": "USD", "__value__": "910.0"}], "convertedCurrentPrice": [{"@currencyId": "USD", "__value__": "910.0"}], "bidCount": ["23"], "sellingState": ["EndedWithSales"]}], "listingInfo": [{"bestOfferEnabled": ["false"], "buyItNowAvailable": ["false"], "startTime": ["2019-01-19T16:22:17.000Z"], "endTime": ["2019-01-26T16:22:17.000Z"], "listingType": ["Auction"], "gift": ["false"], "watchCount": ["59"]}], "returnsAccepted": ["false"], "condition": [{"conditionId": ["3000"], "conditionDisplayName": ["Used"]}], "isMultiVariationListing": ["false"], "pictureURLLarge": ["https://i.ebayimg.com/00/s/MTYwMFg5MzM=/z/nMQAAOSwl7dcQ0qU/$_1.JPG"], "topRatedListing": ["false"]}