{"itemId": ["223330242184"], "title": ["Fender USA Stratocaster Plus 1991/92 Candy Red w/ Case - Good Condition"], "globalId": ["EBAY-US"], "primaryCategory": [{"categoryId": ["33034"], "categoryName": ["Electric Guitars"]}], "galleryURL": ["http://thumbs1.ebaystatic.com/m/m6_lZi_Ip6OSW6L1O8ecL-g/140.jpg"], "viewItemURL": ["http://www.ebay.com/itm/Fender-USA-Stratocaster-Plus-1991-92-Candy-Red-w-Case-Good-Condition-/223330242184"], "paymentMethod": ["PayPal"], "autoPay": ["false"], "postalCode": ["21048"], "location": ["Finksburg,MD,USA"], "country": ["US"], "shippingInfo": [{"shippingServiceCost": [{"@currencyId": "USD", "__value__": "30.0"}], "shippingType": ["Flat"], "shipToLocations": ["Worldwide"], "expeditedShipping": ["false"], "oneDayShippingAvailable": ["false"], "handlingTime": ["2"]}], "sellingStatus": [{"currentPrice": [{"@currencyId": "USD", "__value__": "925.0"}], "convertedCurrentPrice": [{"@currencyId": "USD", "__value__": "925.0"}], "bidCount": ["1"], "sellingState": ["EndedWithSales"]}], "listingInfo": [{"bestOfferEnabled": ["false"], "buyItNowAvailable": ["false"], "startTime": ["2019-01-18T01:30:19.000Z"], "endTime": ["2019-01-25T01:30:19.000Z"], "listingType": ["Auction"], "gift": ["false"], "watchCount": ["15"]}], "returnsAccepted": ["false"], "condition": [{"conditionId": ["3000"], "conditionDisplayName": ["Used"]}], "isMultiVariationListing": ["false"], "pictureURLLarge": ["https://i.ebayimg.com/00/s/NjIyWDExNTI=/z/1wAAAOSwVNNcQNBR/$_1.JPG"], "topRatedListing": ["false"]}