{"itemId": ["173757674398"], "title": ["Fender Esquire Custom Guitar 2003 Rare"], "globalId": ["EBAY-US"], "primaryCategory": [{"categoryId": ["33034"], "categoryName": ["Electric Guitars"]}], "galleryURL": ["http://thumbs3.ebaystatic.com/m/m8L_YxjXGYZ42kgGfq_4xlg/140.jpg"], "viewItemURL": ["http://www.ebay.com/itm/Fender-Esquire-Custom-Guitar-2003-Rare-/173757674398"], "paymentMethod": ["PayPal"], "autoPay": ["false"], "postalCode": ["05701"], "location": ["Rutland,VT,USA"], "country": ["US"], "shippingInfo": [{"shippingServiceCost": [{"@currencyId": "USD", "__value__": "35.0"}], "shippingType": ["Flat"], "shipToLocations": ["Worldwide"], "expeditedShipping": ["false"], "oneDayShippingAvailable": ["false"], "handlingTime": ["2"]}], "sellingStatus": [{"currentPrice": [{"@currencyId": "USD", "__value__": "650.0"}], "convertedCurrentPrice": [{"@currencyId": "USD", "__value__": "650.0"}], "bidCount": ["1"], "sellingState": ["EndedWithSales"]}], "listingInfo": [{"bestOfferEnabled": ["false"], "buyItNowAvailable": ["false"], "startTime": ["2019-01-23T21:39:27.000Z"], "endTime": ["2019-01-24T17:40:58.000Z"], "listingType": ["Auction"], "gift": ["false"], "watchCount": ["5"]}], "returnsAccepted": ["false"], "condition": [{"conditionId": ["3000"], "conditionDisplayName": ["Used"]}], "isMultiVariationListing": ["false"], "pictureURLLarge": ["https://i.ebayimg.com/00/s/MTYwMFgxMjAw/z/vvUAAOSworNcSN07/$_1.JPG"], "topRatedListing": ["false"]}