{"itemId": ["372575951574"], "title": ["2004 Fender American Standard Stratocaster  Olympic White  w/Hard Case NO RESERV"], "globalId": ["EBAY-US"], "primaryCategory": [{"categoryId": ["33034"], "categoryName": ["Electric Guitars"]}], "galleryURL": ["http://thumbs3.ebaystatic.com/m/muVZ6pT8uNZPmUuHSr0H8_g/140.jpg"], "viewItemURL": ["http://www.ebay.com/itm/2004-Fender-American-Standard-Stratocaster-Olympic-White-w-Hard-Case-NO-RESERV-/372575951574"], "paymentMethod": ["PayPal"], "autoPay": ["false"], "postalCode": ["53713"], "location": ["Madison,WI,USA"], "country": ["US"], "shippingInfo": [{"shippingServiceCost": [{"@currencyId": "USD", "__value__": "50.0"}], "shippingType": ["Flat"], "shipToLocations": ["Worldwide"], "expeditedShipping": ["false"], "oneDayShippingAvailable": ["false"], "handlingTime": ["3"]}], "sellingStatus": [{"currentPrice": [{"@currencyId": "USD", "__value__": "700.0"}], "convertedCurrentPrice": [{"@currencyId": "USD", "__value__": "700.0"}], "bidCount": ["2"], "sellingState": ["EndedWithSales"]}], "listingInfo": [{"bestOfferEnabled": ["false"], "buyItNowAvailable": ["false"], "startTime": ["2019-01-23T01:00:35.000Z"], "endTime": ["2019-01-26T01:00:35.000Z"], "listingType": ["Auction"], "gift": ["false"], "watchCount": ["19"]}], "returnsAccepted": ["false"], "condition": [{"conditionId": ["3000"], "conditionDisplayName": ["Used"]}], "isMultiVariationListing": ["false"], "pictureURLLarge": ["https://i.ebayimg.com/00/s/MTIwMFgxNjAw/z/PTsAAOSwTQNcEtxD/$_1.JPG"], "topRatedListing": ["false"]}