{"itemId": ["153344405688"], "title": ["vintage Washburn Hawk 1978-9 beautiful neck thru el gt - Wing Series - with case"], "globalId": ["EBAY-US"], "primaryCategory": [{"categoryId": ["33034"], "categoryName": ["Electric Guitars"]}], "secondaryCategory": [{"categoryId": ["118985"], "categoryName": ["Electric Guitars"]}], "galleryURL": ["http://thumbs1.ebaystatic.com/m/mw00Brf6XMxzFehUnRaIVQw/140.jpg"], "viewItemURL": ["http://www.ebay.com/itm/vintage-Washburn-Hawk-1978-9-beautiful-neck-thru-el-gt-Wing-Series-case-/153344405688"], "paymentMethod": ["PayPal"], "autoPay": ["false"], "postalCode": ["37072"], "location": ["Goodlettsville,TN,USA"], "country": ["US"], "shippingInfo": [{"shippingServiceCost": [{"@currencyId": "USD", "__value__": "60.0"}], "shippingType": ["Flat"], "shipToLocations": ["Worldwide"], "expeditedShipping": ["false"], "oneDayShippingAvailable": ["false"], "handlingTime": ["3"]}], "sellingStatus": [{"currentPrice": [{"@currencyId": "USD", "__value__": "855.0"}], "convertedCurrentPrice": [{"@currencyId": "USD", "__value__": "855.0"}], "bidCount": ["1"], "sellingState": ["EndedWithSales"]}], "listingInfo": [{"bestOfferEnabled": ["false"], "buyItNowAvailable": ["false"], "startTime": ["2019-01-18T17:46:30.000Z"], "endTime": ["2019-01-24T19:47:02.000Z"], "listingType": ["Auction"], "gift": ["false"], "watchCount": ["16"]}], "returnsAccepted": ["true"], "condition": [{"conditionId": ["3000"], "conditionDisplayName": ["Used"]}], "isMultiVariationListing": ["false"], "pictureURLLarge": ["https://i.ebayimg.com/00/s/MTYwMFgxMjAw/z/pdIAAOSw5qJcIcyM/$_1.JPG"], "topRatedListing": ["false"]}