{"itemId": ["292926263136"], "title": ["Gibson Blueshawk"], "globalId": ["EBAY-US"], "subtitle": ["Gibson Blueshawk semi-hollowbody electric guitar"], "primaryCategory": [{"categoryId": ["33034"], "categoryName": ["Electric Guitars"]}], "galleryURL": ["http://thumbs1.ebaystatic.com/m/mLLvGVAAwT84_jPzAoKXciQ/140.jpg"], "viewItemURL": ["http://www.ebay.com/itm/Gibson-Blueshawk-/292926263136"], "paymentMethod": ["PayPal"], "autoPay": ["false"], "postalCode": ["97520"], "location": ["Ashland,OR,USA"], "country": ["US"], "shippingInfo": [{"shippingType": ["Calculated"], "shipToLocations": ["Worldwide"], "expeditedShipping": ["false"], "oneDayShippingAvailable": ["false"], "handlingTime": ["1"]}], "sellingStatus": [{"currentPrice": [{"@currencyId": "USD", "__value__": "690.0"}], "convertedCurrentPrice": [{"@currencyId": "USD", "__value__": "690.0"}], "bidCount": ["8"], "sellingState": ["EndedWithSales"]}], "listingInfo": [{"bestOfferEnabled": ["false"], "buyItNowAvailable": ["false"], "startTime": ["2019-01-20T00:03:39.000Z"], "endTime": ["2019-01-25T00:03:39.000Z"], "listingType": ["Auction"], "gift": ["false"], "watchCount": ["21"]}], "returnsAccepted": ["true"], "condition": [{"conditionId": ["3000"], "conditionDisplayName": ["Used"]}], "isMultiVariationListing": ["false"], "pictureURLLarge": ["https://i.ebayimg.com/00/s/NjQwWDQ4MA==/z/o7kAAOSwjMtcQ7iI/$_1.JPG"], "topRatedListing": ["false"]}