{"itemId": ["254081170229"], "title": ["Jackson Warrior Electric Guitar Satin Black w/ Factory Hard Case"], "globalId": ["EBAY-US"], "primaryCategory": [{"categoryId": ["33034"], "categoryName": ["Electric Guitars"]}], "galleryURL": ["http://thumbs2.ebaystatic.com/m/m5Ru__7ncQLt5qyU65DJkrA/140.jpg"], "viewItemURL": ["http://www.ebay.com/itm/Jackson-Warrior-Electric-Guitar-Satin-Black-w-Factory-Hard-Case-/254081170229"], "paymentMethod": ["PayPal"], "autoPay": ["false"], "postalCode": ["28034"], "location": ["Dallas,NC,USA"], "country": ["US"], "shippingInfo": [{"shippingServiceCost": [{"@currencyId": "USD", "__value__": "40.0"}], "shippingType": ["Flat"], "shipToLocations": ["Worldwide"], "expeditedShipping": ["false"], "oneDayShippingAvailable": ["false"], "handlingTime": ["3"]}], "sellingStatus": [{"currentPrice": [{"@currencyId": "USD", "__value__": "340.0"}], "convertedCurrentPrice": [{"@currencyId": "USD", "__value__": "340.0"}], "bidCount": ["1"], "sellingState": ["EndedWithSales"]}], "listingInfo": [{"bestOfferEnabled": ["false"], "buyItNowAvailable": ["false"], "startTime": ["2019-01-19T00:56:37.000Z"], "endTime": ["2019-01-26T00:56:37.000Z"], "listingType": ["Auction"], "gift": ["false"], "watchCount": ["10"]}], "returnsAccepted": ["false"], "condition": [{"conditionId": ["3000"], "conditionDisplayName": ["Used"]}], "isMultiVariationListing": ["false"], "pictureURLLarge": ["https://i.ebayimg.com/00/s/MTYwMFgxMjAw/z/o0UAAOSwe9VcJsWD/$_1.JPG"], "topRatedListing": ["false"]}