{"itemId": ["123598425587"], "title": ["1998 G&L Legacy USA Guitar Swamp Ash Natural Finish \u00a0w/G&L Hard Case MINT"], "globalId": ["EBAY-US"], "primaryCategory": [{"categoryId": ["33034"], "categoryName": ["Electric Guitars"]}], "galleryURL": ["http://thumbs4.ebaystatic.com/m/m2sYh9jGss-io6M3EsyWSbA/140.jpg"], "viewItemURL": ["http://www.ebay.com/itm/1998-G-L-Legacy-USA-Guitar-Swamp-Ash-Natural-Finish-w-G-L-Hard-Case-MINT-/123598425587"], "paymentMethod": ["PayPal"], "autoPay": ["false"], "postalCode": ["95726"], "location": ["Pollock Pines,CA,USA"], "country": ["US"], "shippingInfo": [{"shippingServiceCost": [{"@currencyId": "USD", "__value__": "0.0"}], "shippingType": ["FreePickup"], "shipToLocations": ["Worldwide"], "expeditedShipping": ["false"], "oneDayShippingAvailable": ["false"], "handlingTime": ["2"]}], "sellingStatus": [{"currentPrice": [{"@currencyId": "USD", "__value__": "726.0"}], "convertedCurrentPrice": [{"@currencyId": "USD", "__value__": "726.0"}], "bidCount": ["26"], "sellingState": ["EndedWithSales"]}], "listingInfo": [{"bestOfferEnabled": ["false"], "buyItNowAvailable": ["false"], "startTime": ["2019-01-17T00:49:20.000Z"], "endTime": ["2019-01-24T00:49:20.000Z"], "listingType": ["Auction"], "gift": ["false"], "watchCount": ["57"]}], "returnsAccepted": ["true"], "condition": [{"conditionId": ["3000"], "conditionDisplayName": ["Used"]}], "isMultiVariationListing": ["false"], "pictureURLLarge": ["https://i.ebayimg.com/00/s/MTYwMFgxMDY0/z/E1wAAOSwMKxcP8ob/$_1.JPG"], "topRatedListing": ["false"]}