{"itemId": ["323658411681"], "title": ["Fender American Deluxe Stratocaster Electric Guitar American Deluxe Strat 50th"], "globalId": ["EBAY-US"], "primaryCategory": [{"categoryId": ["33034"], "categoryName": ["Electric Guitars"]}], "galleryURL": ["http://thumbs2.ebaystatic.com/m/mmGHVkcxbatbmbtkIokLX9Q/140.jpg"], "viewItemURL": ["http://www.ebay.com/itm/Fender-American-Deluxe-Stratocaster-Electric-Guitar-American-Deluxe-Strat-50th-/323658411681"], "productId": [{"@type": "ReferenceID", "__value__": "137089118"}], "paymentMethod": ["PayPal"], "autoPay": ["false"], "postalCode": ["19131"], "location": ["Philadelphia,PA,USA"], "country": ["US"], "shippingInfo": [{"shippingServiceCost": [{"@currencyId": "USD", "__value__": "0.0"}], "shippingType": ["FreePickup"], "shipToLocations": ["Worldwide"], "expeditedShipping": ["true"], "oneDayShippingAvailable": ["false"], "handlingTime": ["3"]}], "sellingStatus": [{"currentPrice": [{"@currencyId": "USD", "__value__": "900.0"}], "convertedCurrentPrice": [{"@currencyId": "USD", "__value__": "900.0"}], "bidCount": ["1"], "sellingState": ["EndedWithSales"]}], "listingInfo": [{"bestOfferEnabled": ["false"], "buyItNowAvailable": ["false"], "startTime": ["2019-01-20T16:57:21.000Z"], "endTime": ["2019-01-25T16:57:21.000Z"], "listingType": ["Auction"], "gift": ["false"], "watchCount": ["8"]}], "returnsAccepted": ["false"], "condition": [{"conditionId": ["3000"], "conditionDisplayName": ["Used"]}], "isMultiVariationListing": ["false"], "pictureURLLarge": ["https://i.ebayimg.com/00/s/MTYwMFgxMjAw/z/7cMAAOSwhrpcRKZK/$_1.JPG"], "topRatedListing": ["false"]}