{"itemId": ["273664496120"], "title": ["EPIPHONE INSPIRED BY \"1966\" CENTURY ARCHTOP WITH P-90"], "globalId": ["EBAY-US"], "primaryCategory": [{"categoryId": ["33034"], "categoryName": ["Electric Guitars"]}], "galleryURL": ["http://thumbs1.ebaystatic.com/m/m7bu0ZcfJoJkOv_8FRlyC2w/140.jpg"], "viewItemURL": ["http://www.ebay.com/itm/EPIPHONE-INSPIRED-1966-CENTURY-ARCHTOP-P-90-/273664496120"], "paymentMethod": ["PayPal"], "autoPay": ["true"], "postalCode": ["01608"], "location": ["Worcester,MA,USA"], "country": ["US"], "shippingInfo": [{"shippingServiceCost": [{"@currencyId": "USD", "__value__": "50.0"}], "shippingType": ["Flat"], "shipToLocations": ["Worldwide"], "expeditedShipping": ["false"], "oneDayShippingAvailable": ["false"], "handlingTime": ["3"]}], "sellingStatus": [{"currentPrice": [{"@currencyId": "USD", "__value__": "300.0"}], "convertedCurrentPrice": [{"@currencyId": "USD", "__value__": "300.0"}], "bidCount": ["1"], "sellingState": ["EndedWithSales"]}], "listingInfo": [{"bestOfferEnabled": ["false"], "buyItNowAvailable": ["false"], "startTime": ["2019-01-19T18:30:01.000Z"], "endTime": ["2019-01-26T18:30:01.000Z"], "listingType": ["Auction"], "gift": ["false"], "watchCount": ["14"]}], "returnsAccepted": ["false"], "condition": [{"conditionId": ["3000"], "conditionDisplayName": ["Used"]}], "isMultiVariationListing": ["false"], "pictureURLLarge": ["https://i.ebayimg.com/00/s/MTYwMFgxMjAw/z/7K8AAOSw2fRcQ2CF/$_1.JPG"], "topRatedListing": ["false"]}