{"itemId": ["223329028158"], "title": ["Gibson ES-339 Studio Guitar-Hollow Body"], "globalId": ["EBAY-US"], "primaryCategory": [{"categoryId": ["33034"], "categoryName": ["Electric Guitars"]}], "galleryURL": ["http://thumbs3.ebaystatic.com/m/mDfctIxieSS35GTVyEhOdAQ/140.jpg"], "viewItemURL": ["http://www.ebay.com/itm/Gibson-ES-339-Studio-Guitar-Hollow-Body-/223329028158"], "paymentMethod": ["PayPal"], "autoPay": ["false"], "postalCode": ["13069"], "location": ["Fulton,NY,USA"], "country": ["US"], "shippingInfo": [{"shippingServiceCost": [{"@currencyId": "USD", "__value__": "0.0"}], "shippingType": ["Free"], "shipToLocations": ["Worldwide"], "expeditedShipping": ["false"], "oneDayShippingAvailable": ["false"], "handlingTime": ["3"]}], "sellingStatus": [{"currentPrice": [{"@currencyId": "USD", "__value__": "900.0"}], "convertedCurrentPrice": [{"@currencyId": "USD", "__value__": "900.0"}], "bidCount": ["1"], "sellingState": ["EndedWithSales"]}], "listingInfo": [{"bestOfferEnabled": ["false"], "buyItNowAvailable": ["false"], "startTime": ["2019-01-17T00:48:56.000Z"], "endTime": ["2019-01-24T00:48:56.000Z"], "listingType": ["Auction"], "gift": ["false"], "watchCount": ["20"]}], "returnsAccepted": ["false"], "condition": [{"conditionId": ["3000"], "conditionDisplayName": ["Used"]}], "isMultiVariationListing": ["false"], "pictureURLLarge": ["https://i.ebayimg.com/00/s/MTYwMFgxMjAw/z/GpIAAOSw259cP8rg/$_1.JPG"], "topRatedListing": ["false"]}