{"itemId": ["333024819986"], "title": ["epiphone sg Custom tony iommi Lefty Left Handed"], "globalId": ["EBAY-US"], "primaryCategory": [{"categoryId": ["33034"], "categoryName": ["Electric Guitars"]}], "galleryURL": ["http://thumbs3.ebaystatic.com/m/mPHyTrY85WGMz47XJJ7HH3A/140.jpg"], "viewItemURL": ["http://www.ebay.com/itm/epiphone-sg-Custom-tony-iommi-Lefty-Left-Handed-/333024819986"], "paymentMethod": ["PayPal"], "autoPay": ["false"], "postalCode": ["44057"], "location": ["Madison,OH,USA"], "country": ["US"], "shippingInfo": [{"shippingServiceCost": [{"@currencyId": "USD", "__value__": "50.0"}], "shippingType": ["Flat"], "shipToLocations": ["Worldwide"], "expeditedShipping": ["true"], "oneDayShippingAvailable": ["false"], "handlingTime": ["3"]}], "sellingStatus": [{"currentPrice": [{"@currencyId": "USD", "__value__": "650.0"}], "convertedCurrentPrice": [{"@currencyId": "USD", "__value__": "650.0"}], "bidCount": ["1"], "sellingState": ["EndedWithSales"]}], "listingInfo": [{"bestOfferEnabled": ["false"], "buyItNowAvailable": ["false"], "startTime": ["2019-01-20T01:29:45.000Z"], "endTime": ["2019-01-25T01:29:45.000Z"], "listingType": ["Auction"], "gift": ["false"], "watchCount": ["3"]}], "returnsAccepted": ["false"], "condition": [{"conditionId": ["3000"], "conditionDisplayName": ["Used"]}], "isMultiVariationListing": ["false"], "pictureURLLarge": ["https://i.ebayimg.com/00/s/MTYwMFgxMjAw/z/2pkAAOSwf29cQ85E/$_1.JPG"], "topRatedListing": ["false"]}