{"itemId": ["254081211175"], "title": ["Paul Reed Smith SE Carlos Santana Standard w Original PRS GigBag"], "globalId": ["EBAY-US"], "primaryCategory": [{"categoryId": ["33034"], "categoryName": ["Electric Guitars"]}], "galleryURL": ["http://thumbs4.ebaystatic.com/m/mUgR8rcUaeqEISYwrtZFoXA/140.jpg"], "viewItemURL": ["http://www.ebay.com/itm/Paul-Reed-Smith-SE-Carlos-Santana-Standard-w-Original-PRS-GigBag-/254081211175"], "paymentMethod": ["PayPal"], "autoPay": ["false"], "postalCode": ["29069"], "location": ["Lamar,SC,USA"], "country": ["US"], "shippingInfo": [{"shippingServiceCost": [{"@currencyId": "USD", "__value__": "59.95"}], "shippingType": ["Flat"], "shipToLocations": ["Worldwide"], "expeditedShipping": ["false"], "oneDayShippingAvailable": ["false"], "handlingTime": ["2"]}], "sellingStatus": [{"currentPrice": [{"@currencyId": "USD", "__value__": "252.47"}], "convertedCurrentPrice": [{"@currencyId": "USD", "__value__": "252.47"}], "bidCount": ["25"], "sellingState": ["EndedWithSales"]}], "listingInfo": [{"bestOfferEnabled": ["false"], "buyItNowAvailable": ["false"], "startTime": ["2019-01-19T01:46:32.000Z"], "endTime": ["2019-01-26T01:46:32.000Z"], "listingType": ["Auction"], "gift": ["false"], "watchCount": ["44"]}], "returnsAccepted": ["false"], "condition": [{"conditionId": ["3000"], "conditionDisplayName": ["Used"]}], "isMultiVariationListing": ["false"], "pictureURLLarge": ["https://i.ebayimg.com/00/s/MTYwMFgxMjI4/z/qKIAAOSwIABcQndd/$_1.JPG"], "topRatedListing": ["false"]}