{"itemId": ["153348244413"], "title": ["FANTASTIC EARLY 1950'S ALL SOLID WOOD ARCH-TOP JAZZ GUITAR "], "globalId": ["EBAY-AU"], "primaryCategory": [{"categoryId": ["33034"], "categoryName": ["Electric Guitars"]}], "galleryURL": ["http://thumbs2.ebaystatic.com/m/mVDXQgkAb3t5LciXLhn886A/140.jpg"], "viewItemURL": ["http://www.ebay.com/itm/FANTASTIC-EARLY-1950S-ALL-SOLID-WOOD-ARCH-TOP-JAZZ-GUITAR-/153348244413"], "paymentMethod": ["PayPal"], "autoPay": ["false"], "postalCode": ["4560"], "location": ["Australia"], "country": ["AU"], "shippingInfo": [{"shippingServiceCost": [{"@currencyId": "USD", "__value__": "60.13"}], "shippingType": ["FlatDomesticCalculatedInternational"], "shipToLocations": ["Worldwide"], "expeditedShipping": ["false"], "oneDayShippingAvailable": ["false"], "handlingTime": ["5"]}], "sellingStatus": [{"currentPrice": [{"@currencyId": "AUD", "__value__": "390.0"}], "convertedCurrentPrice": [{"@currencyId": "USD", "__value__": "279.49"}], "bidCount": ["1"], "sellingState": ["EndedWithSales"]}], "listingInfo": [{"bestOfferEnabled": ["false"], "buyItNowAvailable": ["false"], "startTime": ["2019-01-21T20:57:22.000Z"], "endTime": ["2019-01-24T20:57:22.000Z"], "listingType": ["Auction"], "gift": ["false"], "watchCount": ["2"]}], "returnsAccepted": ["false"], "galleryPlusPictureURL": ["http://galleryplus.ebayimg.com/ws/web/153348244413_1_0_1.jpg"], "condition": [{"conditionId": ["3000"], "conditionDisplayName": ["Used"]}], "isMultiVariationListing": ["false"], "pictureURLLarge": ["https://i.ebayimg.com/00/s/MTYwMFgxMjAw/z/aWUAAOSwKM1b-1XR/$_1.JPG"], "topRatedListing": ["false"]}