{"itemId": ["372571263704"], "title": ["GRETSCH G2655T STREAMLINER CENTER BLOCK JR. SEMI-HOLLOW BIGSBY BROAD TRON GUITAR"], "globalId": ["EBAY-US"], "primaryCategory": [{"categoryId": ["33034"], "categoryName": ["Electric Guitars"]}], "galleryURL": ["http://thumbs1.ebaystatic.com/m/mRWeXEQsqSSkBgjzJ61xhzg/140.jpg"], "viewItemURL": ["http://www.ebay.com/itm/GRETSCH-G2655T-STREAMLINER-CENTER-BLOCK-JR-SEMI-HOLLOW-BIGSBY-BROAD-TRON-GUITAR-/372571263704"], "paymentMethod": ["PayPal"], "autoPay": ["false"], "postalCode": ["90601"], "location": ["Whittier,CA,USA"], "country": ["US"], "shippingInfo": [{"shippingType": ["Calculated"], "shipToLocations": ["Worldwide"], "expeditedShipping": ["true"], "oneDayShippingAvailable": ["false"], "handlingTime": ["1"]}], "sellingStatus": [{"currentPrice": [{"@currencyId": "USD", "__value__": "319.99"}], "convertedCurrentPrice": [{"@currencyId": "USD", "__value__": "319.99"}], "bidCount": ["2"], "sellingState": ["EndedWithSales"]}], "listingInfo": [{"bestOfferEnabled": ["false"], "buyItNowAvailable": ["false"], "startTime": ["2019-01-18T02:59:38.000Z"], "endTime": ["2019-01-25T02:59:38.000Z"], "listingType": ["Auction"], "gift": ["false"], "watchCount": ["11"]}], "returnsAccepted": ["true"], "condition": [{"conditionId": ["3000"], "conditionDisplayName": ["Used"]}], "isMultiVariationListing": ["false"], "pictureURLLarge": ["https://i.ebayimg.com/00/s/MTAyNFgzNDU=/z/4s0AAOSwcOZcQUEb/$_1.JPG"], "topRatedListing": ["false"]}