{"itemId": ["283344881217"], "title": ["Fender Classic Series '50s Telecaster  2000 White Blonde"], "globalId": ["EBAY-US"], "primaryCategory": [{"categoryId": ["33034"], "categoryName": ["Electric Guitars"]}], "galleryURL": ["http://thumbs2.ebaystatic.com/m/mzOeusVOl36MB2gmE9H1W3w/140.jpg"], "viewItemURL": ["http://www.ebay.com/itm/Fender-Classic-Series-50s-Telecaster-2000-White-Blonde-/283344881217"], "paymentMethod": ["PayPal"], "autoPay": ["false"], "postalCode": ["24572"], "location": ["Madison Heights,VA,USA"], "country": ["US"], "shippingInfo": [{"shippingServiceCost": [{"@currencyId": "USD", "__value__": "45.0"}], "shippingType": ["Flat"], "shipToLocations": ["Worldwide"], "expeditedShipping": ["false"], "oneDayShippingAvailable": ["false"], "handlingTime": ["3"]}], "sellingStatus": [{"currentPrice": [{"@currencyId": "USD", "__value__": "385.0"}], "convertedCurrentPrice": [{"@currencyId": "USD", "__value__": "385.0"}], "bidCount": ["40"], "sellingState": ["EndedWithSales"]}], "listingInfo": [{"bestOfferEnabled": ["false"], "buyItNowAvailable": ["false"], "startTime": ["2019-01-19T09:20:01.000Z"], "endTime": ["2019-01-24T09:20:01.000Z"], "listingType": ["Auction"], "gift": ["false"], "watchCount": ["71"]}], "returnsAccepted": ["true"], "condition": [{"conditionId": ["3000"], "conditionDisplayName": ["Used"]}], "isMultiVariationListing": ["false"], "pictureURLLarge": ["https://i.ebayimg.com/00/s/MTYwMFgxMjAw/z/LpcAAOSwJ4hcQub2/$_1.JPG"], "topRatedListing": ["false"]}