{"itemId": ["192796911851"], "title": ["Charvel San Dimas Pro Mod FR Style 1 HH (upgraded!) No Reserve!"], "globalId": ["EBAY-US"], "primaryCategory": [{"categoryId": ["33034"], "categoryName": ["Electric Guitars"]}], "galleryURL": ["http://thumbs4.ebaystatic.com/m/mRCT8bCEDA01Wr37nCfpEmg/140.jpg"], "viewItemURL": ["http://www.ebay.com/itm/Charvel-San-Dimas-Pro-Mod-FR-Style-1-HH-upgraded-No-Reserve-/192796911851"], "paymentMethod": ["PayPal"], "autoPay": ["false"], "postalCode": ["70737"], "location": ["Gonzales,LA,USA"], "country": ["US"], "shippingInfo": [{"shippingServiceCost": [{"@currencyId": "USD", "__value__": "60.0"}], "shippingType": ["Flat"], "shipToLocations": ["Worldwide"], "expeditedShipping": ["false"], "oneDayShippingAvailable": ["false"], "handlingTime": ["3"]}], "sellingStatus": [{"currentPrice": [{"@currencyId": "USD", "__value__": "350.0"}], "convertedCurrentPrice": [{"@currencyId": "USD", "__value__": "350.0"}], "bidCount": ["7"], "sellingState": ["EndedWithSales"]}], "listingInfo": [{"bestOfferEnabled": ["false"], "buyItNowAvailable": ["false"], "startTime": ["2019-01-19T23:32:06.000Z"], "endTime": ["2019-01-24T23:32:06.000Z"], "listingType": ["Auction"], "gift": ["false"], "watchCount": ["46"]}], "returnsAccepted": ["false"], "condition": [{"conditionId": ["3000"], "conditionDisplayName": ["Used"]}], "isMultiVariationListing": ["false"], "pictureURLLarge": ["https://i.ebayimg.com/00/s/MTU5OVgxMTE3/z/J2UAAOSwpppcQ6yx/$_1.JPG"], "topRatedListing": ["false"]}