{"itemId": ["273672846025"], "title": ["RARE HAGSTROM Impala Guitar, Made in Sweden in 1966-67"], "globalId": ["EBAY-US"], "primaryCategory": [{"categoryId": ["33034"], "categoryName": ["Electric Guitars"]}], "galleryURL": ["http://thumbs2.ebaystatic.com/m/mpukxWdpkzJ_HmPHUKD-hgQ/140.jpg"], "viewItemURL": ["http://www.ebay.com/itm/RARE-HAGSTROM-Impala-Guitar-Made-Sweden-1966-67-/273672846025"], "paymentMethod": ["PayPal"], "autoPay": ["true"], "postalCode": ["76210"], "location": ["Denton,TX,USA"], "country": ["US"], "shippingInfo": [{"shippingType": ["Calculated"], "shipToLocations": ["Worldwide"], "expeditedShipping": ["false"], "oneDayShippingAvailable": ["false"], "handlingTime": ["3"]}], "sellingStatus": [{"currentPrice": [{"@currencyId": "USD", "__value__": "995.0"}], "convertedCurrentPrice": [{"@currencyId": "USD", "__value__": "995.0"}], "bidCount": ["1"], "sellingState": ["EndedWithSales"]}], "listingInfo": [{"bestOfferEnabled": ["false"], "buyItNowAvailable": ["false"], "startTime": ["2019-01-26T00:51:20.000Z"], "endTime": ["2019-01-26T01:29:54.000Z"], "listingType": ["Auction"], "gift": ["false"], "watchCount": ["2"]}], "returnsAccepted": ["false"], "condition": [{"conditionId": ["3000"], "conditionDisplayName": ["Used"]}], "isMultiVariationListing": ["false"], "pictureURLLarge": ["https://i.ebayimg.com/00/s/MTE4OVgxMjAy/z/RNwAAOSwyn1cS6du/$_1.JPG"], "topRatedListing": ["false"]}