{"itemId": ["362534913767"], "title": ["Gibson Flying V Electric Guitar 2011 in CASE # BAFVCHCHI w/ Papers MINT 4 String"], "globalId": ["EBAY-US"], "primaryCategory": [{"categoryId": ["33034"], "categoryName": ["Electric Guitars"]}], "galleryURL": ["http://thumbs4.ebaystatic.com/m/mu9tGOZfzysnU53LMO499Vg/140.jpg"], "viewItemURL": ["http://www.ebay.com/itm/Gibson-Flying-V-Electric-Guitar-2011-CASE-BAFVCHCHI-w-Papers-MINT-4-String-/362534913767"], "paymentMethod": ["PayPal"], "autoPay": ["false"], "postalCode": ["45405"], "location": ["Dayton,OH,USA"], "country": ["US"], "shippingInfo": [{"shippingType": ["Calculated"], "shipToLocations": ["Worldwide"], "expeditedShipping": ["true"], "oneDayShippingAvailable": ["false"], "handlingTime": ["1"]}], "sellingStatus": [{"currentPrice": [{"@currencyId": "USD", "__value__": "835.5"}], "convertedCurrentPrice": [{"@currencyId": "USD", "__value__": "835.5"}], "bidCount": ["6"], "sellingState": ["EndedWithSales"]}], "listingInfo": [{"bestOfferEnabled": ["false"], "buyItNowAvailable": ["false"], "startTime": ["2019-01-17T03:00:47.000Z"], "endTime": ["2019-01-24T03:00:47.000Z"], "listingType": ["Auction"], "gift": ["false"], "watchCount": ["23"]}], "returnsAccepted": ["true"], "condition": [{"conditionId": ["3000"], "conditionDisplayName": ["Used"]}], "isMultiVariationListing": ["false"], "pictureURLLarge": ["https://i.ebayimg.com/00/s/OTA4WDE0MzU=/z/frMAAOSwLnRcP2Zv/$_1.JPG"], "topRatedListing": ["false"]}