{"itemId": ["132920974750"], "title": ["PRS Silver Sky with hard case"], "globalId": ["EBAY-US"], "primaryCategory": [{"categoryId": ["33034"], "categoryName": ["Electric Guitars"]}], "galleryURL": ["http://thumbs3.ebaystatic.com/m/mO-lH1amvbRO1zj1tRfM0-A/140.jpg"], "viewItemURL": ["http://www.ebay.com/itm/PRS-Silver-Sky-hard-case-/132920974750"], "paymentMethod": ["PayPal"], "autoPay": ["false"], "postalCode": ["12305"], "location": ["Schenectady,NY,USA"], "country": ["US"], "shippingInfo": [{"shippingServiceCost": [{"@currencyId": "USD", "__value__": "74.0"}], "shippingType": ["Flat"], "shipToLocations": ["Worldwide"], "expeditedShipping": ["false"], "oneDayShippingAvailable": ["false"], "handlingTime": ["3"]}], "sellingStatus": [{"currentPrice": [{"@currencyId": "USD", "__value__": "1575.0"}], "convertedCurrentPrice": [{"@currencyId": "USD", "__value__": "1575.0"}], "bidCount": ["4"], "sellingState": ["EndedWithSales"]}], "listingInfo": [{"bestOfferEnabled": ["false"], "buyItNowAvailable": ["false"], "startTime": ["2019-01-17T00:13:10.000Z"], "endTime": ["2019-01-24T00:13:10.000Z"], "listingType": ["Auction"], "gift": ["false"], "watchCount": ["44"]}], "returnsAccepted": ["false"], "condition": [{"conditionId": ["3000"], "conditionDisplayName": ["Used"]}], "isMultiVariationListing": ["false"], "pictureURLLarge": ["https://i.ebayimg.com/00/s/MTYwMFgxMjAw/z/1gsAAOSwvytcPT7f/$_1.JPG"], "topRatedListing": ["false"]}