{"itemId": ["254074283212"], "title": ["AUTOGRAPHED TOM DELONGE FENDER STRATOCASTER W/ CASE! STRAT BLINK 182 SIGNED RARE"], "globalId": ["EBAY-US"], "primaryCategory": [{"categoryId": ["33034"], "categoryName": ["Electric Guitars"]}], "galleryURL": ["http://thumbs1.ebaystatic.com/m/mm6wup4yO6GDRMIoT8bW8qg/140.jpg"], "viewItemURL": ["http://www.ebay.com/itm/AUTOGRAPHED-TOM-DELONGE-FENDER-STRATOCASTER-W-CASE-STRAT-BLINK-182-SIGNED-RARE-/254074283212"], "paymentMethod": ["PayPal"], "autoPay": ["false"], "postalCode": ["35749"], "location": ["Harvest,AL,USA"], "country": ["US"], "shippingInfo": [{"shippingServiceCost": [{"@currencyId": "USD", "__value__": "0.0"}], "shippingType": ["Free"], "shipToLocations": ["Worldwide"], "expeditedShipping": ["false"], "oneDayShippingAvailable": ["false"], "handlingTime": ["3"]}], "sellingStatus": [{"currentPrice": [{"@currencyId": "USD", "__value__": "710.0"}], "convertedCurrentPrice": [{"@currencyId": "USD", "__value__": "710.0"}], "bidCount": ["23"], "sellingState": ["EndedWithSales"]}], "listingInfo": [{"bestOfferEnabled": ["false"], "buyItNowAvailable": ["false"], "startTime": ["2019-01-15T21:45:15.000Z"], "endTime": ["2019-01-25T21:45:15.000Z"], "listingType": ["Auction"], "gift": ["false"], "watchCount": ["21"]}], "returnsAccepted": ["false"], "condition": [{"conditionId": ["3000"], "conditionDisplayName": ["Used"]}], "isMultiVariationListing": ["false"], "pictureURLLarge": ["https://i.ebayimg.com/00/s/OTAwWDE2MDA=/z/7nwAAOSwsqdcPkO1/$_1.JPG"], "topRatedListing": ["false"]}