{"itemId": ["183641150509"], "title": ["Paul Reed Smith PRS 2013 SC245 Artist Package Bonnie Pink"], "globalId": ["EBAY-US"], "primaryCategory": [{"categoryId": ["33034"], "categoryName": ["Electric Guitars"]}], "galleryURL": ["http://thumbs2.ebaystatic.com/m/mKn1aG5IySYcMxuKQz9HZYQ/140.jpg"], "viewItemURL": ["http://www.ebay.com/itm/Paul-Reed-Smith-PRS-2013-SC245-Artist-Package-Bonnie-Pink-/183641150509"], "paymentMethod": ["PayPal"], "autoPay": ["false"], "postalCode": ["97123"], "location": ["Hillsboro,OR,USA"], "country": ["US"], "shippingInfo": [{"shippingServiceCost": [{"@currencyId": "USD", "__value__": "50.0"}], "shippingType": ["Flat"], "shipToLocations": ["Worldwide"], "expeditedShipping": ["false"], "oneDayShippingAvailable": ["false"], "handlingTime": ["3"]}], "sellingStatus": [{"currentPrice": [{"@currencyId": "USD", "__value__": "2658.0"}], "convertedCurrentPrice": [{"@currencyId": "USD", "__value__": "2658.0"}], "bidCount": ["18"], "sellingState": ["EndedWithSales"]}], "listingInfo": [{"bestOfferEnabled": ["false"], "buyItNowAvailable": ["false"], "startTime": ["2019-01-17T22:22:28.000Z"], "endTime": ["2019-01-24T22:22:28.000Z"], "listingType": ["Auction"], "gift": ["false"], "watchCount": ["12"]}], "returnsAccepted": ["false"], "condition": [{"conditionId": ["3000"], "conditionDisplayName": ["Used"]}], "isMultiVariationListing": ["false"], "pictureURLLarge": ["https://i.ebayimg.com/00/s/MTU5OVg3MTk=/z/s68AAOSwa1hcQPsU/$_1.JPG"], "topRatedListing": ["false"]}