{"itemId": ["183640905584"], "title": ["2019 epiphone les Paul prophecy plus"], "globalId": ["EBAY-US"], "subtitle": ["Les Paul guitar"], "primaryCategory": [{"categoryId": ["33034"], "categoryName": ["Electric Guitars"]}], "galleryURL": ["http://thumbs1.ebaystatic.com/m/mSkdS6RpSf4IW-DLv7PvZRQ/140.jpg"], "viewItemURL": ["http://www.ebay.com/itm/2019-epiphone-les-Paul-prophecy-plus-/183640905584"], "paymentMethod": ["PayPal"], "autoPay": ["true"], "postalCode": ["95406"], "location": ["Santa Rosa,CA,USA"], "country": ["US"], "shippingInfo": [{"shippingServiceCost": [{"@currencyId": "USD", "__value__": "35.0"}], "shippingType": ["Flat"], "shipToLocations": ["Worldwide"], "expeditedShipping": ["false"], "oneDayShippingAvailable": ["false"], "handlingTime": ["2"]}], "sellingStatus": [{"currentPrice": [{"@currencyId": "USD", "__value__": "365.0"}], "convertedCurrentPrice": [{"@currencyId": "USD", "__value__": "365.0"}], "bidCount": ["35"], "sellingState": ["EndedWithSales"]}], "listingInfo": [{"bestOfferEnabled": ["false"], "buyItNowAvailable": ["false"], "startTime": ["2019-01-17T20:00:01.000Z"], "endTime": ["2019-01-24T20:00:01.000Z"], "listingType": ["Auction"], "gift": ["false"], "watchCount": ["26"]}], "returnsAccepted": ["false"], "condition": [{"conditionId": ["3000"], "conditionDisplayName": ["Used"]}], "isMultiVariationListing": ["false"], "pictureURLLarge": ["https://i.ebayimg.com/00/s/OTYwWDcyMA==/z/1AcAAOSwnKFcQBQM/$_1.JPG"], "topRatedListing": ["false"]}