{"itemId": ["143097988691"], "title": ["EVH Wolfgang Standard, No Case"], "globalId": ["EBAY-US"], "primaryCategory": [{"categoryId": ["33034"], "categoryName": ["Electric Guitars"]}], "galleryURL": ["http://thumbs4.ebaystatic.com/m/mlJxqkanFI8Jmm2n9P5F5Cw/140.jpg"], "viewItemURL": ["http://www.ebay.com/itm/EVH-Wolfgang-Standard-No-Case-/143097988691"], "paymentMethod": ["PayPal"], "autoPay": ["false"], "postalCode": ["30014"], "location": ["Covington,GA,USA"], "country": ["US"], "shippingInfo": [{"shippingServiceCost": [{"@currencyId": "USD", "__value__": "0.0"}], "shippingType": ["FreePickup"], "shipToLocations": ["Worldwide"], "expeditedShipping": ["true"], "oneDayShippingAvailable": ["false"], "handlingTime": ["1"]}], "sellingStatus": [{"currentPrice": [{"@currencyId": "USD", "__value__": "295.0"}], "convertedCurrentPrice": [{"@currencyId": "USD", "__value__": "295.0"}], "bidCount": ["1"], "sellingState": ["EndedWithSales"]}], "listingInfo": [{"bestOfferEnabled": ["false"], "buyItNowAvailable": ["false"], "startTime": ["2019-01-20T20:22:36.000Z"], "endTime": ["2019-01-24T03:44:42.000Z"], "listingType": ["Auction"], "gift": ["false"], "watchCount": ["2"]}], "returnsAccepted": ["false"], "condition": [{"conditionId": ["3000"], "conditionDisplayName": ["Used"]}], "isMultiVariationListing": ["false"], "pictureURLLarge": ["https://i.ebayimg.com/00/s/MTYwMFgxMjAw/z/snoAAOSwC~9cBIPR/$_1.JPG"], "topRatedListing": ["false"]}