{"itemId": ["323656711714"], "title": ["Gretsch 6120 Jr2 junior Jr-2 Guitar 2004 Near Mint"], "globalId": ["EBAY-US"], "primaryCategory": [{"categoryId": ["33034"], "categoryName": ["Electric Guitars"]}], "galleryURL": ["http://thumbs3.ebaystatic.com/m/mORHXI3v9J4YSOXcXGoFBGw/140.jpg"], "viewItemURL": ["http://www.ebay.com/itm/Gretsch-6120-Jr2-junior-Jr-2-Guitar-2004-Near-Mint-/323656711714"], "paymentMethod": ["PayPal"], "autoPay": ["false"], "postalCode": ["28211"], "location": ["Charlotte,NC,USA"], "country": ["US"], "shippingInfo": [{"shippingServiceCost": [{"@currencyId": "USD", "__value__": "45.0"}], "shippingType": ["Flat"], "shipToLocations": ["Worldwide"], "expeditedShipping": ["false"], "oneDayShippingAvailable": ["false"], "handlingTime": ["3"]}], "sellingStatus": [{"currentPrice": [{"@currencyId": "USD", "__value__": "1350.0"}], "convertedCurrentPrice": [{"@currencyId": "USD", "__value__": "1350.0"}], "bidCount": ["5"], "sellingState": ["EndedWithSales"]}], "listingInfo": [{"bestOfferEnabled": ["false"], "buyItNowAvailable": ["false"], "startTime": ["2019-01-19T13:28:46.000Z"], "endTime": ["2019-01-24T13:28:46.000Z"], "listingType": ["Auction"], "gift": ["false"], "watchCount": ["9"]}], "returnsAccepted": ["false"], "condition": [{"conditionId": ["3000"], "conditionDisplayName": ["Used"]}], "isMultiVariationListing": ["false"], "pictureURLLarge": ["https://i.ebayimg.com/00/s/MTYwMFgxMjAw/z/FlwAAOSw5wFcNfVv/$_1.JPG"], "topRatedListing": ["false"]}