{"itemId": ["323653652705"], "title": ["Fender Modern Player Telecaster w/ Seymour Duncan Phat Cat P90 Pickup"], "globalId": ["EBAY-US"], "primaryCategory": [{"categoryId": ["33034"], "categoryName": ["Electric Guitars"]}], "galleryURL": ["http://thumbs2.ebaystatic.com/m/mEVFr7bX1I9z1jNrx0yGFKw/140.jpg"], "viewItemURL": ["http://www.ebay.com/itm/Fender-Modern-Player-Telecaster-w-Seymour-Duncan-Phat-Cat-P90-Pickup-/323653652705"], "paymentMethod": ["PayPal"], "autoPay": ["true"], "postalCode": ["63841"], "location": ["Dexter,MO,USA"], "country": ["US"], "shippingInfo": [{"shippingServiceCost": [{"@currencyId": "USD", "__value__": "50.0"}], "shippingType": ["Flat"], "shipToLocations": ["Worldwide"], "expeditedShipping": ["false"], "oneDayShippingAvailable": ["false"], "handlingTime": ["3"]}], "sellingStatus": [{"currentPrice": [{"@currencyId": "USD", "__value__": "365.0"}], "convertedCurrentPrice": [{"@currencyId": "USD", "__value__": "365.0"}], "bidCount": ["31"], "sellingState": ["EndedWithSales"]}], "listingInfo": [{"bestOfferEnabled": ["false"], "buyItNowAvailable": ["false"], "startTime": ["2019-01-17T14:21:45.000Z"], "endTime": ["2019-01-24T14:21:45.000Z"], "listingType": ["Auction"], "gift": ["false"], "watchCount": ["44"]}], "returnsAccepted": ["false"], "condition": [{"conditionId": ["3000"], "conditionDisplayName": ["Used"]}], "isMultiVariationListing": ["false"], "pictureURLLarge": ["https://i.ebayimg.com/00/s/MTYwMFgxMjAw/z/JpoAAOSwFGNcQI3i/$_1.JPG"], "topRatedListing": ["false"]}