{"itemId": ["352575518558"], "title": ["Fender Foto-Flame Nashville Telecaster  Japan Made  Cherry Sunburst Flame NO RES"], "globalId": ["EBAY-US"], "primaryCategory": [{"categoryId": ["33034"], "categoryName": ["Electric Guitars"]}], "galleryURL": ["http://thumbs3.ebaystatic.com/m/mUUGYw51wt5m9cIh1voNVlw/140.jpg"], "viewItemURL": ["http://www.ebay.com/itm/Fender-Foto-Flame-Nashville-Telecaster-Japan-Made-Cherry-Sunburst-Flame-NO-RES-/352575518558"], "paymentMethod": ["PayPal"], "autoPay": ["false"], "postalCode": ["53713"], "location": ["Madison,WI,USA"], "country": ["US"], "shippingInfo": [{"shippingServiceCost": [{"@currencyId": "USD", "__value__": "40.0"}], "shippingType": ["Flat"], "shipToLocations": ["Worldwide"], "expeditedShipping": ["false"], "oneDayShippingAvailable": ["false"], "handlingTime": ["3"]}], "sellingStatus": [{"currentPrice": [{"@currencyId": "USD", "__value__": "393.0"}], "convertedCurrentPrice": [{"@currencyId": "USD", "__value__": "393.0"}], "bidCount": ["38"], "sellingState": ["EndedWithSales"]}], "listingInfo": [{"bestOfferEnabled": ["false"], "buyItNowAvailable": ["false"], "startTime": ["2019-01-23T01:00:15.000Z"], "endTime": ["2019-01-26T01:00:15.000Z"], "listingType": ["Auction"], "gift": ["false"], "watchCount": ["69"]}], "returnsAccepted": ["false"], "condition": [{"conditionId": ["3000"], "conditionDisplayName": ["Used"]}], "isMultiVariationListing": ["false"], "pictureURLLarge": ["https://i.ebayimg.com/00/s/MTIwMFgxNjAw/z/G-cAAOSwHjtb~Ga-/$_1.JPG"], "topRatedListing": ["false"]}