{"itemId": ["143093452710"], "title": ["Black Agile 3000 electric guitar DiMarzio Super Distortion Super 2 pickups"], "globalId": ["EBAY-US"], "primaryCategory": [{"categoryId": ["33034"], "categoryName": ["Electric Guitars"]}], "galleryURL": ["http://thumbs3.ebaystatic.com/m/mV4hcoMKsIhnyGeFmg397Rg/140.jpg"], "viewItemURL": ["http://www.ebay.com/itm/Black-Agile-3000-electric-guitar-DiMarzio-Super-Distortion-Super-2-pickups-/143093452710"], "paymentMethod": ["PayPal"], "autoPay": ["true"], "postalCode": ["10301"], "location": ["Staten Island,NY,USA"], "country": ["US"], "shippingInfo": [{"shippingServiceCost": [{"@currencyId": "USD", "__value__": "0.0"}], "shippingType": ["FreePickup"], "shipToLocations": ["Worldwide"], "expeditedShipping": ["false"], "oneDayShippingAvailable": ["false"], "handlingTime": ["3"]}], "sellingStatus": [{"currentPrice": [{"@currencyId": "USD", "__value__": "295.0"}], "convertedCurrentPrice": [{"@currencyId": "USD", "__value__": "295.0"}], "bidCount": ["1"], "sellingState": ["EndedWithSales"]}], "listingInfo": [{"bestOfferEnabled": ["false"], "buyItNowAvailable": ["false"], "startTime": ["2019-01-17T03:25:33.000Z"], "endTime": ["2019-01-24T03:25:33.000Z"], "listingType": ["Auction"], "gift": ["false"], "watchCount": ["1"]}], "returnsAccepted": ["false"], "condition": [{"conditionId": ["3000"], "conditionDisplayName": ["Used"]}], "isMultiVariationListing": ["false"], "pictureURLLarge": ["https://i.ebayimg.com/00/s/ODAwWDYwMA==/z/rKwAAOSwLj9ZeeQT/$_1.JPG"], "topRatedListing": ["false"]}