{"itemId": ["233102419676"], "title": ["burns of london marquee, near mint! 2002"], "globalId": ["EBAY-US"], "subtitle": ["excellent condition , for player or collector"], "primaryCategory": [{"categoryId": ["33034"], "categoryName": ["Electric Guitars"]}], "galleryURL": ["http://thumbs1.ebaystatic.com/m/m5dXOKnI3aWuAmLuG8-KqRg/140.jpg"], "viewItemURL": ["http://www.ebay.com/itm/burns-london-marquee-near-mint-2002-/233102419676"], "paymentMethod": ["PayPal"], "autoPay": ["false"], "postalCode": ["98382"], "location": ["Sequim,WA,USA"], "country": ["US"], "shippingInfo": [{"shippingType": ["Calculated"], "shipToLocations": ["Worldwide"], "expeditedShipping": ["false"], "oneDayShippingAvailable": ["false"], "handlingTime": ["1"]}], "sellingStatus": [{"currentPrice": [{"@currencyId": "USD", "__value__": "325.0"}], "convertedCurrentPrice": [{"@currencyId": "USD", "__value__": "325.0"}], "bidCount": ["1"], "sellingState": ["EndedWithSales"]}], "listingInfo": [{"bestOfferEnabled": ["false"], "buyItNowAvailable": ["false"], "startTime": ["2019-01-20T15:52:24.000Z"], "endTime": ["2019-01-25T15:52:24.000Z"], "listingType": ["Auction"], "gift": ["false"], "watchCount": ["7"]}], "returnsAccepted": ["false"], "condition": [{"conditionId": ["3000"], "conditionDisplayName": ["Used"]}], "isMultiVariationListing": ["false"], "pictureURLLarge": ["https://i.ebayimg.com/00/s/MTIwMFgxNjAw/z/JlkAAOSwy3JcNPoa/$_1.JPG"], "topRatedListing": ["false"]}