{"itemId": ["113580910293"], "title": ["fender stratocaster mexico Electric Guitar"], "globalId": ["EBAY-US"], "primaryCategory": [{"categoryId": ["33034"], "categoryName": ["Electric Guitars"]}], "galleryURL": ["http://thumbs2.ebaystatic.com/m/mAJUdjyli340UMY1o39ZFtA/140.jpg"], "viewItemURL": ["http://www.ebay.com/itm/fender-stratocaster-mexico-Electric-Guitar-/113580910293"], "paymentMethod": ["PayPal"], "autoPay": ["false"], "postalCode": ["24089"], "location": ["Fieldale,VA,USA"], "country": ["US"], "shippingInfo": [{"shippingType": ["Calculated"], "shipToLocations": ["Worldwide"], "expeditedShipping": ["true"], "oneDayShippingAvailable": ["false"], "handlingTime": ["3"]}], "sellingStatus": [{"currentPrice": [{"@currencyId": "USD", "__value__": "360.0"}], "convertedCurrentPrice": [{"@currencyId": "USD", "__value__": "360.0"}], "bidCount": ["36"], "sellingState": ["EndedWithSales"]}], "listingInfo": [{"bestOfferEnabled": ["false"], "buyItNowAvailable": ["false"], "startTime": ["2019-01-20T22:46:51.000Z"], "endTime": ["2019-01-25T22:46:51.000Z"], "listingType": ["Auction"], "gift": ["false"], "watchCount": ["60"]}], "returnsAccepted": ["true"], "condition": [{"conditionId": ["3000"], "conditionDisplayName": ["Used"]}], "isMultiVariationListing": ["false"], "pictureURLLarge": ["https://i.ebayimg.com/00/s/MTYwMFgxMjAw/z/d4MAAOSw5wFcRPhq/$_1.JPG"], "topRatedListing": ["false"]}