{"itemId": ["303032248825"], "title": ["Jerry Jones Baby Sitar Red Crackle"], "globalId": ["EBAY-US"], "primaryCategory": [{"categoryId": ["33034"], "categoryName": ["Electric Guitars"]}], "galleryURL": ["http://thumbs2.ebaystatic.com/m/mWNQpiCXOXLpIk6SNQ4NdUQ/140.jpg"], "viewItemURL": ["http://www.ebay.com/itm/Jerry-Jones-Baby-Sitar-Red-Crackle-/303032248825"], "paymentMethod": ["PayPal"], "autoPay": ["false"], "postalCode": ["19809"], "location": ["Wilmington,DE,USA"], "country": ["US"], "shippingInfo": [{"shippingServiceCost": [{"@currencyId": "USD", "__value__": "50.0"}], "shippingType": ["Flat"], "shipToLocations": ["Worldwide"], "expeditedShipping": ["false"], "oneDayShippingAvailable": ["false"], "handlingTime": ["3"]}], "sellingStatus": [{"currentPrice": [{"@currencyId": "USD", "__value__": "577.77"}], "convertedCurrentPrice": [{"@currencyId": "USD", "__value__": "577.77"}], "bidCount": ["4"], "sellingState": ["EndedWithSales"]}], "listingInfo": [{"bestOfferEnabled": ["false"], "buyItNowAvailable": ["false"], "startTime": ["2019-01-17T02:38:28.000Z"], "endTime": ["2019-01-24T02:38:28.000Z"], "listingType": ["Auction"], "gift": ["false"], "watchCount": ["8"]}], "returnsAccepted": ["true"], "condition": [{"conditionId": ["3000"], "conditionDisplayName": ["Used"]}], "isMultiVariationListing": ["false"], "pictureURLLarge": ["https://i.ebayimg.com/00/s/MTYwMFgxMjAw/z/-qMAAOSwGD1cJXyj/$_1.JPG"], "topRatedListing": ["false"]}