{"itemId": ["153344578245"], "title": ["Kirk Hammett ESP LTD \u2018The Mummy\u2019"], "globalId": ["EBAY-US"], "primaryCategory": [{"categoryId": ["33034"], "categoryName": ["Electric Guitars"]}], "galleryURL": ["http://thumbs2.ebaystatic.com/m/mqHE9qgx-MRAP2gLvjdG7gA/140.jpg"], "viewItemURL": ["http://www.ebay.com/itm/Kirk-Hammett-ESP-LTD-The-Mummy-/153344578245"], "paymentMethod": ["PayPal"], "autoPay": ["true"], "postalCode": ["44654"], "location": ["Millersburg,OH,USA"], "country": ["US"], "shippingInfo": [{"shippingServiceCost": [{"@currencyId": "USD", "__value__": "30.0"}], "shippingType": ["Flat"], "shipToLocations": ["Worldwide"], "expeditedShipping": ["false"], "oneDayShippingAvailable": ["false"], "handlingTime": ["3"]}], "sellingStatus": [{"currentPrice": [{"@currencyId": "USD", "__value__": "536.99"}], "convertedCurrentPrice": [{"@currencyId": "USD", "__value__": "536.99"}], "bidCount": ["11"], "sellingState": ["EndedWithSales"]}], "listingInfo": [{"bestOfferEnabled": ["false"], "buyItNowAvailable": ["false"], "startTime": ["2019-01-18T20:34:44.000Z"], "endTime": ["2019-01-25T20:34:44.000Z"], "listingType": ["Auction"], "gift": ["false"], "watchCount": ["25"]}], "returnsAccepted": ["false"], "condition": [{"conditionId": ["3000"], "conditionDisplayName": ["Used"]}], "isMultiVariationListing": ["false"], "pictureURLLarge": ["https://i.ebayimg.com/00/s/MTYwMFgxMjAw/z/ViYAAOSwwZVcQjfh/$_1.JPG"], "topRatedListing": ["false"]}