{"itemId": ["292923885332"], "title": ["2007 PRS Paul Reed Smith Custom 24"], "globalId": ["EBAY-US"], "primaryCategory": [{"categoryId": ["33034"], "categoryName": ["Electric Guitars"]}], "galleryURL": ["http://thumbs1.ebaystatic.com/m/mW4FKoFaIQuGWSboubUsPZA/140.jpg"], "viewItemURL": ["http://www.ebay.com/itm/2007-PRS-Paul-Reed-Smith-Custom-24-/292923885332"], "paymentMethod": ["PayPal"], "autoPay": ["false"], "postalCode": ["95678"], "location": ["Roseville,CA,USA"], "country": ["US"], "shippingInfo": [{"shippingServiceCost": [{"@currencyId": "USD", "__value__": "0.0"}], "shippingType": ["FreePickup"], "shipToLocations": ["Worldwide"], "expeditedShipping": ["false"], "oneDayShippingAvailable": ["false"], "handlingTime": ["2"]}], "sellingStatus": [{"currentPrice": [{"@currencyId": "USD", "__value__": "1199.99"}], "convertedCurrentPrice": [{"@currencyId": "USD", "__value__": "1199.99"}], "bidCount": ["1"], "sellingState": ["EndedWithSales"]}], "listingInfo": [{"bestOfferEnabled": ["false"], "buyItNowAvailable": ["false"], "startTime": ["2019-01-18T04:41:33.000Z"], "endTime": ["2019-01-25T04:41:33.000Z"], "listingType": ["Auction"], "gift": ["false"], "watchCount": ["24"]}], "returnsAccepted": ["false"], "condition": [{"conditionId": ["3000"], "conditionDisplayName": ["Used"]}], "isMultiVariationListing": ["false"], "pictureURLLarge": ["https://i.ebayimg.com/00/s/MTYwMFgxMDY2/z/ZmkAAOSwZupcQTSp/$_1.JPG"], "topRatedListing": ["false"]}