{"itemId": ["183640737964"], "title": ["2011  Gibson Les Paul Deluxe  Made In The USA w/Gibson Hardcase"], "globalId": ["EBAY-US"], "primaryCategory": [{"categoryId": ["33034"], "categoryName": ["Electric Guitars"]}], "galleryURL": ["http://thumbs1.ebaystatic.com/m/moohe_56QmOhMrKP7y48HkQ/140.jpg"], "viewItemURL": ["http://www.ebay.com/itm/2011-Gibson-Les-Paul-Deluxe-Made-USA-w-Gibson-Hardcase-/183640737964"], "paymentMethod": ["PayPal"], "autoPay": ["false"], "postalCode": ["98503"], "location": ["Lacey,WA,USA"], "country": ["US"], "shippingInfo": [{"shippingServiceCost": [{"@currencyId": "USD", "__value__": "0.0"}], "shippingType": ["Free"], "shipToLocations": ["Worldwide"], "expeditedShipping": ["false"], "oneDayShippingAvailable": ["false"], "handlingTime": ["1"]}], "sellingStatus": [{"currentPrice": [{"@currencyId": "USD", "__value__": "627.05"}], "convertedCurrentPrice": [{"@currencyId": "USD", "__value__": "627.05"}], "bidCount": ["15"], "sellingState": ["EndedWithSales"]}], "listingInfo": [{"bestOfferEnabled": ["false"], "buyItNowAvailable": ["false"], "startTime": ["2019-01-17T16:31:53.000Z"], "endTime": ["2019-01-24T16:31:53.000Z"], "listingType": ["Auction"], "gift": ["false"], "watchCount": ["58"]}], "returnsAccepted": ["true"], "condition": [{"conditionId": ["3000"], "conditionDisplayName": ["Used"]}], "isMultiVariationListing": ["false"], "pictureURLLarge": ["http://i.ebayimg.com/00/s/MTA3MFgxNjAw/z/uroAAOSwj9hcQK2g/$_1.JPG"], "topRatedListing": ["false"]}