{"itemId": ["143103991519"], "title": ["Guitar Used ESPLTD JH.2 James Hetdfield \"84 of 200\""], "globalId": ["EBAY-US"], "primaryCategory": [{"categoryId": ["33034"], "categoryName": ["Electric Guitars"]}], "galleryURL": ["http://thumbs4.ebaystatic.com/m/maYq6SPV-udxLx0VmWeBigw/140.jpg"], "viewItemURL": ["http://www.ebay.com/itm/Guitar-Used-ESPLTD-JH-2-James-Hetdfield-84-200-/143103991519"], "paymentMethod": ["PayPal"], "autoPay": ["false"], "postalCode": ["83823"], "location": ["Deary,ID,USA"], "country": ["US"], "shippingInfo": [{"shippingServiceCost": [{"@currencyId": "USD", "__value__": "250.0"}], "shippingType": ["Flat"], "shipToLocations": ["Worldwide"], "expeditedShipping": ["false"], "oneDayShippingAvailable": ["false"], "handlingTime": ["3"]}], "sellingStatus": [{"currentPrice": [{"@currencyId": "USD", "__value__": "3900.0"}], "convertedCurrentPrice": [{"@currencyId": "USD", "__value__": "3900.0"}], "bidCount": ["1"], "sellingState": ["EndedWithSales"]}], "listingInfo": [{"bestOfferEnabled": ["false"], "buyItNowAvailable": ["false"], "startTime": ["2019-01-25T18:59:02.000Z"], "endTime": ["2019-01-25T19:07:59.000Z"], "listingType": ["Auction"], "gift": ["false"]}], "returnsAccepted": ["true"], "condition": [{"conditionId": ["3000"], "conditionDisplayName": ["Used"]}], "isMultiVariationListing": ["false"], "pictureURLLarge": ["https://i.ebayimg.com/00/s/MTIwMFgxNjAw/z/nwoAAOSwaVRcS1rx/$_1.JPG"], "topRatedListing": ["false"]}