{"itemId": ["192801335113"], "title": ["Epiphone Limited Edition G-1275 Double Neck Cherry Electric Guitar"], "globalId": ["EBAY-US"], "primaryCategory": [{"categoryId": ["33034"], "categoryName": ["Electric Guitars"]}], "galleryURL": ["http://thumbs2.ebaystatic.com/m/m90KyRtXG7ZQzI7jBFKBW6g/140.jpg"], "viewItemURL": ["http://www.ebay.com/itm/Epiphone-Limited-Edition-G-1275-Double-Neck-Cherry-Electric-Guitar-/192801335113"], "paymentMethod": ["PayPal"], "autoPay": ["false"], "postalCode": ["29379"], "location": ["Union,SC,USA"], "country": ["US"], "shippingInfo": [{"shippingServiceCost": [{"@currencyId": "USD", "__value__": "0.0"}], "shippingType": ["Free"], "shipToLocations": ["Worldwide"], "expeditedShipping": ["false"], "oneDayShippingAvailable": ["false"], "handlingTime": ["2"]}], "sellingStatus": [{"currentPrice": [{"@currencyId": "USD", "__value__": "825.0"}], "convertedCurrentPrice": [{"@currencyId": "USD", "__value__": "825.0"}], "bidCount": ["1"], "sellingState": ["EndedWithSales"]}], "listingInfo": [{"bestOfferEnabled": ["false"], "buyItNowAvailable": ["false"], "startTime": ["2019-01-23T22:37:23.000Z"], "endTime": ["2019-01-25T19:12:17.000Z"], "listingType": ["Auction"], "gift": ["false"], "watchCount": ["1"]}], "returnsAccepted": ["false"], "condition": [{"conditionId": ["3000"], "conditionDisplayName": ["Used"]}], "isMultiVariationListing": ["false"], "pictureURLLarge": ["https://i.ebayimg.com/00/s/MTIwMFgxNjAw/z/UPQAAOSwTiVcLTjn/$_1.JPG"], "topRatedListing": ["false"]}