{"itemId": ["223335839100"], "title": ["fender stratocaster"], "globalId": ["EBAY-US"], "primaryCategory": [{"categoryId": ["33034"], "categoryName": ["Electric Guitars"]}], "galleryURL": ["http://thumbs1.ebaystatic.com/m/mFHEIsLmilZjw1DQYL2g7xw/140.jpg"], "viewItemURL": ["http://www.ebay.com/itm/fender-stratocaster-/223335839100"], "paymentMethod": ["PayPal"], "autoPay": ["false"], "postalCode": ["56304"], "location": ["Saint Cloud,MN,USA"], "country": ["US"], "shippingInfo": [{"shippingServiceCost": [{"@currencyId": "USD", "__value__": "85.0"}], "shippingType": ["Flat"], "shipToLocations": ["Worldwide"], "expeditedShipping": ["false"], "oneDayShippingAvailable": ["false"], "handlingTime": ["0"]}], "sellingStatus": [{"currentPrice": [{"@currencyId": "USD", "__value__": "350.0"}], "convertedCurrentPrice": [{"@currencyId": "USD", "__value__": "350.0"}], "bidCount": ["1"], "sellingState": ["EndedWithSales"]}], "listingInfo": [{"bestOfferEnabled": ["false"], "buyItNowAvailable": ["false"], "startTime": ["2019-01-20T23:52:53.000Z"], "endTime": ["2019-01-25T23:52:53.000Z"], "listingType": ["Auction"], "gift": ["false"], "watchCount": ["12"]}], "returnsAccepted": ["false"], "condition": [{"conditionId": ["3000"], "conditionDisplayName": ["Used"]}], "isMultiVariationListing": ["false"], "pictureURLLarge": ["https://i.ebayimg.com/00/s/MTYwMFgxMDY2/z/L5cAAOSwu3ZcRQga/$_1.JPG"], "topRatedListing": ["false"]}