{"itemId": ["192792100529"], "title": ["1983 Fender Japan ST62-65 JV 83\u00a0 Vintage Stratocaster **NO RESERVE**"], "globalId": ["EBAY-US"], "primaryCategory": [{"categoryId": ["33034"], "categoryName": ["Electric Guitars"]}], "galleryURL": ["http://thumbs2.ebaystatic.com/m/mcb9E3L6A5Q9p2x5FF3vW8Q/140.jpg"], "viewItemURL": ["http://www.ebay.com/itm/1983-Fender-Japan-ST62-65-JV-83-Vintage-Stratocaster-NO-RESERVE-/192792100529"], "paymentMethod": ["PayPal"], "autoPay": ["false"], "postalCode": ["32080"], "location": ["Saint Augustine,FL,USA"], "country": ["US"], "shippingInfo": [{"shippingServiceCost": [{"@currencyId": "USD", "__value__": "60.0"}], "shippingType": ["Flat"], "shipToLocations": ["Worldwide"], "expeditedShipping": ["false"], "oneDayShippingAvailable": ["false"], "handlingTime": ["3"]}], "sellingStatus": [{"currentPrice": [{"@currencyId": "USD", "__value__": "900.0"}], "convertedCurrentPrice": [{"@currencyId": "USD", "__value__": "900.0"}], "bidCount": ["1"], "sellingState": ["EndedWithSales"]}], "listingInfo": [{"bestOfferEnabled": ["false"], "buyItNowAvailable": ["false"], "startTime": ["2019-01-15T21:06:49.000Z"], "endTime": ["2019-01-24T23:00:53.000Z"], "listingType": ["Auction"], "gift": ["false"], "watchCount": ["18"]}], "returnsAccepted": ["false"], "condition": [{"conditionId": ["3000"], "conditionDisplayName": ["Used"]}], "isMultiVariationListing": ["false"], "pictureURLLarge": ["https://i.ebayimg.com/00/s/MTYwMFgxMjAw/z/Mw8AAOSw1KRcI-Vp/$_1.JPG"], "topRatedListing": ["false"]}