{"itemId": ["202568779755"], "title": ["G&L USA ASAT Classic Electric Guitar - Orange Natural Wood Finish w/ Case - Nice"], "globalId": ["EBAY-US"], "primaryCategory": [{"categoryId": ["33034"], "categoryName": ["Electric Guitars"]}], "galleryURL": ["http://thumbs4.ebaystatic.com/m/myF3t_PxeU276hdxnTmkmVg/140.jpg"], "viewItemURL": ["http://www.ebay.com/itm/G-L-USA-ASAT-Classic-Electric-Guitar-Orange-Natural-Wood-Finish-w-Case-Nice-/202568779755"], "productId": [{"@type": "ReferenceID", "__value__": "78630729"}], "paymentMethod": ["PayPal"], "autoPay": ["false"], "postalCode": ["21048"], "location": ["Finksburg,MD,USA"], "country": ["US"], "shippingInfo": [{"shippingServiceCost": [{"@currencyId": "USD", "__value__": "30.0"}], "shippingType": ["Flat"], "shipToLocations": ["Worldwide"], "expeditedShipping": ["false"], "oneDayShippingAvailable": ["false"], "handlingTime": ["2"]}], "sellingStatus": [{"currentPrice": [{"@currencyId": "USD", "__value__": "866.0"}], "convertedCurrentPrice": [{"@currencyId": "USD", "__value__": "866.0"}], "bidCount": ["15"], "sellingState": ["EndedWithSales"]}], "listingInfo": [{"bestOfferEnabled": ["false"], "buyItNowAvailable": ["false"], "startTime": ["2019-01-18T01:30:32.000Z"], "endTime": ["2019-01-25T01:30:32.000Z"], "listingType": ["Auction"], "gift": ["false"], "watchCount": ["56"]}], "returnsAccepted": ["false"], "condition": [{"conditionId": ["3000"], "conditionDisplayName": ["Used"]}], "isMultiVariationListing": ["false"], "pictureURLLarge": ["https://i.ebayimg.com/00/s/NTU5WDEyODA=/z/fWoAAOSwQqNcQJhW/$_1.JPG"], "topRatedListing": ["false"]}