{"itemId": ["113565536522"], "title": ["Fender Telecaster Custom Electric Guitar"], "globalId": ["EBAY-US"], "primaryCategory": [{"categoryId": ["33034"], "categoryName": ["Electric Guitars"]}], "galleryURL": ["http://thumbs3.ebaystatic.com/m/mx1DATARj8SnuJv7c7aIkYg/140.jpg"], "viewItemURL": ["http://www.ebay.com/itm/Fender-Telecaster-Custom-Electric-Guitar-/113565536522"], "productId": [{"@type": "ReferenceID", "__value__": "78607821"}], "paymentMethod": ["PayPal"], "autoPay": ["false"], "postalCode": ["90004"], "location": ["Los Angeles,CA,USA"], "country": ["US"], "shippingInfo": [{"shippingServiceCost": [{"@currencyId": "USD", "__value__": "39.99"}], "shippingType": ["Flat"], "shipToLocations": ["Worldwide"], "expeditedShipping": ["false"], "oneDayShippingAvailable": ["false"], "handlingTime": ["4"]}], "sellingStatus": [{"currentPrice": [{"@currencyId": "USD", "__value__": "268.0"}], "convertedCurrentPrice": [{"@currencyId": "USD", "__value__": "268.0"}], "bidCount": ["6"], "sellingState": ["EndedWithSales"]}], "listingInfo": [{"bestOfferEnabled": ["false"], "buyItNowAvailable": ["false"], "startTime": ["2019-01-18T03:00:31.000Z"], "endTime": ["2019-01-25T03:00:31.000Z"], "listingType": ["Auction"], "gift": ["false"], "watchCount": ["16"]}], "returnsAccepted": ["true"], "condition": [{"conditionId": ["3000"], "conditionDisplayName": ["Used"]}], "isMultiVariationListing": ["false"], "pictureURLLarge": ["https://i.ebayimg.com/00/s/MTYwMFgxMjAw/z/SewAAOSwuMRb-bfN/$_1.JPG"], "topRatedListing": ["false"]}