{"itemId": ["143093400660"], "title": ["Fender Stratocaster Strat JR, Short Scale 2004 MIM Electric Guitar #5144"], "globalId": ["EBAY-US"], "primaryCategory": [{"categoryId": ["33034"], "categoryName": ["Electric Guitars"]}], "galleryURL": ["http://thumbs1.ebaystatic.com/m/m7dsjB5K4HG2nSrge10EHmA/140.jpg"], "viewItemURL": ["http://www.ebay.com/itm/Fender-Stratocaster-Strat-JR-Short-Scale-2004-MIM-Electric-Guitar-5144-/143093400660"], "paymentMethod": ["PayPal"], "autoPay": ["true"], "postalCode": ["64080"], "location": ["Pleasant Hill,MO,USA"], "country": ["US"], "shippingInfo": [{"shippingServiceCost": [{"@currencyId": "USD", "__value__": "29.0"}], "shippingType": ["Flat"], "shipToLocations": ["Worldwide"], "expeditedShipping": ["true"], "oneDayShippingAvailable": ["false"], "handlingTime": ["1"]}], "sellingStatus": [{"currentPrice": [{"@currencyId": "USD", "__value__": "250.0"}], "convertedCurrentPrice": [{"@currencyId": "USD", "__value__": "250.0"}], "bidCount": ["1"], "sellingState": ["EndedWithSales"]}], "listingInfo": [{"bestOfferEnabled": ["false"], "buyItNowAvailable": ["false"], "startTime": ["2019-01-17T02:14:55.000Z"], "endTime": ["2019-01-24T02:14:55.000Z"], "listingType": ["Auction"], "gift": ["false"], "watchCount": ["8"]}], "returnsAccepted": ["true"], "condition": [{"conditionId": ["3000"], "conditionDisplayName": ["Used"]}], "isMultiVariationListing": ["false"], "pictureURLLarge": ["https://i.ebayimg.com/00/s/MTYwMFg1NDk=/z/WXsAAOSw19dcIRbY/$_1.JPG"], "topRatedListing": ["false"]}