{"itemId": ["173741417520"], "title": ["Fender Cyclone Electric Guitar W/ Gibson 57 Humbucker"], "globalId": ["EBAY-US"], "primaryCategory": [{"categoryId": ["33034"], "categoryName": ["Electric Guitars"]}], "galleryURL": ["http://thumbs1.ebaystatic.com/m/mdsiVQqloRk0skiL-YzeZhQ/140.jpg"], "viewItemURL": ["http://www.ebay.com/itm/Fender-Cyclone-Electric-Guitar-W-Gibson-57-Humbucker-/173741417520"], "paymentMethod": ["PayPal"], "autoPay": ["false"], "postalCode": ["27526"], "location": ["Fuquay Varina,NC,USA"], "country": ["US"], "shippingInfo": [{"shippingServiceCost": [{"@currencyId": "USD", "__value__": "50.0"}], "shippingType": ["Flat"], "shipToLocations": ["Worldwide"], "expeditedShipping": ["false"], "oneDayShippingAvailable": ["false"], "handlingTime": ["3"]}], "sellingStatus": [{"currentPrice": [{"@currencyId": "USD", "__value__": "350.0"}], "convertedCurrentPrice": [{"@currencyId": "USD", "__value__": "350.0"}], "bidCount": ["2"], "sellingState": ["EndedWithSales"]}], "listingInfo": [{"bestOfferEnabled": ["false"], "buyItNowAvailable": ["false"], "startTime": ["2019-01-14T22:26:01.000Z"], "endTime": ["2019-01-24T22:26:01.000Z"], "listingType": ["Auction"], "gift": ["false"], "watchCount": ["9"]}], "returnsAccepted": ["false"], "condition": [{"conditionId": ["3000"], "conditionDisplayName": ["Used"]}], "isMultiVariationListing": ["false"], "pictureURLLarge": ["https://i.ebayimg.com/00/s/MTYwMFgxMjAw/z/LEgAAOSwojdbP7t6/$_1.JPG"], "topRatedListing": ["false"]}