{"itemId": ["153342549223"], "title": ["MINT! Charvel EVH Art Series 2006 + OHSC"], "globalId": ["EBAY-US"], "primaryCategory": [{"categoryId": ["33034"], "categoryName": ["Electric Guitars"]}], "galleryURL": ["http://thumbs4.ebaystatic.com/m/mC_wWvCWmIzreYO7ry5kasA/140.jpg"], "viewItemURL": ["http://www.ebay.com/itm/MINT-Charvel-EVH-Art-Series-2006-OHSC-/153342549223"], "paymentMethod": ["PayPal"], "autoPay": ["false"], "postalCode": ["34684"], "location": ["Palm Harbor,FL,USA"], "country": ["US"], "shippingInfo": [{"shippingServiceCost": [{"@currencyId": "USD", "__value__": "50.0"}], "shippingType": ["Flat"], "shipToLocations": ["Worldwide"], "expeditedShipping": ["false"], "oneDayShippingAvailable": ["false"], "handlingTime": ["2"]}], "sellingStatus": [{"currentPrice": [{"@currencyId": "USD", "__value__": "1925.0"}], "convertedCurrentPrice": [{"@currencyId": "USD", "__value__": "1925.0"}], "bidCount": ["14"], "sellingState": ["EndedWithSales"]}], "listingInfo": [{"bestOfferEnabled": ["false"], "buyItNowAvailable": ["false"], "startTime": ["2019-01-17T02:08:03.000Z"], "endTime": ["2019-01-24T02:08:03.000Z"], "listingType": ["Auction"], "gift": ["false"], "watchCount": ["13"]}], "returnsAccepted": ["false"], "condition": [{"conditionId": ["3000"], "conditionDisplayName": ["Used"]}], "isMultiVariationListing": ["false"], "pictureURLLarge": ["https://i.ebayimg.com/00/s/MTYwMFgxMjAw/z/CEQAAOSwSudcP-EK/$_1.JPG"], "topRatedListing": ["false"]}