{"itemId": ["153342670284"], "title": ["2007 GIBSON LES PAUL STANDARD UN-BURST GUITAR OF THE WEEK 44 SPECIAL EDITION"], "globalId": ["EBAY-US"], "primaryCategory": [{"categoryId": ["33034"], "categoryName": ["Electric Guitars"]}], "galleryURL": ["http://thumbs1.ebaystatic.com/m/mN7fxMclDc7NpYnaj-ndHiw/140.jpg"], "viewItemURL": ["http://www.ebay.com/itm/2007-GIBSON-LES-PAUL-STANDARD-UN-BURST-GUITAR-WEEK-44-SPECIAL-EDITION-/153342670284"], "paymentMethod": ["PayPal"], "autoPay": ["false"], "postalCode": ["10607"], "location": ["White Plains,NY,USA"], "country": ["US"], "shippingInfo": [{"shippingServiceCost": [{"@currencyId": "USD", "__value__": "0.0"}], "shippingType": ["Free"], "shipToLocations": ["Worldwide"], "expeditedShipping": ["false"], "oneDayShippingAvailable": ["false"], "handlingTime": ["2"]}], "sellingStatus": [{"currentPrice": [{"@currencyId": "USD", "__value__": "1926.0"}], "convertedCurrentPrice": [{"@currencyId": "USD", "__value__": "1926.0"}], "bidCount": ["4"], "sellingState": ["EndedWithSales"]}], "listingInfo": [{"bestOfferEnabled": ["false"], "buyItNowAvailable": ["false"], "startTime": ["2019-01-17T04:40:08.000Z"], "endTime": ["2019-01-24T04:40:08.000Z"], "listingType": ["Auction"], "gift": ["false"], "watchCount": ["30"]}], "returnsAccepted": ["true"], "condition": [{"conditionId": ["3000"], "conditionDisplayName": ["Used"]}], "isMultiVariationListing": ["false"], "pictureURLLarge": ["https://i.ebayimg.com/00/s/MTA1NlgxNTk5/z/qgMAAOSwH2VcNjmS/$_1.JPG"], "topRatedListing": ["false"]}