{"itemId": ["273663390453"], "title": ["Fender Aerodyne Stratocaster 2007 Red Electric Guitar Made In Japan - Rare"], "globalId": ["EBAY-US"], "primaryCategory": [{"categoryId": ["33034"], "categoryName": ["Electric Guitars"]}], "galleryURL": ["http://thumbs2.ebaystatic.com/m/m_EkDbhD-i2o43mwqsvi_xw/140.jpg"], "viewItemURL": ["http://www.ebay.com/itm/Fender-Aerodyne-Stratocaster-2007-Red-Electric-Guitar-Made-Japan-Rare-/273663390453"], "paymentMethod": ["PayPal"], "autoPay": ["false"], "postalCode": ["80905"], "location": ["Colorado Springs,CO,USA"], "country": ["US"], "shippingInfo": [{"shippingType": ["Calculated"], "shipToLocations": ["Worldwide"], "expeditedShipping": ["true"], "oneDayShippingAvailable": ["false"], "handlingTime": ["3"]}], "sellingStatus": [{"currentPrice": [{"@currencyId": "USD", "__value__": "745.0"}], "convertedCurrentPrice": [{"@currencyId": "USD", "__value__": "745.0"}], "bidCount": ["28"], "sellingState": ["EndedWithSales"]}], "listingInfo": [{"bestOfferEnabled": ["false"], "buyItNowAvailable": ["false"], "startTime": ["2019-01-18T22:17:49.000Z"], "endTime": ["2019-01-25T22:17:49.000Z"], "listingType": ["Auction"], "gift": ["false"], "watchCount": ["76"]}], "returnsAccepted": ["false"], "condition": [{"conditionId": ["3000"], "conditionDisplayName": ["Used"]}], "isMultiVariationListing": ["false"], "pictureURLLarge": ["https://i.ebayimg.com/00/s/MTYwMFgxMjAw/z/eJUAAOSwqRlcQk6k/$_1.JPG"], "topRatedListing": ["false"]}