{"itemId": ["283351646870"], "title": ["Fender American Elite Maple Stratocaster Electric Guitar Sky Burst Metallic"], "globalId": ["EBAY-US"], "primaryCategory": [{"categoryId": ["33034"], "categoryName": ["Electric Guitars"]}], "galleryURL": ["http://thumbs3.ebaystatic.com/m/mA2S_ZZAnbzinNAjBAvaxoQ/140.jpg"], "viewItemURL": ["http://www.ebay.com/itm/Fender-American-Elite-Maple-Stratocaster-Electric-Guitar-Sky-Burst-Metallic-/283351646870"], "paymentMethod": ["PayPal"], "autoPay": ["false"], "postalCode": ["77381"], "location": ["Spring,TX,USA"], "country": ["US"], "shippingInfo": [{"shippingServiceCost": [{"@currencyId": "USD", "__value__": "0.0"}], "shippingType": ["Free"], "shipToLocations": ["Worldwide"], "expeditedShipping": ["false"], "oneDayShippingAvailable": ["false"], "handlingTime": ["1"]}], "sellingStatus": [{"currentPrice": [{"@currencyId": "USD", "__value__": "1000.0"}], "convertedCurrentPrice": [{"@currencyId": "USD", "__value__": "1000.0"}], "bidCount": ["1"], "sellingState": ["EndedWithSales"]}], "listingInfo": [{"bestOfferEnabled": ["false"], "buyItNowAvailable": ["false"], "startTime": ["2019-01-24T20:25:06.000Z"], "endTime": ["2019-01-26T15:46:30.000Z"], "listingType": ["Auction"], "gift": ["false"], "watchCount": ["2"]}], "returnsAccepted": ["false"], "condition": [{"conditionId": ["3000"], "conditionDisplayName": ["Used"]}], "isMultiVariationListing": ["false"], "pictureURLLarge": ["https://i.ebayimg.com/00/s/MTU0NVgxMDA4/z/36UAAOSw0LhcSh44/$_1.JPG"], "topRatedListing": ["false"]}