{"itemId": ["233101375750"], "title": ["gibson les paul standard Tobaco sunburst"], "globalId": ["EBAY-US"], "primaryCategory": [{"categoryId": ["33034"], "categoryName": ["Electric Guitars"]}], "galleryURL": ["http://thumbs3.ebaystatic.com/m/mIFmuhlsZDTEW7MHEpfzAqg/140.jpg"], "viewItemURL": ["http://www.ebay.com/itm/gibson-les-paul-standard-Tobaco-sunburst-/233101375750"], "paymentMethod": ["PayPal"], "autoPay": ["false"], "postalCode": ["96161"], "location": ["Truckee,CA,USA"], "country": ["US"], "shippingInfo": [{"shippingServiceCost": [{"@currencyId": "USD", "__value__": "100.0"}], "shippingType": ["Flat"], "shipToLocations": ["Worldwide"], "expeditedShipping": ["false"], "oneDayShippingAvailable": ["false"], "handlingTime": ["2"]}], "sellingStatus": [{"currentPrice": [{"@currencyId": "USD", "__value__": "1430.0"}], "convertedCurrentPrice": [{"@currencyId": "USD", "__value__": "1430.0"}], "bidCount": ["43"], "sellingState": ["EndedWithSales"]}], "listingInfo": [{"bestOfferEnabled": ["false"], "buyItNowAvailable": ["false"], "startTime": ["2019-01-19T19:14:48.000Z"], "endTime": ["2019-01-26T19:14:48.000Z"], "listingType": ["Auction"], "gift": ["false"], "watchCount": ["122"]}], "returnsAccepted": ["false"], "condition": [{"conditionId": ["3000"], "conditionDisplayName": ["Used"]}], "isMultiVariationListing": ["false"], "pictureURLLarge": ["https://i.ebayimg.com/00/s/MTYwMFgxMjAw/z/6qcAAOSwseFcQ3Ss/$_1.JPG"], "topRatedListing": ["false"]}