{"itemId": ["223331767458"], "title": ["Paul Reed Smith Hollowbody I"], "globalId": ["EBAY-US"], "primaryCategory": [{"categoryId": ["33034"], "categoryName": ["Electric Guitars"]}], "galleryURL": ["http://thumbs3.ebaystatic.com/m/mVRVmFmSO_zxt0_PZRoJbSg/140.jpg"], "viewItemURL": ["http://www.ebay.com/itm/Paul-Reed-Smith-Hollowbody-/223331767458"], "paymentMethod": ["PayPal"], "autoPay": ["true"], "postalCode": ["14580"], "location": ["Webster,NY,USA"], "country": ["US"], "shippingInfo": [{"shippingType": ["Calculated"], "shipToLocations": ["Worldwide"], "expeditedShipping": ["false"], "oneDayShippingAvailable": ["false"], "handlingTime": ["2"]}], "sellingStatus": [{"currentPrice": [{"@currencyId": "USD", "__value__": "1414.0"}], "convertedCurrentPrice": [{"@currencyId": "USD", "__value__": "1414.0"}], "bidCount": ["3"], "sellingState": ["EndedWithSales"]}], "listingInfo": [{"bestOfferEnabled": ["false"], "buyItNowAvailable": ["false"], "startTime": ["2019-01-18T18:16:18.000Z"], "endTime": ["2019-01-25T18:16:18.000Z"], "listingType": ["Auction"], "gift": ["false"], "watchCount": ["21"]}], "returnsAccepted": ["false"], "condition": [{"conditionId": ["3000"], "conditionDisplayName": ["Used"]}], "isMultiVariationListing": ["false"], "pictureURLLarge": ["https://i.ebayimg.com/00/s/MTYwMFgxMjAw/z/WEgAAOSwhexcQhIL/$_1.JPG"], "topRatedListing": ["false"]}