{"itemId": ["143096563609"], "title": ["fender telecaster california series 97-98 serial no amxn713848 usa"], "globalId": ["EBAY-US"], "primaryCategory": [{"categoryId": ["33034"], "categoryName": ["Electric Guitars"]}], "galleryURL": ["http://thumbs2.ebaystatic.com/m/mPWX6jhmfCKmQy_0z5tD3kQ/140.jpg"], "viewItemURL": ["http://www.ebay.com/itm/fender-telecaster-california-series-97-98-serial-no-amxn713848-usa-/143096563609"], "paymentMethod": ["PayPal"], "autoPay": ["false"], "postalCode": ["49508"], "location": ["Grand Rapids,MI,USA"], "country": ["US"], "shippingInfo": [{"shippingType": ["Calculated"], "shipToLocations": ["Worldwide"], "expeditedShipping": ["true"], "oneDayShippingAvailable": ["false"], "handlingTime": ["3"]}], "sellingStatus": [{"currentPrice": [{"@currencyId": "USD", "__value__": "509.99"}], "convertedCurrentPrice": [{"@currencyId": "USD", "__value__": "509.99"}], "bidCount": ["2"], "sellingState": ["EndedWithSales"]}], "listingInfo": [{"bestOfferEnabled": ["false"], "buyItNowAvailable": ["false"], "startTime": ["2019-01-19T17:29:52.000Z"], "endTime": ["2019-01-26T17:29:52.000Z"], "listingType": ["Auction"], "gift": ["false"], "watchCount": ["32"]}], "returnsAccepted": ["true"], "condition": [{"conditionId": ["3000"], "conditionDisplayName": ["Used"]}], "isMultiVariationListing": ["false"], "pictureURLLarge": ["https://i.ebayimg.com/00/s/NDgwWDY0MA==/z/MVAAAOSwUpFcOiG8/$_1.JPG"], "topRatedListing": ["false"]}