{"itemId": ["113573045044"], "title": ["Squier Classic Vibe 50s Stratocaster Electric Guitar"], "globalId": ["EBAY-US"], "primaryCategory": [{"categoryId": ["33034"], "categoryName": ["Electric Guitars"]}], "galleryURL": ["http://thumbs1.ebaystatic.com/m/mnOZ4mBQxZlLUo4MMZ3CXwA/140.jpg"], "viewItemURL": ["http://www.ebay.com/itm/Squier-Classic-Vibe-50s-Stratocaster-Electric-Guitar-/113573045044"], "paymentMethod": ["PayPal"], "autoPay": ["false"], "postalCode": ["28659"], "location": ["North Wilkesboro,NC,USA"], "country": ["US"], "shippingInfo": [{"shippingServiceCost": [{"@currencyId": "USD", "__value__": "45.0"}], "shippingType": ["Flat"], "shipToLocations": ["Worldwide"], "expeditedShipping": ["false"], "oneDayShippingAvailable": ["false"], "handlingTime": ["1"]}], "sellingStatus": [{"currentPrice": [{"@currencyId": "USD", "__value__": "250.0"}], "convertedCurrentPrice": [{"@currencyId": "USD", "__value__": "250.0"}], "bidCount": ["2"], "sellingState": ["EndedWithSales"]}], "listingInfo": [{"bestOfferEnabled": ["false"], "buyItNowAvailable": ["false"], "startTime": ["2019-01-18T19:33:47.000Z"], "endTime": ["2019-01-25T19:33:47.000Z"], "listingType": ["Auction"], "gift": ["false"], "watchCount": ["13"]}], "returnsAccepted": ["false"], "condition": [{"conditionId": ["3000"], "conditionDisplayName": ["Used"]}], "isMultiVariationListing": ["false"], "pictureURLLarge": ["https://i.ebayimg.com/00/s/MTA2MlgxNjAw/z/TqoAAOSw~atcQinl/$_1.JPG"], "topRatedListing": ["false"]}