{"itemId": ["333019329753"], "title": ["Fender American Standard Stratocaster Jade Pearl Metallic Electric Guitar"], "globalId": ["EBAY-US"], "primaryCategory": [{"categoryId": ["33034"], "categoryName": ["Electric Guitars"]}], "galleryURL": ["http://thumbs2.ebaystatic.com/m/mIAG3gLdNjuEFccEq5SqJjw/140.jpg"], "viewItemURL": ["http://www.ebay.com/itm/Fender-American-Standard-Stratocaster-Jade-Pearl-Metallic-Electric-Guitar-/333019329753"], "paymentMethod": ["PayPal"], "autoPay": ["true"], "postalCode": ["08872"], "location": ["Sayreville,NJ,USA"], "country": ["US"], "shippingInfo": [{"shippingType": ["Calculated"], "shipToLocations": ["Worldwide"], "expeditedShipping": ["true"], "oneDayShippingAvailable": ["false"], "handlingTime": ["3"]}], "sellingStatus": [{"currentPrice": [{"@currencyId": "USD", "__value__": "760.0"}], "convertedCurrentPrice": [{"@currencyId": "USD", "__value__": "760.0"}], "bidCount": ["4"], "sellingState": ["EndedWithSales"]}], "listingInfo": [{"bestOfferEnabled": ["false"], "buyItNowAvailable": ["false"], "startTime": ["2019-01-17T04:43:49.000Z"], "endTime": ["2019-01-24T04:43:49.000Z"], "listingType": ["Auction"], "gift": ["false"], "watchCount": ["18"]}], "returnsAccepted": ["false"], "condition": [{"conditionId": ["3000"], "conditionDisplayName": ["Used"]}], "isMultiVariationListing": ["false"], "pictureURLLarge": ["https://i.ebayimg.com/00/s/MTYwMFgxMjAw/z/pocAAOSwEUdcQAVF/$_1.JPG"], "topRatedListing": ["false"]}