{"itemId": ["401688560967"], "title": ["Fender Player Series Stratocaster Electric Guitar - Sonic Red"], "globalId": ["EBAY-US"], "primaryCategory": [{"categoryId": ["33034"], "categoryName": ["Electric Guitars"]}], "galleryURL": ["http://thumbs4.ebaystatic.com/m/m5rCTbuBYzZ1NaufV1axV9Q/140.jpg"], "viewItemURL": ["http://www.ebay.com/itm/Fender-Player-Series-Stratocaster-Electric-Guitar-Sonic-Red-/401688560967"], "paymentMethod": ["PayPal"], "autoPay": ["false"], "postalCode": ["46818"], "location": ["Fort Wayne,IN,USA"], "country": ["US"], "shippingInfo": [{"shippingServiceCost": [{"@currencyId": "USD", "__value__": "0.0"}], "shippingType": ["Free"], "shipToLocations": ["Worldwide"], "expeditedShipping": ["false"], "oneDayShippingAvailable": ["false"], "handlingTime": ["1"]}], "sellingStatus": [{"currentPrice": [{"@currencyId": "USD", "__value__": "297.45"}], "convertedCurrentPrice": [{"@currencyId": "USD", "__value__": "297.45"}], "bidCount": ["8"], "sellingState": ["EndedWithSales"]}], "listingInfo": [{"bestOfferEnabled": ["false"], "buyItNowAvailable": ["false"], "startTime": ["2019-01-18T02:33:32.000Z"], "endTime": ["2019-01-25T02:33:32.000Z"], "listingType": ["Auction"], "gift": ["false"], "watchCount": ["21"]}], "returnsAccepted": ["true"], "condition": [{"conditionId": ["3000"], "conditionDisplayName": ["Used"]}], "isMultiVariationListing": ["false"], "pictureURLLarge": ["https://i.ebayimg.com/00/s/MTYwMFg2MjY=/z/e6QAAOSw0xtcQKwt/$_1.JPG"], "topRatedListing": ["true"]}