{"itemId": ["233101588361"], "title": ["2008 American Standard Telecaster - Natural Finish"], "globalId": ["EBAY-US"], "primaryCategory": [{"categoryId": ["33034"], "categoryName": ["Electric Guitars"]}], "galleryURL": ["http://thumbs2.ebaystatic.com/m/mBCzQ67O2mFYnqsuiIfRRTg/140.jpg"], "viewItemURL": ["http://www.ebay.com/itm/2008-American-Standard-Telecaster-Natural-Finish-/233101588361"], "paymentMethod": ["PayPal"], "autoPay": ["false"], "postalCode": ["60712"], "location": ["Lincolnwood,IL,USA"], "country": ["US"], "shippingInfo": [{"shippingServiceCost": [{"@currencyId": "USD", "__value__": "0.0"}], "shippingType": ["FreePickup"], "shipToLocations": ["Worldwide"], "expeditedShipping": ["false"], "oneDayShippingAvailable": ["false"], "handlingTime": ["2"]}], "sellingStatus": [{"currentPrice": [{"@currencyId": "USD", "__value__": "881.0"}], "convertedCurrentPrice": [{"@currencyId": "USD", "__value__": "881.0"}], "bidCount": ["7"], "sellingState": ["EndedWithSales"]}], "listingInfo": [{"bestOfferEnabled": ["false"], "buyItNowAvailable": ["false"], "startTime": ["2019-01-19T23:18:37.000Z"], "endTime": ["2019-01-24T23:18:37.000Z"], "listingType": ["Auction"], "gift": ["false"], "watchCount": ["18"]}], "returnsAccepted": ["false"], "condition": [{"conditionId": ["3000"], "conditionDisplayName": ["Used"]}], "isMultiVariationListing": ["false"], "pictureURLLarge": ["https://i.ebayimg.com/00/s/Njg0WDE2MDA=/z/E00AAOSwPYNcKs6N/$_1.JPG"], "topRatedListing": ["false"]}