{"itemId": ["123599829145"], "title": ["Gibson USA Les Paul Tribute 2017 Electric Guitar, Faded Honey Burst Mint"], "globalId": ["EBAY-US"], "primaryCategory": [{"categoryId": ["33034"], "categoryName": ["Electric Guitars"]}], "galleryURL": ["http://thumbs2.ebaystatic.com/m/mF2iSw9eN96asqyoST5K53Q/140.jpg"], "viewItemURL": ["http://www.ebay.com/itm/Gibson-USA-Les-Paul-Tribute-2017-Electric-Guitar-Faded-Honey-Burst-Mint-/123599829145"], "paymentMethod": ["PayPal"], "autoPay": ["false"], "postalCode": ["28472"], "location": ["Whiteville,NC,USA"], "country": ["US"], "shippingInfo": [{"shippingServiceCost": [{"@currencyId": "USD", "__value__": "65.0"}], "shippingType": ["Flat"], "shipToLocations": ["Worldwide"], "expeditedShipping": ["true"], "oneDayShippingAvailable": ["false"], "handlingTime": ["3"]}], "sellingStatus": [{"currentPrice": [{"@currencyId": "USD", "__value__": "760.0"}], "convertedCurrentPrice": [{"@currencyId": "USD", "__value__": "760.0"}], "bidCount": ["16"], "sellingState": ["EndedWithSales"]}], "listingInfo": [{"bestOfferEnabled": ["false"], "buyItNowAvailable": ["false"], "startTime": ["2019-01-17T22:01:04.000Z"], "endTime": ["2019-01-24T22:01:04.000Z"], "listingType": ["Auction"], "gift": ["false"], "watchCount": ["50"]}], "returnsAccepted": ["false"], "condition": [{"conditionId": ["3000"], "conditionDisplayName": ["Used"]}], "isMultiVariationListing": ["false"], "pictureURLLarge": ["https://i.ebayimg.com/00/s/NDgwWDY0MA==/z/scYAAOSwqjhcFBNk/$_1.JPG"], "topRatedListing": ["false"]}