{"itemId": ["323655456571"], "title": ["Schecter Hellraiser C-1 FR Floyd Rose Black Cherry"], "globalId": ["EBAY-US"], "primaryCategory": [{"categoryId": ["33034"], "categoryName": ["Electric Guitars"]}], "galleryURL": ["http://thumbs4.ebaystatic.com/m/mWWX8LVtewS9qyPdT4CAoPA/140.jpg"], "viewItemURL": ["http://www.ebay.com/itm/Schecter-Hellraiser-C-1-FR-Floyd-Rose-Black-Cherry-/323655456571"], "paymentMethod": ["PayPal"], "autoPay": ["false"], "postalCode": ["35405"], "location": ["Tuscaloosa,AL,USA"], "country": ["US"], "shippingInfo": [{"shippingServiceCost": [{"@currencyId": "USD", "__value__": "50.0"}], "shippingType": ["Flat"], "shipToLocations": ["Worldwide"], "expeditedShipping": ["false"], "oneDayShippingAvailable": ["false"], "handlingTime": ["2"]}], "sellingStatus": [{"currentPrice": [{"@currencyId": "USD", "__value__": "250.0"}], "convertedCurrentPrice": [{"@currencyId": "USD", "__value__": "250.0"}], "bidCount": ["1"], "sellingState": ["EndedWithSales"]}], "listingInfo": [{"bestOfferEnabled": ["false"], "buyItNowAvailable": ["false"], "startTime": ["2019-01-18T18:41:10.000Z"], "endTime": ["2019-01-25T18:41:10.000Z"], "listingType": ["Auction"], "gift": ["false"], "watchCount": ["14"]}], "returnsAccepted": ["true"], "condition": [{"conditionId": ["3000"], "conditionDisplayName": ["Used"]}], "isMultiVariationListing": ["false"], "pictureURLLarge": ["https://i.ebayimg.com/00/s/MTYwMFgxMjAw/z/y14AAOSwa3lcQhtO/$_1.JPG"], "topRatedListing": ["false"]}