{"itemId": ["202571476210"], "title": ["MusicMan Steve Morse Y2D, Tremolo, MM Case- NICE!"], "globalId": ["EBAY-US"], "primaryCategory": [{"categoryId": ["33034"], "categoryName": ["Electric Guitars"]}], "galleryURL": ["http://thumbs3.ebaystatic.com/m/m6BR7lDmYI3ngpf_d3WhoOw/140.jpg"], "viewItemURL": ["http://www.ebay.com/itm/MusicMan-Steve-Morse-Y2D-Tremolo-MM-Case-NICE-/202571476210"], "paymentMethod": ["PayPal"], "autoPay": ["false"], "postalCode": ["79107"], "location": ["Amarillo,TX,USA"], "country": ["US"], "shippingInfo": [{"shippingServiceCost": [{"@currencyId": "USD", "__value__": "55.0"}], "shippingType": ["Flat"], "shipToLocations": ["Worldwide"], "expeditedShipping": ["false"], "oneDayShippingAvailable": ["false"], "handlingTime": ["0"]}], "sellingStatus": [{"currentPrice": [{"@currencyId": "USD", "__value__": "920.0"}], "convertedCurrentPrice": [{"@currencyId": "USD", "__value__": "920.0"}], "bidCount": ["1"], "sellingState": ["EndedWithSales"]}], "listingInfo": [{"bestOfferEnabled": ["false"], "buyItNowAvailable": ["false"], "startTime": ["2019-01-20T14:29:31.000Z"], "endTime": ["2019-01-23T23:45:29.000Z"], "listingType": ["Auction"], "gift": ["false"], "watchCount": ["16"]}], "returnsAccepted": ["false"], "condition": [{"conditionId": ["3000"], "conditionDisplayName": ["Used"]}], "isMultiVariationListing": ["false"], "pictureURLLarge": ["https://i.ebayimg.com/00/s/MTYwMFgxMjAw/z/b7UAAOSwMkdcRH4k/$_1.JPG"], "topRatedListing": ["false"]}