{"itemId": ["283341734681"], "title": ["Fender Telecaster Plus Deluxe 90-91 - Blue Burst w/ Tremolo - Radiohead Guitar"], "globalId": ["EBAY-US"], "primaryCategory": [{"categoryId": ["33034"], "categoryName": ["Electric Guitars"]}], "galleryURL": ["http://thumbs2.ebaystatic.com/m/m6rs4jAmD9HXXU2GXxm7gkw/140.jpg"], "viewItemURL": ["http://www.ebay.com/itm/Fender-Telecaster-Plus-Deluxe-90-91-Blue-Burst-w-Tremolo-Radiohead-Guitar-/283341734681"], "paymentMethod": ["PayPal"], "autoPay": ["false"], "postalCode": ["75220"], "location": ["Dallas,TX,USA"], "country": ["US"], "shippingInfo": [{"shippingServiceCost": [{"@currencyId": "USD", "__value__": "65.0"}], "shippingType": ["Flat"], "shipToLocations": ["Worldwide"], "expeditedShipping": ["false"], "oneDayShippingAvailable": ["false"], "handlingTime": ["1"]}], "sellingStatus": [{"currentPrice": [{"@currencyId": "USD", "__value__": "1625.0"}], "convertedCurrentPrice": [{"@currencyId": "USD", "__value__": "1625.0"}], "bidCount": ["14"], "sellingState": ["EndedWithSales"]}], "listingInfo": [{"bestOfferEnabled": ["false"], "buyItNowAvailable": ["false"], "startTime": ["2019-01-16T23:55:02.000Z"], "endTime": ["2019-01-23T23:55:02.000Z"], "listingType": ["Auction"], "gift": ["false"], "watchCount": ["27"]}], "returnsAccepted": ["false"], "condition": [{"conditionId": ["3000"], "conditionDisplayName": ["Used"]}], "isMultiVariationListing": ["false"], "pictureURLLarge": ["https://i.ebayimg.com/00/s/MTIwMFgxNjAw/z/DyIAAOSwltxcP8BD/$_1.JPG"], "topRatedListing": ["false"]}