{"itemId": ["123599379591"], "title": ["1999 Fender american standard stratocaster in very good condition!"], "globalId": ["EBAY-US"], "primaryCategory": [{"categoryId": ["33034"], "categoryName": ["Electric Guitars"]}], "galleryURL": ["http://thumbs4.ebaystatic.com/m/mLs7A0AF4jbxJI84Ub7JBjw/140.jpg"], "viewItemURL": ["http://www.ebay.com/itm/1999-Fender-american-standard-stratocaster-very-good-condition-/123599379591"], "paymentMethod": ["PayPal"], "autoPay": ["true"], "postalCode": ["25427"], "location": ["Hedgesville,WV,USA"], "country": ["US"], "shippingInfo": [{"shippingServiceCost": [{"@currencyId": "USD", "__value__": "60.0"}], "shippingType": ["Flat"], "shipToLocations": ["Worldwide"], "expeditedShipping": ["false"], "oneDayShippingAvailable": ["false"], "handlingTime": ["3"]}], "sellingStatus": [{"currentPrice": [{"@currencyId": "USD", "__value__": "555.0"}], "convertedCurrentPrice": [{"@currencyId": "USD", "__value__": "555.0"}], "bidCount": ["20"], "sellingState": ["EndedWithSales"]}], "listingInfo": [{"bestOfferEnabled": ["false"], "buyItNowAvailable": ["false"], "startTime": ["2019-01-17T16:22:18.000Z"], "endTime": ["2019-01-24T16:22:18.000Z"], "listingType": ["Auction"], "gift": ["false"], "watchCount": ["54"]}], "returnsAccepted": ["false"], "condition": [{"conditionId": ["3000"], "conditionDisplayName": ["Used"]}], "isMultiVariationListing": ["false"], "pictureURLLarge": ["https://i.ebayimg.com/00/s/MTYwMFgxMjAw/z/ybEAAOSwj5BcQKbH/$_1.JPG"], "topRatedListing": ["false"]}