{"itemId": ["372570594131"], "title": ["Fender Jim Root Telecaster HH Solidbody Electric Guitar w/ Case - White"], "globalId": ["EBAY-US"], "primaryCategory": [{"categoryId": ["33034"], "categoryName": ["Electric Guitars"]}], "galleryURL": ["http://thumbs4.ebaystatic.com/m/mY7yGcw7udhWRw7ue7abj7g/140.jpg"], "viewItemURL": ["http://www.ebay.com/itm/Fender-Jim-Root-Telecaster-HH-Solidbody-Electric-Guitar-w-Case-White-/372570594131"], "productId": [{"@type": "ReferenceID", "__value__": "78607701"}], "paymentMethod": ["PayPal"], "autoPay": ["false"], "postalCode": ["46818"], "location": ["Fort Wayne,IN,USA"], "country": ["US"], "shippingInfo": [{"shippingServiceCost": [{"@currencyId": "USD", "__value__": "0.0"}], "shippingType": ["Free"], "shipToLocations": ["Worldwide"], "expeditedShipping": ["false"], "oneDayShippingAvailable": ["false"], "handlingTime": ["1"]}], "sellingStatus": [{"currentPrice": [{"@currencyId": "USD", "__value__": "585.0"}], "convertedCurrentPrice": [{"@currencyId": "USD", "__value__": "585.0"}], "bidCount": ["4"], "sellingState": ["EndedWithSales"]}], "listingInfo": [{"bestOfferEnabled": ["false"], "buyItNowAvailable": ["false"], "startTime": ["2019-01-18T02:27:33.000Z"], "endTime": ["2019-01-25T02:27:33.000Z"], "listingType": ["Auction"], "gift": ["false"], "watchCount": ["15"]}], "returnsAccepted": ["true"], "condition": [{"conditionId": ["3000"], "conditionDisplayName": ["Used"]}], "isMultiVariationListing": ["false"], "pictureURLLarge": ["https://i.ebayimg.com/00/s/OTAzWDE2MDA=/z/TwwAAOSwtpJcQHmF/$_1.JPG"], "topRatedListing": ["true"]}