{"itemId": ["192796673791"], "title": ["Vintage Fender Pink Paisley Telecaster Made In Japan 1980\u2019s Perfect Patina!"], "globalId": ["EBAY-US"], "primaryCategory": [{"categoryId": ["33034"], "categoryName": ["Electric Guitars"]}], "galleryURL": ["http://thumbs4.ebaystatic.com/m/mRk0BlCvnS4PqdcQyD-4cKg/140.jpg"], "viewItemURL": ["http://www.ebay.com/itm/Vintage-Fender-Pink-Paisley-Telecaster-Made-Japan-1980-s-Perfect-Patina-/192796673791"], "paymentMethod": ["PayPal"], "autoPay": ["false"], "postalCode": ["90042"], "location": ["Los Angeles,CA,USA"], "country": ["US"], "shippingInfo": [{"shippingServiceCost": [{"@currencyId": "USD", "__value__": "150.0"}], "shippingType": ["Flat"], "shipToLocations": ["Worldwide"], "expeditedShipping": ["false"], "oneDayShippingAvailable": ["false"], "handlingTime": ["2"]}], "sellingStatus": [{"currentPrice": [{"@currencyId": "USD", "__value__": "999.99"}], "convertedCurrentPrice": [{"@currencyId": "USD", "__value__": "999.99"}], "bidCount": ["2"], "sellingState": ["EndedWithSales"]}], "listingInfo": [{"bestOfferEnabled": ["false"], "buyItNowAvailable": ["false"], "startTime": ["2019-01-19T18:54:53.000Z"], "endTime": ["2019-01-26T18:54:53.000Z"], "listingType": ["Auction"], "gift": ["false"], "watchCount": ["10"]}], "returnsAccepted": ["false"], "condition": [{"conditionId": ["3000"], "conditionDisplayName": ["Used"]}], "isMultiVariationListing": ["false"], "pictureURLLarge": ["https://i.ebayimg.com/00/s/MTYwMFg3Njg=/z/hXgAAOSwMhVcFUij/$_1.JPG"], "topRatedListing": ["false"]}