{"itemId": ["223329041904"], "title": ["Epiphone Les Paul Standard Electric Guitar W/Case"], "globalId": ["EBAY-US"], "primaryCategory": [{"categoryId": ["33034"], "categoryName": ["Electric Guitars"]}], "galleryURL": ["http://thumbs1.ebaystatic.com/m/m3ib15FnT45Ws516awZ8liw/140.jpg"], "viewItemURL": ["http://www.ebay.com/itm/Epiphone-Les-Paul-Standard-Electric-Guitar-W-Case-/223329041904"], "paymentMethod": ["PayPal"], "autoPay": ["false"], "postalCode": ["97501"], "location": ["Medford,OR,USA"], "country": ["US"], "shippingInfo": [{"shippingServiceCost": [{"@currencyId": "USD", "__value__": "35.0"}], "shippingType": ["Flat"], "shipToLocations": ["Worldwide"], "expeditedShipping": ["false"], "oneDayShippingAvailable": ["false"], "handlingTime": ["3"]}], "sellingStatus": [{"currentPrice": [{"@currencyId": "USD", "__value__": "350.0"}], "convertedCurrentPrice": [{"@currencyId": "USD", "__value__": "350.0"}], "bidCount": ["50"], "sellingState": ["EndedWithSales"]}], "listingInfo": [{"bestOfferEnabled": ["false"], "buyItNowAvailable": ["false"], "startTime": ["2019-01-17T01:11:01.000Z"], "endTime": ["2019-01-24T01:11:01.000Z"], "listingType": ["Auction"], "gift": ["false"], "watchCount": ["62"]}], "returnsAccepted": ["true"], "condition": [{"conditionId": ["3000"], "conditionDisplayName": ["Used"]}], "isMultiVariationListing": ["false"], "pictureURLLarge": ["https://i.ebayimg.com/00/s/MTA2NlgxNjAw/z/akAAAOSwZ2tcP9W~/$_1.JPG"], "topRatedListing": ["false"]}