{"itemId": ["132924267263"], "title": ["Gibson SG Special 400 1986 Red Electric Guitar"], "globalId": ["EBAY-US"], "primaryCategory": [{"categoryId": ["33034"], "categoryName": ["Electric Guitars"]}], "galleryURL": ["http://thumbs4.ebaystatic.com/m/mjq45f2RvOSyYxeAqV4_zSw/140.jpg"], "viewItemURL": ["http://www.ebay.com/itm/Gibson-SG-Special-400-1986-Red-Electric-Guitar-/132924267263"], "productId": [{"@type": "ReferenceID", "__value__": "70294651"}], "paymentMethod": ["PayPal"], "autoPay": ["false"], "postalCode": ["90066"], "location": ["Los Angeles,CA,USA"], "country": ["US"], "shippingInfo": [{"shippingType": ["Calculated"], "shipToLocations": ["Worldwide"], "expeditedShipping": ["true"], "oneDayShippingAvailable": ["false"], "handlingTime": ["3"]}], "sellingStatus": [{"currentPrice": [{"@currencyId": "USD", "__value__": "650.0"}], "convertedCurrentPrice": [{"@currencyId": "USD", "__value__": "650.0"}], "bidCount": ["1"], "sellingState": ["EndedWithSales"]}], "listingInfo": [{"bestOfferEnabled": ["false"], "buyItNowAvailable": ["false"], "startTime": ["2019-01-19T21:20:20.000Z"], "endTime": ["2019-01-24T16:29:08.000Z"], "listingType": ["Auction"], "gift": ["false"], "watchCount": ["19"]}], "returnsAccepted": ["false"], "condition": [{"conditionId": ["3000"], "conditionDisplayName": ["Used"]}], "isMultiVariationListing": ["false"], "pictureURLLarge": ["https://i.ebayimg.com/00/s/MTYwMFg5MDA=/z/UW0AAOSwt~1cQ4-q/$_1.JPG"], "topRatedListing": ["false"]}