{"itemId": ["254078061318"], "title": ["2011 Gibson Les Paul RH 1950's Tribute Electric Guitar *LOOK* NO RESERVE!!!"], "globalId": ["EBAY-US"], "primaryCategory": [{"categoryId": ["33034"], "categoryName": ["Electric Guitars"]}], "galleryURL": ["http://thumbs3.ebaystatic.com/m/m6Ln3sJCp01YZQo8BGr_xeQ/140.jpg"], "viewItemURL": ["http://www.ebay.com/itm/2011-Gibson-Les-Paul-RH-1950s-Tribute-Electric-Guitar-LOOK-NO-RESERVE-/254078061318"], "paymentMethod": ["PayPal"], "autoPay": ["false"], "postalCode": ["08753"], "location": ["Toms River,NJ,USA"], "country": ["US"], "shippingInfo": [{"shippingServiceCost": [{"@currencyId": "USD", "__value__": "50.0"}], "shippingType": ["Flat"], "shipToLocations": ["Worldwide"], "expeditedShipping": ["false"], "oneDayShippingAvailable": ["false"], "handlingTime": ["1"]}], "sellingStatus": [{"currentPrice": [{"@currencyId": "USD", "__value__": "425.01"}], "convertedCurrentPrice": [{"@currencyId": "USD", "__value__": "425.01"}], "bidCount": ["41"], "sellingState": ["EndedWithSales"]}], "listingInfo": [{"bestOfferEnabled": ["false"], "buyItNowAvailable": ["false"], "startTime": ["2019-01-18T03:00:16.000Z"], "endTime": ["2019-01-25T03:00:16.000Z"], "listingType": ["Auction"], "gift": ["false"], "watchCount": ["50"]}], "returnsAccepted": ["true"], "condition": [{"conditionId": ["3000"], "conditionDisplayName": ["Used"]}], "isMultiVariationListing": ["false"], "pictureURLLarge": ["https://i.ebayimg.com/00/s/MTUwMFg3ODU=/z/8CoAAOSwOHpcQKw4/$_1.JPG"], "topRatedListing": ["false"]}