{"itemId": ["163494046811"], "title": ["Epiphone 2008/2009 Firebird guitar"], "globalId": ["EBAY-US"], "primaryCategory": [{"categoryId": ["33034"], "categoryName": ["Electric Guitars"]}], "galleryURL": ["http://thumbs4.ebaystatic.com/m/msKrrg39wAKUX6MnstOb_pQ/140.jpg"], "viewItemURL": ["http://www.ebay.com/itm/Epiphone-2008-2009-Firebird-guitar-/163494046811"], "paymentMethod": ["PayPal"], "autoPay": ["false"], "postalCode": ["95372"], "location": ["Soulsbyville,CA,USA"], "country": ["US"], "shippingInfo": [{"shippingType": ["Calculated"], "shipToLocations": ["Worldwide"], "expeditedShipping": ["false"], "oneDayShippingAvailable": ["false"], "handlingTime": ["3"]}], "sellingStatus": [{"currentPrice": [{"@currencyId": "USD", "__value__": "380.0"}], "convertedCurrentPrice": [{"@currencyId": "USD", "__value__": "380.0"}], "bidCount": ["2"], "sellingState": ["EndedWithSales"]}], "listingInfo": [{"bestOfferEnabled": ["false"], "buyItNowAvailable": ["false"], "startTime": ["2019-01-18T20:45:24.000Z"], "endTime": ["2019-01-25T20:45:24.000Z"], "listingType": ["Auction"], "gift": ["false"], "watchCount": ["18"]}], "returnsAccepted": ["false"], "condition": [{"conditionId": ["3000"], "conditionDisplayName": ["Used"]}], "isMultiVariationListing": ["false"], "pictureURLLarge": ["https://i.ebayimg.com/00/s/NjQwWDQ4MA==/z/-J0AAOSwP85cQi9c/$_1.JPG"], "topRatedListing": ["false"]}