{"itemId": ["352572615516"], "title": ["Fender Custom Shop Stratocaster Limited Edition Relic Vintage Eric Clapton"], "globalId": ["EBAY-US"], "primaryCategory": [{"categoryId": ["33034"], "categoryName": ["Electric Guitars"]}], "galleryURL": ["http://thumbs1.ebaystatic.com/m/m2qZIIhGT8YxIVpiQtrhZNQ/140.jpg"], "viewItemURL": ["http://www.ebay.com/itm/Fender-Custom-Shop-Stratocaster-Limited-Edition-Relic-Vintage-Eric-Clapton-/352572615516"], "paymentMethod": ["PayPal"], "autoPay": ["false"], "postalCode": ["91205"], "location": ["Glendale,CA,USA"], "country": ["US"], "shippingInfo": [{"shippingServiceCost": [{"@currencyId": "USD", "__value__": "0.0"}], "shippingType": ["Free"], "shipToLocations": ["Worldwide"], "expeditedShipping": ["true"], "oneDayShippingAvailable": ["false"], "handlingTime": ["3"]}], "sellingStatus": [{"currentPrice": [{"@currencyId": "USD", "__value__": "516.88"}], "convertedCurrentPrice": [{"@currencyId": "USD", "__value__": "516.88"}], "bidCount": ["33"], "sellingState": ["EndedWithSales"]}], "listingInfo": [{"bestOfferEnabled": ["false"], "buyItNowAvailable": ["false"], "startTime": ["2019-01-19T05:28:02.000Z"], "endTime": ["2019-01-26T05:28:02.000Z"], "listingType": ["Auction"], "gift": ["false"], "watchCount": ["88"]}], "returnsAccepted": ["false"], "condition": [{"conditionId": ["3000"], "conditionDisplayName": ["Used"]}], "isMultiVariationListing": ["false"], "pictureURLLarge": ["https://i.ebayimg.com/00/s/MTYwMFgxMjAw/z/cbwAAOSwLeFcQrQ1/$_1.JPG"], "topRatedListing": ["false"]}