{"itemId": ["292927593075"], "title": ["Fender Squier Classic Vibe 50s Telecaster Maple - Vintage Blonde Mint Condition"], "globalId": ["EBAY-US"], "primaryCategory": [{"categoryId": ["33034"], "categoryName": ["Electric Guitars"]}], "galleryURL": ["http://thumbs4.ebaystatic.com/m/m7BR68Scura4H_JZnNkQA8g/140.jpg"], "viewItemURL": ["http://www.ebay.com/itm/Fender-Squier-Classic-Vibe-50s-Telecaster-Maple-Vintage-Blonde-Mint-Condition-/292927593075"], "paymentMethod": ["PayPal"], "autoPay": ["true"], "postalCode": ["98315"], "location": ["Silverdale,WA,USA"], "country": ["US"], "shippingInfo": [{"shippingType": ["Calculated"], "shipToLocations": ["Worldwide"], "expeditedShipping": ["false"], "oneDayShippingAvailable": ["false"], "handlingTime": ["3"]}], "sellingStatus": [{"currentPrice": [{"@currencyId": "USD", "__value__": "310.0"}], "convertedCurrentPrice": [{"@currencyId": "USD", "__value__": "310.0"}], "bidCount": ["18"], "sellingState": ["EndedWithSales"]}], "listingInfo": [{"bestOfferEnabled": ["false"], "buyItNowAvailable": ["false"], "startTime": ["2019-01-21T01:23:01.000Z"], "endTime": ["2019-01-26T01:23:01.000Z"], "listingType": ["Auction"], "gift": ["false"], "watchCount": ["27"]}], "returnsAccepted": ["false"], "condition": [{"conditionId": ["3000"], "conditionDisplayName": ["Used"]}], "isMultiVariationListing": ["false"], "pictureURLLarge": ["https://i.ebayimg.com/00/s/MTYwMFgxMDYz/z/kssAAOSwFGNcRR3j/$_1.JPG"], "topRatedListing": ["false"]}