{"itemId": ["401688710346"], "title": ["Fender Stratocaster Lake Placid Blue Electric Guitar American USA 1993-94"], "globalId": ["EBAY-US"], "primaryCategory": [{"categoryId": ["33034"], "categoryName": ["Electric Guitars"]}], "galleryURL": ["http://thumbs3.ebaystatic.com/m/mediw_MWUlCP9JbeTJdesxA/140.jpg"], "viewItemURL": ["http://www.ebay.com/itm/Fender-Stratocaster-Lake-Placid-Blue-Electric-Guitar-American-USA-1993-94-/401688710346"], "paymentMethod": ["CashOnPickup", "PayPal"], "autoPay": ["false"], "postalCode": ["91786"], "location": ["Upland,CA,USA"], "country": ["US"], "shippingInfo": [{"shippingServiceCost": [{"@currencyId": "USD", "__value__": "0.0"}], "shippingType": ["Free"], "shipToLocations": ["Worldwide"], "expeditedShipping": ["false"], "oneDayShippingAvailable": ["false"], "handlingTime": ["1"]}], "sellingStatus": [{"currentPrice": [{"@currencyId": "USD", "__value__": "519.0"}], "convertedCurrentPrice": [{"@currencyId": "USD", "__value__": "519.0"}], "bidCount": ["20"], "sellingState": ["EndedWithSales"]}], "listingInfo": [{"bestOfferEnabled": ["false"], "buyItNowAvailable": ["false"], "startTime": ["2019-01-17T20:20:46.000Z"], "endTime": ["2019-01-24T20:20:46.000Z"], "listingType": ["Auction"], "gift": ["false"], "watchCount": ["43"]}], "returnsAccepted": ["true"], "condition": [{"conditionId": ["3000"], "conditionDisplayName": ["Used"]}], "isMultiVariationListing": ["false"], "pictureURLLarge": ["https://i.ebayimg.com/00/s/MTYwMFgxMjAw/z/eLwAAOSwfvtcQOLb/$_1.JPG"], "topRatedListing": ["true"]}