{"itemId": ["113570321062"], "title": ["1975 Gibson L5-S Cherry Sunburst, very good condition, all original"], "globalId": ["EBAY-US"], "primaryCategory": [{"categoryId": ["33034"], "categoryName": ["Electric Guitars"]}], "galleryURL": ["http://thumbs3.ebaystatic.com/m/mjzP_15BQwqqUwpYMtWhFGg/140.jpg"], "viewItemURL": ["http://www.ebay.com/itm/1975-Gibson-L5-S-Cherry-Sunburst-very-good-condition-all-original-/113570321062"], "paymentMethod": ["PayPal"], "autoPay": ["false"], "postalCode": ["16801"], "location": ["State College,PA,USA"], "country": ["US"], "shippingInfo": [{"shippingServiceCost": [{"@currencyId": "USD", "__value__": "0.0"}], "shippingType": ["FreePickup"], "shipToLocations": ["Worldwide"], "expeditedShipping": ["true"], "oneDayShippingAvailable": ["false"], "handlingTime": ["3"]}], "sellingStatus": [{"currentPrice": [{"@currencyId": "USD", "__value__": "3800.0"}], "convertedCurrentPrice": [{"@currencyId": "USD", "__value__": "3800.0"}], "bidCount": ["1"], "sellingState": ["EndedWithSales"]}], "listingInfo": [{"bestOfferEnabled": ["false"], "buyItNowAvailable": ["false"], "startTime": ["2019-01-18T04:00:57.000Z"], "endTime": ["2019-01-25T04:00:57.000Z"], "listingType": ["Auction"], "gift": ["false"], "watchCount": ["9"]}], "returnsAccepted": ["true"], "condition": [{"conditionId": ["3000"], "conditionDisplayName": ["Used"]}], "isMultiVariationListing": ["false"], "pictureURLLarge": ["https://i.ebayimg.com/00/s/MTIwMFgxNjAw/z/RJIAAOSw~VBcHFvS/$_1.JPG"], "topRatedListing": ["false"]}