{"itemId": ["173753797738"], "title": ["2001 Gibson ES-335 Dot Reissue L@@K!!!"], "globalId": ["EBAY-US"], "primaryCategory": [{"categoryId": ["33034"], "categoryName": ["Electric Guitars"]}], "galleryURL": ["http://thumbs3.ebaystatic.com/m/m1TJN88-_tKmvIwyMRa5Xog/140.jpg"], "viewItemURL": ["http://www.ebay.com/itm/2001-Gibson-ES-335-Dot-Reissue-L-K-/173753797738"], "paymentMethod": ["PayPal"], "autoPay": ["false"], "postalCode": ["45011"], "location": ["Hamilton,OH,USA"], "country": ["US"], "shippingInfo": [{"shippingServiceCost": [{"@currencyId": "USD", "__value__": "99.99"}], "shippingType": ["Flat"], "shipToLocations": ["Worldwide"], "expeditedShipping": ["false"], "oneDayShippingAvailable": ["false"], "handlingTime": ["2"]}], "sellingStatus": [{"currentPrice": [{"@currencyId": "USD", "__value__": "1675.0"}], "convertedCurrentPrice": [{"@currencyId": "USD", "__value__": "1675.0"}], "bidCount": ["5"], "sellingState": ["EndedWithSales"]}], "listingInfo": [{"bestOfferEnabled": ["false"], "buyItNowAvailable": ["false"], "startTime": ["2019-01-21T18:51:54.000Z"], "endTime": ["2019-01-24T18:51:54.000Z"], "listingType": ["Auction"], "gift": ["false"], "watchCount": ["21"]}], "returnsAccepted": ["false"], "condition": [{"conditionId": ["3000"], "conditionDisplayName": ["Used"]}], "isMultiVariationListing": ["false"], "pictureURLLarge": ["https://i.ebayimg.com/00/s/MTYwMFgxMjAw/z/0nUAAOSwOHpcRhR9/$_1.JPG"], "topRatedListing": ["false"]}