{"itemId": ["303034286372"], "title": ["Fender 2015 American deluxe Telecaster Aged Cherry Burst + Fender Case"], "globalId": ["EBAY-US"], "primaryCategory": [{"categoryId": ["33034"], "categoryName": ["Electric Guitars"]}], "galleryURL": ["http://thumbs1.ebaystatic.com/m/mG2N-i6URv8QGHkJPH3UbIA/140.jpg"], "viewItemURL": ["http://www.ebay.com/itm/Fender-2015-American-deluxe-Telecaster-Aged-Cherry-Burst-Fender-Case-/303034286372"], "paymentMethod": ["PayPal"], "autoPay": ["false"], "postalCode": ["62305"], "location": ["Quincy,IL,USA"], "country": ["US"], "shippingInfo": [{"shippingServiceCost": [{"@currencyId": "USD", "__value__": "50.0"}], "shippingType": ["Flat"], "shipToLocations": ["Worldwide"], "expeditedShipping": ["false"], "oneDayShippingAvailable": ["false"], "handlingTime": ["1"]}], "sellingStatus": [{"currentPrice": [{"@currencyId": "USD", "__value__": "1225.0"}], "convertedCurrentPrice": [{"@currencyId": "USD", "__value__": "1225.0"}], "bidCount": ["17"], "sellingState": ["EndedWithSales"]}], "listingInfo": [{"bestOfferEnabled": ["false"], "buyItNowAvailable": ["false"], "startTime": ["2019-01-19T01:28:58.000Z"], "endTime": ["2019-01-24T01:28:58.000Z"], "listingType": ["Auction"], "gift": ["false"], "watchCount": ["17"]}], "returnsAccepted": ["false"], "galleryPlusPictureURL": ["http://galleryplus.ebayimg.com/ws/web/303034286372_1_0_1.jpg"], "condition": [{"conditionId": ["3000"], "conditionDisplayName": ["Used"]}], "isMultiVariationListing": ["false"], "pictureURLLarge": ["https://i.ebayimg.com/00/s/MTIwMFgxNjAw/z/1BEAAOSw~TNcO7qz/$_1.JPG"], "topRatedListing": ["false"]}