{"itemId": ["352574496529"], "title": ["2014 Epiphone Les Paul Standard  Cardinal Red w/Gibson '57 Classics w/OHSC NO RE"], "globalId": ["EBAY-US"], "primaryCategory": [{"categoryId": ["33034"], "categoryName": ["Electric Guitars"]}], "galleryURL": ["http://thumbs2.ebaystatic.com/m/mxRK2vrJ4uKPL4ZpDIu3Nyw/140.jpg"], "viewItemURL": ["http://www.ebay.com/itm/2014-Epiphone-Les-Paul-Standard-Cardinal-Red-w-Gibson-57-Classics-w-OHSC-NO-RE-/352574496529"], "paymentMethod": ["PayPal"], "autoPay": ["false"], "postalCode": ["53713"], "location": ["Madison,WI,USA"], "country": ["US"], "shippingInfo": [{"shippingServiceCost": [{"@currencyId": "USD", "__value__": "50.0"}], "shippingType": ["Flat"], "shipToLocations": ["Worldwide"], "expeditedShipping": ["false"], "oneDayShippingAvailable": ["false"], "handlingTime": ["3"]}], "sellingStatus": [{"currentPrice": [{"@currencyId": "USD", "__value__": "299.0"}], "convertedCurrentPrice": [{"@currencyId": "USD", "__value__": "299.0"}], "bidCount": ["1"], "sellingState": ["EndedWithSales"]}], "listingInfo": [{"bestOfferEnabled": ["false"], "buyItNowAvailable": ["false"], "startTime": ["2019-01-22T01:00:02.000Z"], "endTime": ["2019-01-25T01:00:02.000Z"], "listingType": ["Auction"], "gift": ["false"], "watchCount": ["9"]}], "returnsAccepted": ["false"], "condition": [{"conditionId": ["3000"], "conditionDisplayName": ["Used"]}], "isMultiVariationListing": ["false"], "pictureURLLarge": ["https://i.ebayimg.com/00/s/MTIwMFgxNjAw/z/Fj0AAOSwd2Zb2yxd/$_1.JPG"], "topRatedListing": ["false"]}