{"itemId": ["264162590056"], "title": ["1985 Yamaha SBG 1000 Japan Black Beauty Electric Guitar Orig Case & Tag! Nice!"], "globalId": ["EBAY-US"], "subtitle": ["Rare 34 yr Old Closet Classic Case Queen. Nice!"], "primaryCategory": [{"categoryId": ["33034"], "categoryName": ["Electric Guitars"]}], "galleryURL": ["http://thumbs1.ebaystatic.com/m/mxMyy4eyAglye4gK3q9dKJw/140.jpg"], "viewItemURL": ["http://www.ebay.com/itm/1985-Yamaha-SBG-1000-Japan-Black-Beauty-Electric-Guitar-Orig-Case-Tag-Nice-/264162590056"], "paymentMethod": ["PayPal"], "autoPay": ["false"], "postalCode": ["97501"], "location": ["Medford,OR,USA"], "country": ["US"], "shippingInfo": [{"shippingServiceCost": [{"@currencyId": "USD", "__value__": "89.0"}], "shippingType": ["Flat"], "shipToLocations": ["Worldwide"], "expeditedShipping": ["false"], "oneDayShippingAvailable": ["false"], "handlingTime": ["3"]}], "sellingStatus": [{"currentPrice": [{"@currencyId": "USD", "__value__": "599.0"}], "convertedCurrentPrice": [{"@currencyId": "USD", "__value__": "599.0"}], "bidCount": ["1"], "sellingState": ["EndedWithSales"]}], "listingInfo": [{"bestOfferEnabled": ["false"], "buyItNowAvailable": ["false"], "startTime": ["2019-01-25T01:43:37.000Z"], "endTime": ["2019-01-25T02:08:44.000Z"], "listingType": ["Auction"], "gift": ["false"], "watchCount": ["2"]}], "returnsAccepted": ["false"], "condition": [{"conditionId": ["3000"], "conditionDisplayName": ["Used"]}], "isMultiVariationListing": ["false"], "pictureURLLarge": ["https://i.ebayimg.com/00/s/NzY1WDE2MDA=/z/jCMAAOSwnh5cSmfT/$_1.JPG"], "topRatedListing": ["false"]}