{"itemId": ["372574817723"], "title": ["2018 Epiphone ES-339  Cherry Red  MINT UNPLAYED  NO RESERVE AUCTION !!!!"], "globalId": ["EBAY-US"], "primaryCategory": [{"categoryId": ["33034"], "categoryName": ["Electric Guitars"]}], "galleryURL": ["http://thumbs4.ebaystatic.com/m/m7sb-N5urNGr5UKq9XPgmEQ/140.jpg"], "viewItemURL": ["http://www.ebay.com/itm/2018-Epiphone-ES-339-Cherry-Red-MINT-UNPLAYED-NO-RESERVE-AUCTION-/372574817723"], "paymentMethod": ["PayPal"], "autoPay": ["false"], "postalCode": ["53713"], "location": ["Madison,WI,USA"], "country": ["US"], "shippingInfo": [{"shippingServiceCost": [{"@currencyId": "USD", "__value__": "45.0"}], "shippingType": ["Flat"], "shipToLocations": ["Worldwide"], "expeditedShipping": ["false"], "oneDayShippingAvailable": ["false"], "handlingTime": ["3"]}], "sellingStatus": [{"currentPrice": [{"@currencyId": "USD", "__value__": "299.0"}], "convertedCurrentPrice": [{"@currencyId": "USD", "__value__": "299.0"}], "bidCount": ["1"], "sellingState": ["EndedWithSales"]}], "listingInfo": [{"bestOfferEnabled": ["false"], "buyItNowAvailable": ["false"], "startTime": ["2019-01-22T01:00:22.000Z"], "endTime": ["2019-01-25T01:00:22.000Z"], "listingType": ["Auction"], "gift": ["false"], "watchCount": ["8"]}], "returnsAccepted": ["false"], "condition": [{"conditionId": ["3000"], "conditionDisplayName": ["Used"]}], "isMultiVariationListing": ["false"], "pictureURLLarge": ["https://i.ebayimg.com/00/s/MTIwMFgxNjAw/z/Qs4AAOSwJOJcAusy/$_1.JPG"], "topRatedListing": ["false"]}