{"itemId": ["292927220929"], "title": ["Jackson Randy Rhoads Concorde - JS32 cd Flying V Electric Guitar"], "globalId": ["EBAY-US"], "primaryCategory": [{"categoryId": ["33034"], "categoryName": ["Electric Guitars"]}], "galleryURL": ["http://thumbs2.ebaystatic.com/m/m3hIgEUAfWRlDZ3LNJPphiQ/140.jpg"], "viewItemURL": ["http://www.ebay.com/itm/Jackson-Randy-Rhoads-Concorde-JS32-cd-Flying-V-Electric-Guitar-/292927220929"], "paymentMethod": ["PayPal"], "autoPay": ["false"], "postalCode": ["45424"], "location": ["Dayton,OH,USA"], "country": ["US"], "shippingInfo": [{"shippingServiceCost": [{"@currencyId": "USD", "__value__": "30.0"}], "shippingType": ["Flat"], "shipToLocations": ["Worldwide"], "expeditedShipping": ["false"], "oneDayShippingAvailable": ["false"], "handlingTime": ["2"]}], "sellingStatus": [{"currentPrice": [{"@currencyId": "USD", "__value__": "255.0"}], "convertedCurrentPrice": [{"@currencyId": "USD", "__value__": "255.0"}], "bidCount": ["4"], "sellingState": ["EndedWithSales"]}], "listingInfo": [{"bestOfferEnabled": ["false"], "buyItNowAvailable": ["false"], "startTime": ["2019-01-20T18:58:53.000Z"], "endTime": ["2019-01-25T18:58:53.000Z"], "listingType": ["Auction"], "gift": ["false"], "watchCount": ["30"]}], "returnsAccepted": ["false"], "condition": [{"conditionId": ["3000"], "conditionDisplayName": ["Used"]}], "isMultiVariationListing": ["false"], "pictureURLLarge": ["https://i.ebayimg.com/00/s/NzMxWDE2MDA=/z/l04AAOSwhzhcRMRV/$_1.JPG"], "topRatedListing": ["false"]}