{"itemId": ["401688014414"], "title": ["Gibson 1960 Sunburst ES 125 3/4 Hollow Body & Neck"], "globalId": ["EBAY-US"], "primaryCategory": [{"categoryId": ["33034"], "categoryName": ["Electric Guitars"]}], "galleryURL": ["http://thumbs3.ebaystatic.com/m/mBLeSh9qyl2RXWL1UvjbWUg/140.jpg"], "viewItemURL": ["http://www.ebay.com/itm/Gibson-1960-Sunburst-ES-125-3-4-Hollow-Body-Neck-/401688014414"], "paymentMethod": ["PayPal"], "autoPay": ["false"], "postalCode": ["08028"], "location": ["Glassboro,NJ,USA"], "country": ["US"], "shippingInfo": [{"shippingType": ["Calculated"], "shipToLocations": ["Worldwide"], "expeditedShipping": ["true"], "oneDayShippingAvailable": ["false"], "handlingTime": ["1"]}], "sellingStatus": [{"currentPrice": [{"@currencyId": "USD", "__value__": "515.0"}], "convertedCurrentPrice": [{"@currencyId": "USD", "__value__": "515.0"}], "bidCount": ["2"], "sellingState": ["EndedWithSales"]}], "listingInfo": [{"bestOfferEnabled": ["false"], "buyItNowAvailable": ["false"], "startTime": ["2019-01-17T02:00:49.000Z"], "endTime": ["2019-01-24T02:00:49.000Z"], "listingType": ["Auction"], "gift": ["false"], "watchCount": ["52"]}], "returnsAccepted": ["false"], "condition": [{"conditionId": ["3000"], "conditionDisplayName": ["Used"]}], "isMultiVariationListing": ["false"], "pictureURLLarge": ["https://i.ebayimg.com/00/s/NjQwWDQ4MA==/z/7IEAAOSwMKxcP6l~/$_1.JPG"], "topRatedListing": ["false"]}