{"itemId": ["223333313162"], "title": ["Schecter C-1 FR ATX - barely used - Floyd Rose electric guitar 6 string"], "globalId": ["EBAY-US"], "primaryCategory": [{"categoryId": ["33034"], "categoryName": ["Electric Guitars"]}], "galleryURL": ["http://thumbs3.ebaystatic.com/m/mKUp0RRdlYy5e6Rhx15UYzw/140.jpg"], "viewItemURL": ["http://www.ebay.com/itm/Schecter-C-1-FR-ATX-barely-used-Floyd-Rose-electric-guitar-6-string-/223333313162"], "paymentMethod": ["PayPal"], "autoPay": ["false"], "postalCode": ["35147"], "location": ["Sterrett,AL,USA"], "country": ["US"], "shippingInfo": [{"shippingType": ["Calculated"], "shipToLocations": ["Worldwide"], "expeditedShipping": ["true"], "oneDayShippingAvailable": ["false"], "handlingTime": ["3"]}], "sellingStatus": [{"currentPrice": [{"@currencyId": "USD", "__value__": "300.0"}], "convertedCurrentPrice": [{"@currencyId": "USD", "__value__": "300.0"}], "bidCount": ["1"], "sellingState": ["EndedWithSales"]}], "listingInfo": [{"bestOfferEnabled": ["false"], "buyItNowAvailable": ["false"], "startTime": ["2019-01-19T18:25:46.000Z"], "endTime": ["2019-01-24T18:25:46.000Z"], "listingType": ["Auction"], "gift": ["false"], "watchCount": ["9"]}], "returnsAccepted": ["false"], "condition": [{"conditionId": ["3000"], "conditionDisplayName": ["Used"]}], "isMultiVariationListing": ["false"], "pictureURLLarge": ["https://i.ebayimg.com/00/s/MTYwMFgxMjAw/z/fiIAAOSwCGVcQ2sm/$_1.JPG"], "topRatedListing": ["false"]}