{"itemId": ["273662949481"], "title": ["2010 NOS Gibson Les Paul Traditional Honey Burst w/ Figured Top!  "], "globalId": ["EBAY-US"], "primaryCategory": [{"categoryId": ["33034"], "categoryName": ["Electric Guitars"]}], "galleryURL": ["http://thumbs2.ebaystatic.com/m/mtcuXEj1u7qGZ23bOM-I_6A/140.jpg"], "viewItemURL": ["http://www.ebay.com/itm/2010-NOS-Gibson-Les-Paul-Traditional-Honey-Burst-w-Figured-Top-/273662949481"], "paymentMethod": ["PayPal"], "autoPay": ["false"], "postalCode": ["29907"], "location": ["Ladys Island,SC,USA"], "country": ["US"], "shippingInfo": [{"shippingServiceCost": [{"@currencyId": "USD", "__value__": "75.0"}], "shippingType": ["Flat"], "shipToLocations": ["Worldwide"], "expeditedShipping": ["false"], "oneDayShippingAvailable": ["false"], "handlingTime": ["2"]}], "sellingStatus": [{"currentPrice": [{"@currencyId": "USD", "__value__": "1575.0"}], "convertedCurrentPrice": [{"@currencyId": "USD", "__value__": "1575.0"}], "bidCount": ["2"], "sellingState": ["EndedWithSales"]}], "listingInfo": [{"bestOfferEnabled": ["false"], "buyItNowAvailable": ["false"], "startTime": ["2019-01-18T16:02:30.000Z"], "endTime": ["2019-01-25T16:02:30.000Z"], "listingType": ["Auction"], "gift": ["false"], "watchCount": ["57"]}], "returnsAccepted": ["false"], "condition": [{"conditionId": ["3000"], "conditionDisplayName": ["Used"]}], "isMultiVariationListing": ["false"], "pictureURLLarge": ["https://i.ebayimg.com/00/s/MTYwMFg3OTY=/z/V-MAAOSwZddcQfLP/$_1.JPG"], "topRatedListing": ["false"]}