{"itemId": ["123600100653"], "title": ["heavy relic distressed electric guitar tele style-blue"], "globalId": ["EBAY-US"], "primaryCategory": [{"categoryId": ["33034"], "categoryName": ["Electric Guitars"]}], "galleryURL": ["http://thumbs2.ebaystatic.com/m/mwRJLrk7eGY88Zw8EOqBazw/140.jpg"], "viewItemURL": ["http://www.ebay.com/itm/heavy-relic-distressed-electric-guitar-tele-style-blue-/123600100653"], "paymentMethod": ["PayPal"], "autoPay": ["false"], "postalCode": ["44278"], "location": ["Tallmadge,OH,USA"], "country": ["US"], "shippingInfo": [{"shippingType": ["Calculated"], "shipToLocations": ["Worldwide"], "expeditedShipping": ["false"], "oneDayShippingAvailable": ["false"], "handlingTime": ["2"]}], "sellingStatus": [{"currentPrice": [{"@currencyId": "USD", "__value__": "365.0"}], "convertedCurrentPrice": [{"@currencyId": "USD", "__value__": "365.0"}], "bidCount": ["78"], "sellingState": ["EndedWithSales"]}], "listingInfo": [{"bestOfferEnabled": ["false"], "buyItNowAvailable": ["false"], "startTime": ["2019-01-18T02:45:38.000Z"], "endTime": ["2019-01-25T02:45:38.000Z"], "listingType": ["Auction"], "gift": ["false"], "watchCount": ["59"]}], "returnsAccepted": ["false"], "condition": [{"conditionId": ["3000"], "conditionDisplayName": ["Used"]}], "isMultiVariationListing": ["false"], "pictureURLLarge": ["https://i.ebayimg.com/00/s/MTIwMFgxNjAw/z/ELkAAOSwYPNcQTwE/$_1.JPG"], "topRatedListing": ["false"]}