{"itemId": ["113564436682"], "title": ["1995 Ibanez Electric 4-String Bass Guitar SR1200, Blue in soft case *NO RESERVE*"], "globalId": ["EBAY-US"], "primaryCategory": [{"categoryId": ["33034"], "categoryName": ["Electric Guitars"]}], "galleryURL": ["http://thumbs3.ebaystatic.com/m/ml3LdHgb2-L2rvJ7kamO0jg/140.jpg"], "viewItemURL": ["http://www.ebay.com/itm/1995-Ibanez-Electric-4-String-Bass-Guitar-SR1200-Blue-soft-case-NO-RESERVE-/113564436682"], "paymentMethod": ["PayPal"], "autoPay": ["false"], "postalCode": ["98225"], "location": ["Bellingham,WA,USA"], "country": ["US"], "shippingInfo": [{"shippingType": ["Calculated"], "shipToLocations": ["Worldwide"], "expeditedShipping": ["false"], "oneDayShippingAvailable": ["false"], "handlingTime": ["1"]}], "sellingStatus": [{"currentPrice": [{"@currencyId": "USD", "__value__": "350.0"}], "convertedCurrentPrice": [{"@currencyId": "USD", "__value__": "350.0"}], "bidCount": ["2"], "sellingState": ["EndedWithSales"]}], "listingInfo": [{"bestOfferEnabled": ["false"], "buyItNowAvailable": ["false"], "startTime": ["2019-01-16T17:48:58.000Z"], "endTime": ["2019-01-26T17:48:58.000Z"], "listingType": ["Auction"], "gift": ["false"], "watchCount": ["2"]}], "returnsAccepted": ["true"], "condition": [{"conditionId": ["3000"], "conditionDisplayName": ["Used"]}], "isMultiVariationListing": ["false"], "pictureURLLarge": ["https://i.ebayimg.com/00/s/MTA2NFgxNjAw/z/Jh8AAOSw4c5b~yW~/$_1.JPG"], "topRatedListing": ["false"]}