{"itemId": ["233095917206"], "title": ["Gibson SG Special Faded Electric Guitar EMG Pickups w/ Hard Case \u2013 2008 USA Made"], "globalId": ["EBAY-US"], "primaryCategory": [{"categoryId": ["33034"], "categoryName": ["Electric Guitars"]}], "galleryURL": ["http://thumbs3.ebaystatic.com/m/mzlnlflJK5j-RIQnXBo0dbg/140.jpg"], "viewItemURL": ["http://www.ebay.com/itm/Gibson-SG-Special-Faded-Electric-Guitar-EMG-Pickups-w-Hard-Case-2008-USA-Made-/233095917206"], "paymentMethod": ["PayPal"], "autoPay": ["false"], "postalCode": ["61704"], "location": ["Bloomington,IL,USA"], "country": ["US"], "shippingInfo": [{"shippingServiceCost": [{"@currencyId": "USD", "__value__": "22.3"}], "shippingType": ["Flat"], "shipToLocations": ["Worldwide"], "expeditedShipping": ["false"], "oneDayShippingAvailable": ["false"], "handlingTime": ["1"]}], "sellingStatus": [{"currentPrice": [{"@currencyId": "USD", "__value__": "464.0"}], "convertedCurrentPrice": [{"@currencyId": "USD", "__value__": "464.0"}], "bidCount": ["24"], "sellingState": ["EndedWithSales"]}], "listingInfo": [{"bestOfferEnabled": ["false"], "buyItNowAvailable": ["false"], "startTime": ["2019-01-15T19:38:40.000Z"], "endTime": ["2019-01-25T19:38:40.000Z"], "listingType": ["Auction"], "gift": ["false"], "watchCount": ["61"]}], "returnsAccepted": ["true"], "condition": [{"conditionId": ["3000"], "conditionDisplayName": ["Used"]}], "isMultiVariationListing": ["false"], "pictureURLLarge": ["https://i.ebayimg.com/00/s/OTYwWDEyODA=/z/zTEAAOSwjoFcPjbD/$_1.JPG"], "topRatedListing": ["true"]}