{"itemId": ["292926224878"], "title": ["Souped Up Gretsch G2420T Streamliner Hollowbody Guitar Bigsby-TV Jones Pick Ups"], "globalId": ["EBAY-US"], "primaryCategory": [{"categoryId": ["33034"], "categoryName": ["Electric Guitars"]}], "galleryURL": ["http://thumbs3.ebaystatic.com/m/m0k0ZdMllBg7cjcLG1phEsA/140.jpg"], "viewItemURL": ["http://www.ebay.com/itm/Souped-Up-Gretsch-G2420T-Streamliner-Hollowbody-Guitar-Bigsby-TV-Jones-Pick-Ups-/292926224878"], "paymentMethod": ["PayPal", "VisaMC", "Discover"], "autoPay": ["false"], "postalCode": ["80503"], "location": ["Longmont,CO,USA"], "country": ["US"], "shippingInfo": [{"shippingServiceCost": [{"@currencyId": "USD", "__value__": "50.0"}], "shippingType": ["Flat"], "shipToLocations": ["Worldwide"], "expeditedShipping": ["true"], "oneDayShippingAvailable": ["false"], "handlingTime": ["5"]}], "sellingStatus": [{"currentPrice": [{"@currencyId": "USD", "__value__": "460.0"}], "convertedCurrentPrice": [{"@currencyId": "USD", "__value__": "460.0"}], "bidCount": ["1"], "sellingState": ["EndedWithSales"]}], "listingInfo": [{"bestOfferEnabled": ["false"], "buyItNowAvailable": ["false"], "startTime": ["2019-01-19T23:16:41.000Z"], "endTime": ["2019-01-24T23:16:41.000Z"], "listingType": ["Auction"], "gift": ["false"], "watchCount": ["6"]}], "returnsAccepted": ["false"], "condition": [{"conditionId": ["3000"], "conditionDisplayName": ["Used"]}], "isMultiVariationListing": ["false"], "pictureURLLarge": ["https://i.ebayimg.com/00/s/MTYwMFgxMjAw/z/1W8AAOSwAzxb-4~g/$_1.JPG"], "topRatedListing": ["false"]}