{"itemId": ["192791886164"], "title": ["\u00a0Fender\u00a0 Stratocaster!\u00a0MZ2 + 5 or 6 digits\t2002-2003 Black Maple neck."], "globalId": ["EBAY-US"], "primaryCategory": [{"categoryId": ["33034"], "categoryName": ["Electric Guitars"]}], "galleryURL": ["http://thumbs1.ebaystatic.com/m/mPPWDl7dfR_DkcOjWZdERnw/140.jpg"], "viewItemURL": ["http://www.ebay.com/itm/Fender-Stratocaster-MZ2-5-6-digits-2002-2003-Black-Maple-neck-/192791886164"], "paymentMethod": ["PayPal"], "autoPay": ["false"], "postalCode": ["60148"], "location": ["Lombard,IL,USA"], "country": ["US"], "shippingInfo": [{"shippingServiceCost": [{"@currencyId": "USD", "__value__": "40.0"}], "shippingType": ["Flat"], "shipToLocations": ["Worldwide"], "expeditedShipping": ["false"], "oneDayShippingAvailable": ["false"], "handlingTime": ["3"]}], "sellingStatus": [{"currentPrice": [{"@currencyId": "USD", "__value__": "330.0"}], "convertedCurrentPrice": [{"@currencyId": "USD", "__value__": "330.0"}], "bidCount": ["5"], "sellingState": ["EndedWithSales"]}], "listingInfo": [{"bestOfferEnabled": ["false"], "buyItNowAvailable": ["false"], "startTime": ["2019-01-15T17:30:03.000Z"], "endTime": ["2019-01-25T17:30:03.000Z"], "listingType": ["Auction"], "gift": ["false"], "watchCount": ["12"]}], "returnsAccepted": ["false"], "condition": [{"conditionId": ["3000"], "conditionDisplayName": ["Used"]}], "isMultiVariationListing": ["false"], "pictureURLLarge": ["https://i.ebayimg.com/00/s/MTYwMFgxMTk4/z/ZfMAAOSwHOZcMOfx/$_1.JPG"], "topRatedListing": ["false"]}