{"itemId": ["401689449309"], "title": ["Squier by Fender Vintage Modified Jaguar Electric Guitar sn ICS15269020 Sunburst"], "globalId": ["EBAY-US"], "primaryCategory": [{"categoryId": ["33034"], "categoryName": ["Electric Guitars"]}], "galleryURL": ["http://thumbs2.ebaystatic.com/m/mgelPPxjQ642Q8ysbhYQTEQ/140.jpg"], "viewItemURL": ["http://www.ebay.com/itm/Squier-Fender-Vintage-Modified-Jaguar-Electric-Guitar-sn-ICS15269020-Sunburst-/401689449309"], "charityId": ["3662"], "paymentMethod": ["PayPal"], "autoPay": ["false"], "postalCode": ["98144"], "location": ["Seattle,WA,USA"], "country": ["US"], "shippingInfo": [{"shippingServiceCost": [{"@currencyId": "USD", "__value__": "35.0"}], "shippingType": ["Flat"], "shipToLocations": ["Worldwide"], "expeditedShipping": ["false"], "oneDayShippingAvailable": ["false"], "handlingTime": ["1"]}], "sellingStatus": [{"currentPrice": [{"@currencyId": "USD", "__value__": "362.0"}], "convertedCurrentPrice": [{"@currencyId": "USD", "__value__": "362.0"}], "bidCount": ["25"], "sellingState": ["EndedWithSales"]}], "listingInfo": [{"bestOfferEnabled": ["false"], "buyItNowAvailable": ["false"], "startTime": ["2019-01-18T20:09:54.000Z"], "endTime": ["2019-01-25T20:09:54.000Z"], "listingType": ["Auction"], "gift": ["false"], "watchCount": ["59"]}], "returnsAccepted": ["true"], "condition": [{"conditionId": ["3000"], "conditionDisplayName": ["Used"]}], "isMultiVariationListing": ["false"], "pictureURLLarge": ["https://i.ebayimg.com/00/s/ODY2WDE1OTk=/z/oZkAAOSwrm5cQjJu/$_1.JPG"], "topRatedListing": ["false"]}