{"itemId": ["183641793569"], "title": ["FENDER STANDARD STRATOCASTER EXCELLENT CONDITION MEXICAN STRAT 60th ANNIVERSARY"], "globalId": ["EBAY-US"], "primaryCategory": [{"categoryId": ["33034"], "categoryName": ["Electric Guitars"]}], "galleryURL": ["http://thumbs2.ebaystatic.com/m/m4q2o9_GrQvhXyWfwSPFVgQ/140.jpg"], "viewItemURL": ["http://www.ebay.com/itm/FENDER-STANDARD-STRATOCASTER-EXCELLENT-CONDITION-MEXICAN-STRAT-60th-ANNIVERSARY-/183641793569"], "paymentMethod": ["PayPal"], "autoPay": ["true"], "postalCode": ["29704"], "location": ["Catawba,SC,USA"], "country": ["US"], "shippingInfo": [{"shippingType": ["Calculated"], "shipToLocations": ["Worldwide"], "expeditedShipping": ["true"], "oneDayShippingAvailable": ["false"], "handlingTime": ["3"]}], "sellingStatus": [{"currentPrice": [{"@currencyId": "USD", "__value__": "361.0"}], "convertedCurrentPrice": [{"@currencyId": "USD", "__value__": "361.0"}], "bidCount": ["48"], "sellingState": ["EndedWithSales"]}], "listingInfo": [{"bestOfferEnabled": ["false"], "buyItNowAvailable": ["false"], "startTime": ["2019-01-19T04:30:10.000Z"], "endTime": ["2019-01-26T04:30:10.000Z"], "listingType": ["Auction"], "gift": ["false"], "watchCount": ["29"]}], "returnsAccepted": ["false"], "condition": [{"conditionId": ["3000"], "conditionDisplayName": ["Used"]}], "isMultiVariationListing": ["false"], "pictureURLLarge": ["https://i.ebayimg.com/00/s/MTYwMFgxNTIw/z/FVcAAOSw4ntcQZis/$_1.JPG"], "topRatedListing": ["false"]}