{"itemId": ["223330590101"], "title": ["2004 Fender American Deluxe Telecaster - original w/case - Excellent Condition"], "globalId": ["EBAY-US"], "primaryCategory": [{"categoryId": ["33034"], "categoryName": ["Electric Guitars"]}], "galleryURL": ["http://thumbs2.ebaystatic.com/m/m34a9YFqyMO4aryDdhgx3qA/140.jpg"], "viewItemURL": ["http://www.ebay.com/itm/2004-Fender-American-Deluxe-Telecaster-original-w-case-Excellent-Condition-/223330590101"], "paymentMethod": ["PayPal"], "autoPay": ["false"], "postalCode": ["56401"], "location": ["Brainerd,MN,USA"], "country": ["US"], "shippingInfo": [{"shippingType": ["Calculated"], "shipToLocations": ["Worldwide"], "expeditedShipping": ["false"], "oneDayShippingAvailable": ["false"], "handlingTime": ["3"]}], "sellingStatus": [{"currentPrice": [{"@currencyId": "USD", "__value__": "1000.0"}], "convertedCurrentPrice": [{"@currencyId": "USD", "__value__": "1000.0"}], "bidCount": ["1"], "sellingState": ["EndedWithSales"]}], "listingInfo": [{"bestOfferEnabled": ["false"], "buyItNowAvailable": ["false"], "startTime": ["2019-01-18T11:53:21.000Z"], "endTime": ["2019-01-24T23:53:21.000Z"], "listingType": ["Auction"], "gift": ["false"], "watchCount": ["19"]}], "returnsAccepted": ["false"], "condition": [{"conditionId": ["3000"], "conditionDisplayName": ["Used"]}], "isMultiVariationListing": ["false"], "pictureURLLarge": ["https://i.ebayimg.com/00/s/MTIwMFgxNjAw/z/ud4AAOSwhfRcQRLF/$_1.JPG"], "topRatedListing": ["false"]}