{"itemId": ["173739728517"], "title": ["Carvin HF2 Allan Holdsworth Semi Hollow \"FATBOY\" Natural Flame Maple Top w/OHSC"], "globalId": ["EBAY-US"], "primaryCategory": [{"categoryId": ["33034"], "categoryName": ["Electric Guitars"]}], "galleryURL": ["http://thumbs2.ebaystatic.com/m/madX8mm6bHb7UZ2X-yeJaYw/140.jpg"], "viewItemURL": ["http://www.ebay.com/itm/Carvin-HF2-Allan-Holdsworth-Semi-Hollow-FATBOY-Natural-Flame-Maple-Top-w-OHSC-/173739728517"], "paymentMethod": ["PayPal"], "autoPay": ["false"], "postalCode": ["14150"], "location": ["Tonawanda,NY,USA"], "country": ["US"], "shippingInfo": [{"shippingServiceCost": [{"@currencyId": "USD", "__value__": "0.0"}], "shippingType": ["Free"], "shipToLocations": ["Worldwide"], "expeditedShipping": ["false"], "oneDayShippingAvailable": ["false"], "handlingTime": ["1"]}], "sellingStatus": [{"currentPrice": [{"@currencyId": "USD", "__value__": "1015.0"}], "convertedCurrentPrice": [{"@currencyId": "USD", "__value__": "1015.0"}], "bidCount": ["1"], "sellingState": ["EndedWithSales"]}], "listingInfo": [{"bestOfferEnabled": ["false"], "buyItNowAvailable": ["false"], "startTime": ["2019-01-14T02:24:04.000Z"], "endTime": ["2019-01-24T01:05:36.000Z"], "listingType": ["Auction"], "gift": ["false"], "watchCount": ["8"]}], "returnsAccepted": ["false"], "condition": [{"conditionId": ["3000"], "conditionDisplayName": ["Used"]}], "isMultiVariationListing": ["false"], "pictureURLLarge": ["https://i.ebayimg.com/00/s/MTYwMFgxMjAw/z/IyMAAOSw6eRcLDwM/$_1.JPG"], "topRatedListing": ["false"]}