{"itemId": ["202569309479"], "title": ["Schecter Diamon Series classic"], "globalId": ["EBAY-US"], "primaryCategory": [{"categoryId": ["33034"], "categoryName": ["Electric Guitars"]}], "galleryURL": ["http://thumbs4.ebaystatic.com/m/mCKfVf1VPHhnwdQ6pRgmJ6A/140.jpg"], "viewItemURL": ["http://www.ebay.com/itm/Schecter-Diamon-Series-classic-/202569309479"], "paymentMethod": ["PayPal"], "autoPay": ["false"], "postalCode": ["75211"], "location": ["Dallas,TX,USA"], "country": ["US"], "shippingInfo": [{"shippingServiceCost": [{"@currencyId": "USD", "__value__": "0.0"}], "shippingType": ["FreePickup"], "shipToLocations": ["Worldwide"], "expeditedShipping": ["false"], "oneDayShippingAvailable": ["false"], "handlingTime": ["2"]}], "sellingStatus": [{"currentPrice": [{"@currencyId": "USD", "__value__": "275.0"}], "convertedCurrentPrice": [{"@currencyId": "USD", "__value__": "275.0"}], "bidCount": ["14"], "sellingState": ["EndedWithSales"]}], "listingInfo": [{"bestOfferEnabled": ["false"], "buyItNowAvailable": ["false"], "startTime": ["2019-01-18T03:45:21.000Z"], "endTime": ["2019-01-25T03:45:21.000Z"], "listingType": ["Auction"], "gift": ["false"], "watchCount": ["20"]}], "returnsAccepted": ["false"], "condition": [{"conditionId": ["3000"], "conditionDisplayName": ["Used"]}], "isMultiVariationListing": ["false"], "pictureURLLarge": ["https://i.ebayimg.com/00/s/MTYwMFgxMjAw/z/aMoAAOSwPPFcQUnZ/$_1.JPG"], "topRatedListing": ["false"]}