{"itemId": ["183644235882"], "title": ["Fender Modern Player Telecaster Plus Electric Guitar"], "globalId": ["EBAY-US"], "primaryCategory": [{"categoryId": ["33034"], "categoryName": ["Electric Guitars"]}], "galleryURL": ["http://thumbs3.ebaystatic.com/m/m1PDOXsdrFi59BqMbsPTCKQ/140.jpg"], "viewItemURL": ["http://www.ebay.com/itm/Fender-Modern-Player-Telecaster-Plus-Electric-Guitar-/183644235882"], "productId": [{"@type": "ReferenceID", "__value__": "131648696"}], "paymentMethod": ["PayPal"], "autoPay": ["false"], "postalCode": ["23437"], "location": ["Suffolk,VA,USA"], "country": ["US"], "shippingInfo": [{"shippingServiceCost": [{"@currencyId": "USD", "__value__": "30.0"}], "shippingType": ["Flat"], "shipToLocations": ["Worldwide"], "expeditedShipping": ["true"], "oneDayShippingAvailable": ["false"], "handlingTime": ["3"]}], "sellingStatus": [{"currentPrice": [{"@currencyId": "USD", "__value__": "335.0"}], "convertedCurrentPrice": [{"@currencyId": "USD", "__value__": "335.0"}], "bidCount": ["3"], "sellingState": ["EndedWithSales"]}], "listingInfo": [{"bestOfferEnabled": ["false"], "buyItNowAvailable": ["false"], "startTime": ["2019-01-20T01:30:01.000Z"], "endTime": ["2019-01-25T01:30:01.000Z"], "listingType": ["Auction"], "gift": ["false"], "watchCount": ["11"]}], "returnsAccepted": ["false"], "condition": [{"conditionId": ["3000"], "conditionDisplayName": ["Used"]}], "isMultiVariationListing": ["false"], "pictureURLLarge": ["https://i.ebayimg.com/00/s/MTYwMFg5MDA=/z/FnQAAOSwyshcQ8XI/$_1.JPG"], "topRatedListing": ["false"]}