{"itemId": ["333019035371"], "title": ["Charvel San Dimas Guitar Black 1986 Maple Neck W/ Washburn Wonderbar No Reserve"], "globalId": ["EBAY-US"], "primaryCategory": [{"categoryId": ["33034"], "categoryName": ["Electric Guitars"]}], "galleryURL": ["http://thumbs4.ebaystatic.com/m/muu8473iPzzyaEaO8mtRGJA/140.jpg"], "viewItemURL": ["http://www.ebay.com/itm/Charvel-San-Dimas-Guitar-Black-1986-Maple-Neck-W-Washburn-Wonderbar-No-Reserve-/333019035371"], "paymentMethod": ["PayPal"], "autoPay": ["false"], "postalCode": ["94530"], "location": ["El Cerrito,CA,USA"], "country": ["US"], "shippingInfo": [{"shippingServiceCost": [{"@currencyId": "USD", "__value__": "0.0"}], "shippingType": ["Free"], "shipToLocations": ["Worldwide"], "expeditedShipping": ["true"], "oneDayShippingAvailable": ["false"], "handlingTime": ["3"]}], "sellingStatus": [{"currentPrice": [{"@currencyId": "USD", "__value__": "676.66"}], "convertedCurrentPrice": [{"@currencyId": "USD", "__value__": "676.66"}], "bidCount": ["18"], "sellingState": ["EndedWithSales"]}], "listingInfo": [{"bestOfferEnabled": ["false"], "buyItNowAvailable": ["false"], "startTime": ["2019-01-17T00:06:19.000Z"], "endTime": ["2019-01-24T00:06:19.000Z"], "listingType": ["Auction"], "gift": ["false"], "watchCount": ["32"]}], "returnsAccepted": ["false"], "condition": [{"conditionId": ["3000"], "conditionDisplayName": ["Used"]}], "isMultiVariationListing": ["false"], "pictureURLLarge": ["https://i.ebayimg.com/00/s/MTYwMFg5MDY=/z/eRcAAOSwFoNcP3wc/$_1.JPG"], "topRatedListing": ["false"]}