{"itemId": ["153352694559"], "title": ["2015 PRS S2 Singlecut Semi-Hollow Electric Guitar w/ Gig Bag"], "globalId": ["EBAY-US"], "primaryCategory": [{"categoryId": ["33034"], "categoryName": ["Electric Guitars"]}], "galleryURL": ["http://thumbs4.ebaystatic.com/m/msqlYdQqKH44UsPef6MTk7Q/140.jpg"], "viewItemURL": ["http://www.ebay.com/itm/2015-PRS-S2-Singlecut-Semi-Hollow-Electric-Guitar-w-Gig-Bag-/153352694559"], "paymentMethod": ["PayPal"], "autoPay": ["false"], "postalCode": ["01810"], "location": ["Andover,MA,USA"], "country": ["US"], "shippingInfo": [{"shippingServiceCost": [{"@currencyId": "USD", "__value__": "0.0"}], "shippingType": ["Free"], "shipToLocations": ["Worldwide"], "expeditedShipping": ["false"], "oneDayShippingAvailable": ["false"], "handlingTime": ["3"]}], "sellingStatus": [{"currentPrice": [{"@currencyId": "USD", "__value__": "870.0"}], "convertedCurrentPrice": [{"@currencyId": "USD", "__value__": "870.0"}], "bidCount": ["1"], "sellingState": ["EndedWithSales"]}], "listingInfo": [{"bestOfferEnabled": ["false"], "buyItNowAvailable": ["false"], "startTime": ["2019-01-25T19:48:14.000Z"], "endTime": ["2019-01-25T21:40:47.000Z"], "listingType": ["Auction"], "gift": ["false"]}], "returnsAccepted": ["false"], "condition": [{"conditionId": ["3000"], "conditionDisplayName": ["Used"]}], "isMultiVariationListing": ["false"], "pictureURLLarge": ["https://i.ebayimg.com/00/s/MTYwMFgxMjAw/z/OSYAAOSwiudcQjBg/$_1.JPG"], "topRatedListing": ["false"]}