{"itemId": ["192796507778"], "title": ["Agile 3100 Goldtop Electric Guitar With Soft Case"], "globalId": ["EBAY-US"], "primaryCategory": [{"categoryId": ["33034"], "categoryName": ["Electric Guitars"]}], "galleryURL": ["http://thumbs3.ebaystatic.com/m/mGD_XPopywlW2Ny28vm9A9w/140.jpg"], "viewItemURL": ["http://www.ebay.com/itm/Agile-3100-Goldtop-Electric-Guitar-Soft-Case-/192796507778"], "paymentMethod": ["PayPal"], "autoPay": ["true"], "postalCode": ["79045"], "location": ["Hereford,TX,USA"], "country": ["US"], "shippingInfo": [{"shippingServiceCost": [{"@currencyId": "USD", "__value__": "30.0"}], "shippingType": ["Flat"], "shipToLocations": ["Worldwide"], "expeditedShipping": ["false"], "oneDayShippingAvailable": ["false"], "handlingTime": ["2"]}], "sellingStatus": [{"currentPrice": [{"@currencyId": "USD", "__value__": "420.0"}], "convertedCurrentPrice": [{"@currencyId": "USD", "__value__": "420.0"}], "bidCount": ["7"], "sellingState": ["EndedWithSales"]}], "listingInfo": [{"bestOfferEnabled": ["false"], "buyItNowAvailable": ["false"], "startTime": ["2019-01-19T16:18:21.000Z"], "endTime": ["2019-01-24T16:18:21.000Z"], "listingType": ["Auction"], "gift": ["false"], "watchCount": ["9"]}], "returnsAccepted": ["false"], "condition": [{"conditionId": ["3000"], "conditionDisplayName": ["Used"]}], "isMultiVariationListing": ["false"], "pictureURLLarge": ["https://i.ebayimg.com/00/s/MTYwMFgxMjAw/z/0LsAAOSwRfxcQ0kC/$_1.JPG"], "topRatedListing": ["false"]}