{"itemId": ["113564439657"], "title": ["1995 Gibson Les Paul Studio Electric Guitar Ebony SethLoverPickups *NO RESERVE*"], "globalId": ["EBAY-US"], "primaryCategory": [{"categoryId": ["33034"], "categoryName": ["Electric Guitars"]}], "galleryURL": ["http://thumbs2.ebaystatic.com/m/mVyWSSAyQmhw5hQuCnZkT2Q/140.jpg"], "viewItemURL": ["http://www.ebay.com/itm/1995-Gibson-Les-Paul-Studio-Electric-Guitar-Ebony-SethLoverPickups-NO-RESERVE-/113564439657"], "paymentMethod": ["PayPal"], "autoPay": ["false"], "postalCode": ["98225"], "location": ["Bellingham,WA,USA"], "country": ["US"], "shippingInfo": [{"shippingType": ["Calculated"], "shipToLocations": ["Worldwide"], "expeditedShipping": ["false"], "oneDayShippingAvailable": ["false"], "handlingTime": ["1"]}], "sellingStatus": [{"currentPrice": [{"@currencyId": "USD", "__value__": "637.36"}], "convertedCurrentPrice": [{"@currencyId": "USD", "__value__": "637.36"}], "bidCount": ["11"], "sellingState": ["EndedWithSales"]}], "listingInfo": [{"bestOfferEnabled": ["false"], "buyItNowAvailable": ["false"], "startTime": ["2019-01-16T17:53:20.000Z"], "endTime": ["2019-01-26T17:53:20.000Z"], "listingType": ["Auction"], "gift": ["false"], "watchCount": ["88"]}], "returnsAccepted": ["true"], "condition": [{"conditionId": ["3000"], "conditionDisplayName": ["Used"]}], "isMultiVariationListing": ["false"], "pictureURLLarge": ["https://i.ebayimg.com/00/s/MTA2NFgxNjAw/z/YskAAOSwQT5bmYxp/$_1.JPG"], "topRatedListing": ["false"]}