{"itemId": ["254076961053"], "title": ["Fender 52 reissue telecaster CIJ 2007"], "globalId": ["EBAY-US"], "primaryCategory": [{"categoryId": ["33034"], "categoryName": ["Electric Guitars"]}], "galleryURL": ["http://thumbs2.ebaystatic.com/m/mtuhq3HYJ9pTxJwF06-Xu6A/140.jpg"], "viewItemURL": ["http://www.ebay.com/itm/Fender-52-reissue-telecaster-CIJ-2007-/254076961053"], "paymentMethod": ["PayPal"], "autoPay": ["false"], "postalCode": ["33125"], "location": ["Miami,FL,USA"], "country": ["US"], "shippingInfo": [{"shippingType": ["Calculated"], "shipToLocations": ["Worldwide"], "expeditedShipping": ["false"], "oneDayShippingAvailable": ["false"], "handlingTime": ["3"]}], "sellingStatus": [{"currentPrice": [{"@currencyId": "USD", "__value__": "610.0"}], "convertedCurrentPrice": [{"@currencyId": "USD", "__value__": "610.0"}], "bidCount": ["7"], "sellingState": ["EndedWithSales"]}], "listingInfo": [{"bestOfferEnabled": ["false"], "buyItNowAvailable": ["false"], "startTime": ["2019-01-17T03:51:19.000Z"], "endTime": ["2019-01-24T03:51:19.000Z"], "listingType": ["Auction"], "gift": ["false"], "watchCount": ["20"]}], "returnsAccepted": ["false"], "condition": [{"conditionId": ["3000"], "conditionDisplayName": ["Used"]}], "isMultiVariationListing": ["false"], "pictureURLLarge": ["https://i.ebayimg.com/00/s/MTYwMFg5MDA=/z/mNEAAOSwnWpcP27P/$_1.JPG"], "topRatedListing": ["false"]}