{"itemId": ["372575952259"], "title": ["2010 Epiphone Wilshire  Sunburst  w/Case   NO RESERVE AUCTION !!!!!!"], "globalId": ["EBAY-US"], "primaryCategory": [{"categoryId": ["33034"], "categoryName": ["Electric Guitars"]}], "galleryURL": ["http://thumbs4.ebaystatic.com/m/mF2HDqMKfFB5KB09TismFbg/140.jpg"], "viewItemURL": ["http://www.ebay.com/itm/2010-Epiphone-Wilshire-Sunburst-w-Case-NO-RESERVE-AUCTION-/372575952259"], "paymentMethod": ["PayPal"], "autoPay": ["false"], "postalCode": ["53713"], "location": ["Madison,WI,USA"], "country": ["US"], "shippingInfo": [{"shippingServiceCost": [{"@currencyId": "USD", "__value__": "40.0"}], "shippingType": ["Flat"], "shipToLocations": ["Worldwide"], "expeditedShipping": ["false"], "oneDayShippingAvailable": ["false"], "handlingTime": ["3"]}], "sellingStatus": [{"currentPrice": [{"@currencyId": "USD", "__value__": "249.0"}], "convertedCurrentPrice": [{"@currencyId": "USD", "__value__": "249.0"}], "bidCount": ["1"], "sellingState": ["EndedWithSales"]}], "listingInfo": [{"bestOfferEnabled": ["false"], "buyItNowAvailable": ["false"], "startTime": ["2019-01-23T01:00:56.000Z"], "endTime": ["2019-01-26T01:00:56.000Z"], "listingType": ["Auction"], "gift": ["false"], "watchCount": ["12"]}], "returnsAccepted": ["false"], "condition": [{"conditionId": ["3000"], "conditionDisplayName": ["Used"]}], "isMultiVariationListing": ["false"], "pictureURLLarge": ["https://i.ebayimg.com/00/s/MTIwMFgxNjAw/z/7WUAAOSwj0BcNkkj/$_1.JPG"], "topRatedListing": ["false"]}