{"itemId": ["273668603103"], "title": ["FENDER AMERICAN STANDARD STRAT SSS 1993 25YR VINTAGE KILLER NECK + 57/62 PICKUPS"], "globalId": ["EBAY-US"], "primaryCategory": [{"categoryId": ["33034"], "categoryName": ["Electric Guitars"]}], "galleryURL": ["http://thumbs4.ebaystatic.com/m/m8-rgyyWkW7C9p7qs-DQGgg/140.jpg"], "viewItemURL": ["http://www.ebay.com/itm/FENDER-AMERICAN-STANDARD-STRAT-SSS-1993-25YR-VINTAGE-KILLER-NECK-57-62-PICKUPS-/273668603103"], "paymentMethod": ["PayPal"], "autoPay": ["true"], "postalCode": ["85255"], "location": ["Scottsdale,AZ,USA"], "country": ["US"], "shippingInfo": [{"shippingServiceCost": [{"@currencyId": "USD", "__value__": "65.0"}], "shippingType": ["Flat"], "shipToLocations": ["Worldwide"], "expeditedShipping": ["false"], "oneDayShippingAvailable": ["false"], "handlingTime": ["3"]}], "sellingStatus": [{"currentPrice": [{"@currencyId": "USD", "__value__": "595.0"}], "convertedCurrentPrice": [{"@currencyId": "USD", "__value__": "595.0"}], "bidCount": ["4"], "sellingState": ["EndedWithSales"]}], "listingInfo": [{"bestOfferEnabled": ["false"], "buyItNowAvailable": ["false"], "startTime": ["2019-01-22T17:04:42.000Z"], "endTime": ["2019-01-25T17:04:42.000Z"], "listingType": ["Auction"], "gift": ["false"], "watchCount": ["17"]}], "returnsAccepted": ["false"], "condition": [{"conditionId": ["3000"], "conditionDisplayName": ["Used"]}], "isMultiVariationListing": ["false"], "pictureURLLarge": ["https://i.ebayimg.com/00/s/MTI4OFgxNjAw/z/Zk0AAOSwDJZb7gQM/$_1.JPG"], "topRatedListing": ["false"]}