{"itemId": ["192796935089"], "title": ["1976 Gibson Les Paul Deluxe Tobacco Sunburst ALL ORIG w orig case 38 yr owner"], "globalId": ["EBAY-US"], "primaryCategory": [{"categoryId": ["33034"], "categoryName": ["Electric Guitars"]}], "galleryURL": ["http://thumbs2.ebaystatic.com/m/mcBEKjnHHakwP8eYDp_ggtg/140.jpg"], "viewItemURL": ["http://www.ebay.com/itm/1976-Gibson-Les-Paul-Deluxe-Tobacco-Sunburst-ALL-ORIG-w-orig-case-38-yr-owner-/192796935089"], "paymentMethod": ["PayPal"], "autoPay": ["false"], "postalCode": ["75551"], "location": ["Atlanta,TX,USA"], "country": ["US"], "shippingInfo": [{"shippingServiceCost": [{"@currencyId": "USD", "__value__": "55.0"}], "shippingType": ["Flat"], "shipToLocations": ["Worldwide"], "expeditedShipping": ["false"], "oneDayShippingAvailable": ["false"], "handlingTime": ["3"]}], "sellingStatus": [{"currentPrice": [{"@currencyId": "USD", "__value__": "1900.0"}], "convertedCurrentPrice": [{"@currencyId": "USD", "__value__": "1900.0"}], "bidCount": ["14"], "sellingState": ["EndedWithSales"]}], "listingInfo": [{"bestOfferEnabled": ["false"], "buyItNowAvailable": ["false"], "startTime": ["2019-01-20T01:15:01.000Z"], "endTime": ["2019-01-25T01:15:01.000Z"], "listingType": ["Auction"], "gift": ["false"], "watchCount": ["54"]}], "returnsAccepted": ["false"], "condition": [{"conditionId": ["3000"], "conditionDisplayName": ["Used"]}], "isMultiVariationListing": ["false"], "pictureURLLarge": ["https://i.ebayimg.com/00/s/NzY4WDExNTI=/z/~jEAAOSwrQ5cQ6pe/$_1.JPG"], "topRatedListing": ["false"]}