{"itemId": ["233098405048"], "title": ["Genuine FENDER TELECASTER MADE IN JAPAN\u00a0 Very Good/Exc Condition Butterscotch!!"], "globalId": ["EBAY-US"], "primaryCategory": [{"categoryId": ["33034"], "categoryName": ["Electric Guitars"]}], "galleryURL": ["http://thumbs1.ebaystatic.com/m/mYsGPlc-3uFzr0fsbXKzhqg/140.jpg"], "viewItemURL": ["http://www.ebay.com/itm/Genuine-FENDER-TELECASTER-MADE-JAPAN-Very-Good-Exc-Condition-Butterscotch-/233098405048"], "paymentMethod": ["PayPal"], "autoPay": ["true"], "postalCode": ["46540"], "location": ["Middlebury,IN,USA"], "country": ["US"], "shippingInfo": [{"shippingServiceCost": [{"@currencyId": "USD", "__value__": "40.0"}], "shippingType": ["Flat"], "shipToLocations": ["Worldwide"], "expeditedShipping": ["false"], "oneDayShippingAvailable": ["false"], "handlingTime": ["2"]}], "sellingStatus": [{"currentPrice": [{"@currencyId": "USD", "__value__": "431.6"}], "convertedCurrentPrice": [{"@currencyId": "USD", "__value__": "431.6"}], "bidCount": ["4"], "sellingState": ["EndedWithSales"]}], "listingInfo": [{"bestOfferEnabled": ["false"], "buyItNowAvailable": ["false"], "startTime": ["2019-01-18T23:00:01.000Z"], "endTime": ["2019-01-25T23:00:01.000Z"], "listingType": ["Auction"], "gift": ["false"], "watchCount": ["33"]}], "returnsAccepted": ["false"], "condition": [{"conditionId": ["3000"], "conditionDisplayName": ["Used"]}], "isMultiVariationListing": ["false"], "pictureURLLarge": ["https://i.ebayimg.com/00/s/MTYwMFg5NTU=/z/3ioAAOSwFZZcQJgo/$_1.JPG"], "topRatedListing": ["false"]}