{"itemId": ["323656976131"], "title": ["PEAVEY Predator USA Made Electric Guitar"], "globalId": ["EBAY-US"], "primaryCategory": [{"categoryId": ["33034"], "categoryName": ["Electric Guitars"]}], "galleryURL": ["http://thumbs4.ebaystatic.com/m/m0oaBXNDhduzDfNNd047U2Q/140.jpg"], "viewItemURL": ["http://www.ebay.com/itm/PEAVEY-Predator-USA-Made-Electric-Guitar-/323656976131"], "paymentMethod": ["PayPal"], "autoPay": ["false"], "postalCode": ["27030"], "location": ["Mount Airy,NC,USA"], "country": ["US"], "shippingInfo": [{"shippingServiceCost": [{"@currencyId": "USD", "__value__": "30.0"}], "shippingType": ["Flat"], "shipToLocations": ["Worldwide"], "expeditedShipping": ["false"], "oneDayShippingAvailable": ["false"], "handlingTime": ["5"]}], "sellingStatus": [{"currentPrice": [{"@currencyId": "USD", "__value__": "250.0"}], "convertedCurrentPrice": [{"@currencyId": "USD", "__value__": "250.0"}], "bidCount": ["1"], "sellingState": ["EndedWithSales"]}], "listingInfo": [{"bestOfferEnabled": ["false"], "buyItNowAvailable": ["false"], "startTime": ["2019-01-19T17:30:54.000Z"], "endTime": ["2019-01-26T17:30:54.000Z"], "listingType": ["Auction"], "gift": ["false"], "watchCount": ["6"]}], "returnsAccepted": ["true"], "condition": [{"conditionId": ["3000"], "conditionDisplayName": ["Used"]}], "isMultiVariationListing": ["false"], "pictureURLLarge": ["https://i.ebayimg.com/00/s/MTYwMFgxMDYz/z/ksoAAOSwlCdbGSu-/$_1.JPG"], "topRatedListing": ["false"]}