{"itemId": ["273662997170"], "title": ["Gibson Custom Re-issue 1959 DOT ES335 2008"], "globalId": ["EBAY-US"], "primaryCategory": [{"categoryId": ["33034"], "categoryName": ["Electric Guitars"]}], "galleryURL": ["http://thumbs3.ebaystatic.com/m/mJPY3oOIaxVYfSG3Y5N7VtA/140.jpg"], "viewItemURL": ["http://www.ebay.com/itm/Gibson-Custom-Re-issue-1959-DOT-ES335-2008-/273662997170"], "paymentMethod": ["PayPal"], "autoPay": ["false"], "postalCode": ["30066"], "location": ["Marietta,GA,USA"], "country": ["US"], "shippingInfo": [{"shippingServiceCost": [{"@currencyId": "USD", "__value__": "0.0"}], "shippingType": ["Free"], "shipToLocations": ["Worldwide"], "expeditedShipping": ["false"], "oneDayShippingAvailable": ["false"], "handlingTime": ["2"]}], "sellingStatus": [{"currentPrice": [{"@currencyId": "USD", "__value__": "2000.0"}], "convertedCurrentPrice": [{"@currencyId": "USD", "__value__": "2000.0"}], "bidCount": ["1"], "sellingState": ["EndedWithSales"]}], "listingInfo": [{"bestOfferEnabled": ["false"], "buyItNowAvailable": ["false"], "startTime": ["2019-01-18T16:45:54.000Z"], "endTime": ["2019-01-24T22:00:27.000Z"], "listingType": ["Auction"], "gift": ["false"], "watchCount": ["8"]}], "returnsAccepted": ["false"], "condition": [{"conditionId": ["3000"], "conditionDisplayName": ["Used"]}], "isMultiVariationListing": ["false"], "pictureURLLarge": ["https://i.ebayimg.com/00/s/MTYwMFgxMjAw/z/LAQAAOSwvcFcOLzU/$_1.JPG"], "topRatedListing": ["false"]}