{"itemId": ["264147541773"], "title": ["epiphone gold top les paul  perfect 2017"], "globalId": ["EBAY-US"], "subtitle": ["BEST. DEAL for a gold top on ebay!  Don't wait!  Bid!!"], "primaryCategory": [{"categoryId": ["33034"], "categoryName": ["Electric Guitars"]}], "galleryURL": ["http://thumbs2.ebaystatic.com/m/m-ZqpTxbrKMU4Iw4jUiZT6g/140.jpg"], "viewItemURL": ["http://www.ebay.com/itm/epiphone-gold-top-les-paul-perfect-2017-/264147541773"], "paymentMethod": ["PayPal"], "autoPay": ["false"], "postalCode": ["51201"], "location": ["Sheldon,IA,USA"], "country": ["US"], "shippingInfo": [{"shippingServiceCost": [{"@currencyId": "USD", "__value__": "35.0"}], "shippingType": ["Flat"], "shipToLocations": ["Worldwide"], "expeditedShipping": ["false"], "oneDayShippingAvailable": ["false"], "handlingTime": ["3"]}], "sellingStatus": [{"currentPrice": [{"@currencyId": "USD", "__value__": "300.0"}], "convertedCurrentPrice": [{"@currencyId": "USD", "__value__": "300.0"}], "bidCount": ["2"], "sellingState": ["EndedWithSales"]}], "listingInfo": [{"bestOfferEnabled": ["false"], "buyItNowAvailable": ["false"], "startTime": ["2019-01-18T16:30:27.000Z"], "endTime": ["2019-01-25T16:30:27.000Z"], "listingType": ["Auction"], "gift": ["false"], "watchCount": ["18"]}], "returnsAccepted": ["false"], "galleryPlusPictureURL": ["http://galleryplus.ebayimg.com/ws/web/264147541773_1_2_1.jpg"], "condition": [{"conditionId": ["3000"], "conditionDisplayName": ["Used"]}], "isMultiVariationListing": ["false"], "pictureURLLarge": ["https://i.ebayimg.com/00/s/MTIwMFgxNjAw/z/b98AAOSwt0dcE9d8/$_1.JPG"], "topRatedListing": ["false"]}