{"itemId": ["401688572558"], "title": ["Fender 2007 White Blonde American Vintage 57 Mary Kaye Reissue Stratocaster Body"], "globalId": ["EBAY-US"], "primaryCategory": [{"categoryId": ["33034"], "categoryName": ["Electric Guitars"]}], "galleryURL": ["http://thumbs3.ebaystatic.com/m/mAOZZUpgvgLRBOaFeWtm1YQ/140.jpg"], "viewItemURL": ["http://www.ebay.com/itm/Fender-2007-White-Blonde-American-Vintage-57-Mary-Kaye-Reissue-Stratocaster-Body-/401688572558"], "paymentMethod": ["PayPal"], "autoPay": ["false"], "postalCode": ["08028"], "location": ["Glassboro,NJ,USA"], "country": ["US"], "shippingInfo": [{"shippingType": ["Calculated"], "shipToLocations": ["Worldwide"], "expeditedShipping": ["true"], "oneDayShippingAvailable": ["false"], "handlingTime": ["1"]}], "sellingStatus": [{"currentPrice": [{"@currencyId": "USD", "__value__": "444.0"}], "convertedCurrentPrice": [{"@currencyId": "USD", "__value__": "444.0"}], "bidCount": ["21"], "sellingState": ["EndedWithSales"]}], "listingInfo": [{"bestOfferEnabled": ["false"], "buyItNowAvailable": ["false"], "startTime": ["2019-01-18T01:30:19.000Z"], "endTime": ["2019-01-25T01:30:19.000Z"], "listingType": ["Auction"], "gift": ["false"], "watchCount": ["38"]}], "returnsAccepted": ["true"], "condition": [{"conditionId": ["3000"], "conditionDisplayName": ["Used"]}], "isMultiVariationListing": ["false"], "pictureURLLarge": ["https://i.ebayimg.com/00/s/MTIwMFgxNjAw/z/dk8AAOSw5WVbkpqQ/$_1.JPG"], "topRatedListing": ["false"]}