{"itemId": ["283342926436"], "title": ["Kramer Focus 2000 Red Body Guitar Floyd Rose Lead Great Condition! See Photo's!!"], "globalId": ["EBAY-US"], "primaryCategory": [{"categoryId": ["33034"], "categoryName": ["Electric Guitars"]}], "galleryURL": ["http://thumbs1.ebaystatic.com/m/mx4Rb6QZ-8hPe47rS_kND3Q/140.jpg"], "viewItemURL": ["http://www.ebay.com/itm/Kramer-Focus-2000-Red-Body-Guitar-Floyd-Rose-Lead-Great-Condition-See-Photos-/283342926436"], "paymentMethod": ["PayPal"], "autoPay": ["false"], "postalCode": ["21851"], "location": ["Pocomoke City,MD,USA"], "country": ["US"], "shippingInfo": [{"shippingServiceCost": [{"@currencyId": "USD", "__value__": "0.0"}], "shippingType": ["Free"], "shipToLocations": ["Worldwide"], "expeditedShipping": ["true"], "oneDayShippingAvailable": ["false"], "handlingTime": ["1"]}], "sellingStatus": [{"currentPrice": [{"@currencyId": "USD", "__value__": "350.0"}], "convertedCurrentPrice": [{"@currencyId": "USD", "__value__": "350.0"}], "bidCount": ["1"], "sellingState": ["EndedWithSales"]}], "listingInfo": [{"bestOfferEnabled": ["false"], "buyItNowAvailable": ["false"], "startTime": ["2019-01-17T22:09:00.000Z"], "endTime": ["2019-01-24T18:51:29.000Z"], "listingType": ["Auction"], "gift": ["false"], "watchCount": ["2"]}], "returnsAccepted": ["false"], "condition": [{"conditionId": ["3000"], "conditionDisplayName": ["Used"]}], "isMultiVariationListing": ["false"], "pictureURLLarge": ["https://i.ebayimg.com/00/s/ODY4WDU3MA==/z/gH0AAOSwZ9xbm~qw/$_1.JPG"], "topRatedListing": ["false"]}