{"itemId": ["192796697468"], "title": ["\u00a0Eric Johnson Fender Stratocaster Excellent Condition"], "globalId": ["EBAY-US"], "primaryCategory": [{"categoryId": ["33034"], "categoryName": ["Electric Guitars"]}], "galleryURL": ["http://thumbs1.ebaystatic.com/m/mcyuc5wLuF-JkLDZQ5ZC8mg/140.jpg"], "viewItemURL": ["http://www.ebay.com/itm/Eric-Johnson-Fender-Stratocaster-Excellent-Condition-/192796697468"], "productId": [{"@type": "ReferenceID", "__value__": "78656130"}], "paymentMethod": ["PayPal"], "autoPay": ["false"], "postalCode": ["37663"], "location": ["Kingsport,TN,USA"], "country": ["US"], "shippingInfo": [{"shippingServiceCost": [{"@currencyId": "USD", "__value__": "50.0"}], "shippingType": ["Flat"], "shipToLocations": ["Worldwide"], "expeditedShipping": ["false"], "oneDayShippingAvailable": ["false"], "handlingTime": ["3"]}], "sellingStatus": [{"currentPrice": [{"@currencyId": "USD", "__value__": "1275.0"}], "convertedCurrentPrice": [{"@currencyId": "USD", "__value__": "1275.0"}], "bidCount": ["5"], "sellingState": ["EndedWithSales"]}], "listingInfo": [{"bestOfferEnabled": ["false"], "buyItNowAvailable": ["false"], "startTime": ["2019-01-19T19:27:37.000Z"], "endTime": ["2019-01-26T19:27:37.000Z"], "listingType": ["Auction"], "gift": ["false"], "watchCount": ["28"]}], "returnsAccepted": ["false"], "condition": [{"conditionId": ["3000"], "conditionDisplayName": ["Used"]}], "isMultiVariationListing": ["false"], "pictureURLLarge": ["https://i.ebayimg.com/00/s/MTU5OVgxMjAw/z/sl8AAOSwpppcQ1O-/$_1.JPG"], "topRatedListing": ["false"]}