{"itemId": ["323660584065"], "title": ["1999 Fender American Deluxe HSS Stratocaster w/ Solid Ash Body in Trans Red"], "globalId": ["EBAY-US"], "subtitle": ["1999 Am Deluxe Strat, 9.5\" Neck, Excellent Cond!"], "primaryCategory": [{"categoryId": ["33034"], "categoryName": ["Electric Guitars"]}], "galleryURL": ["http://thumbs2.ebaystatic.com/m/mO7LChz7OBRlDPsiEJCeI3Q/140.jpg"], "viewItemURL": ["http://www.ebay.com/itm/1999-Fender-American-Deluxe-HSS-Stratocaster-w-Solid-Ash-Body-Trans-Red-/323660584065"], "paymentMethod": ["PayPal"], "autoPay": ["false"], "postalCode": ["92128"], "location": ["San Diego,CA,USA"], "country": ["US"], "shippingInfo": [{"shippingServiceCost": [{"@currencyId": "USD", "__value__": "60.0"}], "shippingType": ["Flat"], "shipToLocations": ["Worldwide"], "expeditedShipping": ["false"], "oneDayShippingAvailable": ["false"], "handlingTime": ["1"]}], "sellingStatus": [{"currentPrice": [{"@currencyId": "USD", "__value__": "675.0"}], "convertedCurrentPrice": [{"@currencyId": "USD", "__value__": "675.0"}], "bidCount": ["1"], "sellingState": ["EndedWithSales"]}], "listingInfo": [{"bestOfferEnabled": ["false"], "buyItNowAvailable": ["false"], "startTime": ["2019-01-23T01:00:14.000Z"], "endTime": ["2019-01-26T18:57:40.000Z"], "listingType": ["Auction"], "gift": ["false"], "watchCount": ["10"]}], "returnsAccepted": ["true"], "galleryPlusPictureURL": ["http://galleryplus.ebayimg.com/ws/web/323660584065_1_0_1.jpg"], "condition": [{"conditionId": ["3000"], "conditionDisplayName": ["Used"]}], "isMultiVariationListing": ["false"], "pictureURLLarge": ["https://i.ebayimg.com/00/s/MTYwMFgxMjAw/z/QhYAAOSw7OdcORe3/$_1.JPG"], "topRatedListing": ["false"]}