{"itemId": ["223333407090"], "title": ["Vintage Gibson Les Paul 1982 Silver Streak Custom Shop Tim Shaw Pickups Guitar"], "globalId": ["EBAY-US"], "primaryCategory": [{"categoryId": ["33034"], "categoryName": ["Electric Guitars"]}], "galleryURL": ["http://thumbs3.ebaystatic.com/m/ma2RA-YgyOcRtWeTIVkRYbQ/140.jpg"], "viewItemURL": ["http://www.ebay.com/itm/Vintage-Gibson-Les-Paul-1982-Silver-Streak-Custom-Shop-Tim-Shaw-Pickups-Guitar-/223333407090"], "paymentMethod": ["PayPal"], "autoPay": ["false"], "postalCode": ["46231"], "location": ["Indianapolis,IN,USA"], "country": ["US"], "shippingInfo": [{"shippingServiceCost": [{"@currencyId": "USD", "__value__": "75.0"}], "shippingType": ["Flat"], "shipToLocations": ["Worldwide"], "expeditedShipping": ["false"], "oneDayShippingAvailable": ["false"], "handlingTime": ["3"]}], "sellingStatus": [{"currentPrice": [{"@currencyId": "USD", "__value__": "1575.0"}], "convertedCurrentPrice": [{"@currencyId": "USD", "__value__": "1575.0"}], "bidCount": ["32"], "sellingState": ["EndedWithSales"]}], "listingInfo": [{"bestOfferEnabled": ["false"], "buyItNowAvailable": ["false"], "startTime": ["2019-01-19T19:27:53.000Z"], "endTime": ["2019-01-26T19:27:53.000Z"], "listingType": ["Auction"], "gift": ["false"], "watchCount": ["84"]}], "returnsAccepted": ["false"], "condition": [{"conditionId": ["3000"], "conditionDisplayName": ["Used"]}], "isMultiVariationListing": ["false"], "pictureURLLarge": ["https://i.ebayimg.com/00/s/MTYwMFgxMjEy/z/omYAAOSwGplcQ3lu/$_1.JPG"], "topRatedListing": ["false"]}