{"itemId": ["183639911635"], "title": ["Ibanez Musician MC200"], "globalId": ["EBAY-US"], "primaryCategory": [{"categoryId": ["33034"], "categoryName": ["Electric Guitars"]}], "galleryURL": ["http://thumbs4.ebaystatic.com/m/mFqJq7BasWY4z7bP02HhhZw/140.jpg"], "viewItemURL": ["http://www.ebay.com/itm/Ibanez-Musician-MC200-/183639911635"], "paymentMethod": ["PayPal"], "autoPay": ["false"], "postalCode": ["14830"], "location": ["Corning,NY,USA"], "country": ["US"], "shippingInfo": [{"shippingServiceCost": [{"@currencyId": "USD", "__value__": "21.99"}], "shippingType": ["Flat"], "shipToLocations": ["Worldwide"], "expeditedShipping": ["false"], "oneDayShippingAvailable": ["false"], "handlingTime": ["3"]}], "sellingStatus": [{"currentPrice": [{"@currencyId": "USD", "__value__": "690.0"}], "convertedCurrentPrice": [{"@currencyId": "USD", "__value__": "690.0"}], "bidCount": ["2"], "sellingState": ["EndedWithSales"]}], "listingInfo": [{"bestOfferEnabled": ["false"], "buyItNowAvailable": ["false"], "startTime": ["2019-01-17T02:49:21.000Z"], "endTime": ["2019-01-24T02:49:21.000Z"], "listingType": ["Auction"], "gift": ["false"], "watchCount": ["8"]}], "returnsAccepted": ["false"], "condition": [{"conditionId": ["3000"], "conditionDisplayName": ["Used"]}], "isMultiVariationListing": ["false"], "pictureURLLarge": ["https://i.ebayimg.com/00/s/MTYwMFgxMjAw/z/p-QAAOSwy3JcP-ua/$_1.JPG"], "topRatedListing": ["false"]}