{"itemId": ["254081357953"], "title": ["80s Greco SS63-55. Deep joint. All Original. The Mint Collection. Made in Japan."], "globalId": ["EBAY-US"], "primaryCategory": [{"categoryId": ["33034"], "categoryName": ["Electric Guitars"]}], "galleryURL": ["http://thumbs2.ebaystatic.com/m/megAcOixW2wRFPeIUmJwbag/140.jpg"], "viewItemURL": ["http://www.ebay.com/itm/80s-Greco-SS63-55-Deep-joint-All-Original-Mint-Collection-Made-Japan-/254081357953"], "paymentMethod": ["PayPal"], "autoPay": ["false"], "location": ["Japan"], "country": ["JP"], "shippingInfo": [{"shippingServiceCost": [{"@currencyId": "USD", "__value__": "120.0"}], "shippingType": ["Flat"], "shipToLocations": ["Worldwide"], "expeditedShipping": ["false"], "oneDayShippingAvailable": ["false"], "handlingTime": ["3"]}], "sellingStatus": [{"currentPrice": [{"@currencyId": "USD", "__value__": "304.99"}], "convertedCurrentPrice": [{"@currencyId": "USD", "__value__": "304.99"}], "bidCount": ["2"], "sellingState": ["EndedWithSales"]}], "listingInfo": [{"bestOfferEnabled": ["false"], "buyItNowAvailable": ["false"], "startTime": ["2019-01-19T05:00:13.000Z"], "endTime": ["2019-01-26T05:00:13.000Z"], "listingType": ["Auction"], "gift": ["false"], "watchCount": ["36"]}], "returnsAccepted": ["true"], "condition": [{"conditionId": ["3000"], "conditionDisplayName": ["Used"]}], "isMultiVariationListing": ["false"], "pictureURLLarge": ["https://i.ebayimg.com/00/s/MTYwMFgxMTU3/z/cnAAAOSwIkNcQqnq/$_1.JPG"], "topRatedListing": ["false"]}