{"itemId": ["223329010348"], "title": ["ESP LTD Deluxe M-1000 Electric Guitar"], "globalId": ["EBAY-US"], "primaryCategory": [{"categoryId": ["33034"], "categoryName": ["Electric Guitars"]}], "galleryURL": ["http://thumbs1.ebaystatic.com/m/mpkk6105TmfSHM1iiXv4OVw/140.jpg"], "viewItemURL": ["http://www.ebay.com/itm/ESP-LTD-Deluxe-M-1000-Electric-Guitar-/223329010348"], "productId": [{"@type": "ReferenceID", "__value__": "78656260"}], "paymentMethod": ["PayPal"], "autoPay": ["true"], "postalCode": ["85710"], "location": ["Tucson,AZ,USA"], "country": ["US"], "shippingInfo": [{"shippingType": ["Calculated"], "shipToLocations": ["Worldwide"], "expeditedShipping": ["false"], "oneDayShippingAvailable": ["false"], "handlingTime": ["2"]}], "sellingStatus": [{"currentPrice": [{"@currencyId": "USD", "__value__": "450.0"}], "convertedCurrentPrice": [{"@currencyId": "USD", "__value__": "450.0"}], "bidCount": ["2"], "sellingState": ["EndedWithSales"]}], "listingInfo": [{"bestOfferEnabled": ["false"], "buyItNowAvailable": ["false"], "startTime": ["2019-01-17T00:22:52.000Z"], "endTime": ["2019-01-24T00:22:52.000Z"], "listingType": ["Auction"], "gift": ["false"], "watchCount": ["9"]}], "returnsAccepted": ["false"], "condition": [{"conditionId": ["3000"], "conditionDisplayName": ["Used"]}], "isMultiVariationListing": ["false"], "pictureURLLarge": ["https://i.ebayimg.com/00/s/MTYwMFgxMjAw/z/HxMAAOSwl1FcP8oH/$_1.JPG"], "topRatedListing": ["false"]}