{"itemId": ["123610193763"], "title": ["Peavey T-60 VINTAGE 1980 USA, Natural Ash, Original Contour Case, Owner's Manual"], "globalId": ["EBAY-US"], "primaryCategory": [{"categoryId": ["33034"], "categoryName": ["Electric Guitars"]}], "galleryURL": ["http://thumbs4.ebaystatic.com/m/mfJB2PW9PHuAPiDoN6QcN-A/140.jpg"], "viewItemURL": ["http://www.ebay.com/itm/Peavey-T-60-VINTAGE-1980-USA-Natural-Ash-Original-Contour-Case-Owners-Manual-/123610193763"], "paymentMethod": ["PayPal"], "autoPay": ["false"], "postalCode": ["19606"], "location": ["Reading,PA,USA"], "country": ["US"], "shippingInfo": [{"shippingServiceCost": [{"@currencyId": "USD", "__value__": "0.0"}], "shippingType": ["FreePickup"], "shipToLocations": ["Worldwide"], "expeditedShipping": ["false"], "oneDayShippingAvailable": ["false"], "handlingTime": ["3"]}], "sellingStatus": [{"currentPrice": [{"@currencyId": "USD", "__value__": "429.0"}], "convertedCurrentPrice": [{"@currencyId": "USD", "__value__": "429.0"}], "bidCount": ["1"], "sellingState": ["EndedWithSales"]}], "listingInfo": [{"bestOfferEnabled": ["false"], "buyItNowAvailable": ["false"], "startTime": ["2019-01-24T23:40:24.000Z"], "endTime": ["2019-01-26T16:10:14.000Z"], "listingType": ["Auction"], "gift": ["false"], "watchCount": ["5"]}], "returnsAccepted": ["false"], "condition": [{"conditionId": ["3000"], "conditionDisplayName": ["Used"]}], "isMultiVariationListing": ["false"], "pictureURLLarge": ["https://i.ebayimg.com/00/s/MTYwMFg5MDA=/z/AN8AAOSwlelcI7a6/$_1.JPG"], "topRatedListing": ["false"]}