{"itemId": ["352570424572"], "title": ["ESP LTD KH-202 Kirk Hammett Electric Guitar w/Hard Case"], "globalId": ["EBAY-US"], "primaryCategory": [{"categoryId": ["33034"], "categoryName": ["Electric Guitars"]}], "galleryURL": ["http://thumbs1.ebaystatic.com/m/myitQfybpsDKkVfZ-ItRM_w/140.jpg"], "viewItemURL": ["http://www.ebay.com/itm/ESP-LTD-KH-202-Kirk-Hammett-Electric-Guitar-w-Hard-Case-/352570424572"], "productId": [{"@type": "ReferenceID", "__value__": "78630449"}], "paymentMethod": ["PayPal"], "autoPay": ["false"], "postalCode": ["11435"], "location": ["Jamaica,NY,USA"], "country": ["US"], "shippingInfo": [{"shippingServiceCost": [{"@currencyId": "USD", "__value__": "0.0"}], "shippingType": ["FreePickup"], "shipToLocations": ["Worldwide"], "expeditedShipping": ["false"], "oneDayShippingAvailable": ["false"], "handlingTime": ["1"]}], "sellingStatus": [{"currentPrice": [{"@currencyId": "USD", "__value__": "272.0"}], "convertedCurrentPrice": [{"@currencyId": "USD", "__value__": "272.0"}], "bidCount": ["47"], "sellingState": ["EndedWithSales"]}], "listingInfo": [{"bestOfferEnabled": ["false"], "buyItNowAvailable": ["false"], "startTime": ["2019-01-17T00:00:24.000Z"], "endTime": ["2019-01-24T00:00:24.000Z"], "listingType": ["Auction"], "gift": ["false"], "watchCount": ["28"]}], "returnsAccepted": ["true"], "galleryPlusPictureURL": ["http://galleryplus.ebayimg.com/ws/web/352570424572_1_0_1.jpg"], "condition": [{"conditionId": ["3000"], "conditionDisplayName": ["Used"]}], "isMultiVariationListing": ["false"], "pictureURLLarge": ["https://i.ebayimg.com/00/s/MTIwMFgxNjAw/z/DyEAAOSwXINcPz-L/$_1.JPG"], "topRatedListing": ["false"]}