{"itemId": ["323655312061"], "title": ["Gibson Les Paul Studio 2005 Brown BEAUTIFUL FREE SHIPPING!"], "globalId": ["EBAY-US"], "primaryCategory": [{"categoryId": ["33034"], "categoryName": ["Electric Guitars"]}], "galleryURL": ["http://thumbs2.ebaystatic.com/m/m38fBuKZjzqcoi-1YSJCjiA/140.jpg"], "viewItemURL": ["http://www.ebay.com/itm/Gibson-Les-Paul-Studio-2005-Brown-BEAUTIFUL-FREE-SHIPPING-/323655312061"], "paymentMethod": ["PayPal"], "autoPay": ["false"], "postalCode": ["30134"], "location": ["Douglasville,GA,USA"], "country": ["US"], "shippingInfo": [{"shippingServiceCost": [{"@currencyId": "USD", "__value__": "0.0"}], "shippingType": ["Free"], "shipToLocations": ["Worldwide"], "expeditedShipping": ["false"], "oneDayShippingAvailable": ["false"], "handlingTime": ["2"]}], "sellingStatus": [{"currentPrice": [{"@currencyId": "USD", "__value__": "645.0"}], "convertedCurrentPrice": [{"@currencyId": "USD", "__value__": "645.0"}], "bidCount": ["66"], "sellingState": ["EndedWithSales"]}], "listingInfo": [{"bestOfferEnabled": ["false"], "buyItNowAvailable": ["false"], "startTime": ["2019-01-18T16:52:19.000Z"], "endTime": ["2019-01-25T16:52:19.000Z"], "listingType": ["Auction"], "gift": ["false"], "watchCount": ["69"]}], "returnsAccepted": ["true"], "condition": [{"conditionId": ["3000"], "conditionDisplayName": ["Used"]}], "isMultiVariationListing": ["false"], "pictureURLLarge": ["https://i.ebayimg.com/00/s/MTYwMFgxMjAw/z/Np8AAOSwisxcQgNm/$_1.JPG"], "topRatedListing": ["false"]}