{"itemId": ["323656866667"], "title": ["70's Ventura semi-hollow electric guitar w/OHC_upgrades_ plus original parts"], "globalId": ["EBAY-US"], "primaryCategory": [{"categoryId": ["33034"], "categoryName": ["Electric Guitars"]}], "galleryURL": ["http://thumbs4.ebaystatic.com/m/mQTD-ZhVIp3BE2G4yCiuSHQ/140.jpg"], "viewItemURL": ["http://www.ebay.com/itm/70s-Ventura-semi-hollow-electric-guitar-w-OHC-upgrades-plus-original-parts-/323656866667"], "paymentMethod": ["PayPal"], "autoPay": ["true"], "postalCode": ["83876"], "location": ["Worley,ID,USA"], "country": ["US"], "shippingInfo": [{"shippingServiceCost": [{"@currencyId": "USD", "__value__": "50.0"}], "shippingType": ["Flat"], "shipToLocations": ["Worldwide"], "expeditedShipping": ["false"], "oneDayShippingAvailable": ["false"], "handlingTime": ["3"]}], "sellingStatus": [{"currentPrice": [{"@currencyId": "USD", "__value__": "299.0"}], "convertedCurrentPrice": [{"@currencyId": "USD", "__value__": "299.0"}], "bidCount": ["2"], "sellingState": ["EndedWithSales"]}], "listingInfo": [{"bestOfferEnabled": ["false"], "buyItNowAvailable": ["false"], "startTime": ["2019-01-20T03:46:40.000Z"], "endTime": ["2019-01-26T15:46:32.000Z"], "listingType": ["Auction"], "gift": ["false"], "watchCount": ["4"]}], "returnsAccepted": ["false"], "condition": [{"conditionId": ["3000"], "conditionDisplayName": ["Used"]}], "isMultiVariationListing": ["false"], "pictureURLLarge": ["https://i.ebayimg.com/00/s/MTYwMFg3MDc=/z/~v8AAOSwF0VcQk0m/$_1.JPG"], "topRatedListing": ["false"]}