{"itemId": ["333019341138"], "title": ["Fender Standard Stratocaster HSS MIM Used Electric Guitar"], "globalId": ["EBAY-US"], "primaryCategory": [{"categoryId": ["33034"], "categoryName": ["Electric Guitars"]}], "galleryURL": ["http://thumbs3.ebaystatic.com/m/mV0vnquSZqh6cZzNY6CnI6A/140.jpg"], "viewItemURL": ["http://www.ebay.com/itm/Fender-Standard-Stratocaster-HSS-MIM-Used-Electric-Guitar-/333019341138"], "paymentMethod": ["PayPal"], "autoPay": ["true"], "postalCode": ["08872"], "location": ["Sayreville,NJ,USA"], "country": ["US"], "shippingInfo": [{"shippingType": ["Calculated"], "shipToLocations": ["Worldwide"], "expeditedShipping": ["true"], "oneDayShippingAvailable": ["false"], "handlingTime": ["3"]}], "sellingStatus": [{"currentPrice": [{"@currencyId": "USD", "__value__": "345.0"}], "convertedCurrentPrice": [{"@currencyId": "USD", "__value__": "345.0"}], "bidCount": ["16"], "sellingState": ["EndedWithSales"]}], "listingInfo": [{"bestOfferEnabled": ["false"], "buyItNowAvailable": ["false"], "startTime": ["2019-01-17T04:56:26.000Z"], "endTime": ["2019-01-24T04:56:26.000Z"], "listingType": ["Auction"], "gift": ["false"], "watchCount": ["44"]}], "returnsAccepted": ["false"], "condition": [{"conditionId": ["3000"], "conditionDisplayName": ["Used"]}], "isMultiVariationListing": ["false"], "pictureURLLarge": ["https://i.ebayimg.com/00/s/MTYwMFgxMjAw/z/C5YAAOSw87JcQAko/$_1.JPG"], "topRatedListing": ["false"]}