{"itemId": ["283350650044"], "title": ["Gretsch G6136T-59VS Vintage Select Falcon - Vintage White, Bigsby -- USED"], "globalId": ["EBAY-US"], "primaryCategory": [{"categoryId": ["33034"], "categoryName": ["Electric Guitars"]}], "galleryURL": ["http://thumbs1.ebaystatic.com/m/mVwbWzWOL6G-yvWXI8R_WZA/140.jpg"], "viewItemURL": ["http://www.ebay.com/itm/Gretsch-G6136T-59VS-Vintage-Select-Falcon-Vintage-White-Bigsby-USED-/283350650044"], "paymentMethod": ["PayPal"], "autoPay": ["false"], "postalCode": ["75287"], "location": ["Dallas,TX,USA"], "country": ["US"], "shippingInfo": [{"shippingServiceCost": [{"@currencyId": "USD", "__value__": "100.0"}], "shippingType": ["Flat"], "shipToLocations": ["Worldwide"], "expeditedShipping": ["false"], "oneDayShippingAvailable": ["false"], "handlingTime": ["1"]}], "sellingStatus": [{"currentPrice": [{"@currencyId": "USD", "__value__": "2200.0"}], "convertedCurrentPrice": [{"@currencyId": "USD", "__value__": "2200.0"}], "bidCount": ["1"], "sellingState": ["EndedWithSales"]}], "listingInfo": [{"bestOfferEnabled": ["false"], "buyItNowAvailable": ["false"], "startTime": ["2019-01-24T00:49:33.000Z"], "endTime": ["2019-01-24T16:25:56.000Z"], "listingType": ["Auction"], "gift": ["false"], "watchCount": ["7"]}], "returnsAccepted": ["false"], "condition": [{"conditionId": ["3000"], "conditionDisplayName": ["Used"]}], "isMultiVariationListing": ["false"], "pictureURLLarge": ["https://i.ebayimg.com/00/s/MTI4MFg3MTk=/z/hiEAAOSwYPNcSQij/$_1.JPG"], "topRatedListing": ["false"]}