{"itemId": ["233098979008"], "title": ["Ibanez AS73 Artcore Thin Body Hollowbody - Trans Cherry Electric Guitar"], "globalId": ["EBAY-US"], "primaryCategory": [{"categoryId": ["33034"], "categoryName": ["Electric Guitars"]}], "galleryURL": ["http://thumbs1.ebaystatic.com/m/mcrzVaaUvF-APQ4Vg5lwHVA/140.jpg"], "viewItemURL": ["http://www.ebay.com/itm/Ibanez-AS73-Artcore-Thin-Body-Hollowbody-Trans-Cherry-Electric-Guitar-/233098979008"], "paymentMethod": ["PayPal", "VisaMC", "AmEx", "Discover"], "autoPay": ["false"], "postalCode": ["21222"], "location": ["Dundalk,MD,USA"], "country": ["US"], "shippingInfo": [{"shippingType": ["Calculated"], "shipToLocations": ["Worldwide"], "expeditedShipping": ["false"], "oneDayShippingAvailable": ["false"], "handlingTime": ["2"]}], "sellingStatus": [{"currentPrice": [{"@currencyId": "USD", "__value__": "270.0"}], "convertedCurrentPrice": [{"@currencyId": "USD", "__value__": "270.0"}], "bidCount": ["52"], "sellingState": ["EndedWithSales"]}], "listingInfo": [{"bestOfferEnabled": ["false"], "buyItNowAvailable": ["false"], "startTime": ["2019-01-18T00:15:20.000Z"], "endTime": ["2019-01-25T00:15:20.000Z"], "listingType": ["Auction"], "gift": ["false"], "watchCount": ["65"]}], "returnsAccepted": ["true"], "condition": [{"conditionId": ["3000"], "conditionDisplayName": ["Used"]}], "isMultiVariationListing": ["false"], "pictureURLLarge": ["http://i.ebayimg.com/00/s/MTYwMFgxMTM2/z/KEgAAOSwdgxcQRpw/$_1.JPG"], "topRatedListing": ["false"]}