{"itemId": ["123604608553"], "title": ["Vintage Gibson L6-S Guitar"], "globalId": ["EBAY-US"], "primaryCategory": [{"categoryId": ["33034"], "categoryName": ["Electric Guitars"]}], "galleryURL": ["http://thumbs2.ebaystatic.com/m/meFiHzn1PG08pd5PanvM9ug/140.jpg"], "viewItemURL": ["http://www.ebay.com/itm/Vintage-Gibson-L6-S-Guitar-/123604608553"], "productId": [{"@type": "ReferenceID", "__value__": "131635125"}], "paymentMethod": ["PayPal"], "autoPay": ["false"], "postalCode": ["78759"], "location": ["Austin,TX,USA"], "country": ["US"], "shippingInfo": [{"shippingServiceCost": [{"@currencyId": "USD", "__value__": "60.0"}], "shippingType": ["Flat"], "shipToLocations": ["Worldwide"], "expeditedShipping": ["false"], "oneDayShippingAvailable": ["false"], "handlingTime": ["2"]}], "sellingStatus": [{"currentPrice": [{"@currencyId": "USD", "__value__": "819.0"}], "convertedCurrentPrice": [{"@currencyId": "USD", "__value__": "819.0"}], "bidCount": ["15"], "sellingState": ["EndedWithSales"]}], "listingInfo": [{"bestOfferEnabled": ["false"], "buyItNowAvailable": ["false"], "startTime": ["2019-01-20T22:30:51.000Z"], "endTime": ["2019-01-25T22:30:51.000Z"], "listingType": ["Auction"], "gift": ["false"], "watchCount": ["24"]}], "returnsAccepted": ["false"], "condition": [{"conditionId": ["3000"], "conditionDisplayName": ["Used"]}], "isMultiVariationListing": ["false"], "pictureURLLarge": ["https://i.ebayimg.com/00/s/MTIwMFgxNjAw/z/lRUAAOSwSudcRPTn/$_1.JPG"], "topRatedListing": ["false"]}