{"itemId": ["202569203895"], "title": ["James Tyler JTV-59 Variax Tobacco  sunburst w/locking tuners excellent condition"], "globalId": ["EBAY-US"], "primaryCategory": [{"categoryId": ["33034"], "categoryName": ["Electric Guitars"]}], "galleryURL": ["http://thumbs4.ebaystatic.com/m/mI5W1OVX8tvZVOD5mrjt0qw/140.jpg"], "viewItemURL": ["http://www.ebay.com/itm/James-Tyler-JTV-59-Variax-Tobacco-sunburst-w-locking-tuners-excellent-condition-/202569203895"], "paymentMethod": ["PayPal"], "autoPay": ["false"], "postalCode": ["13114"], "location": ["Mexico,NY,USA"], "country": ["US"], "shippingInfo": [{"shippingServiceCost": [{"@currencyId": "USD", "__value__": "50.0"}], "shippingType": ["Flat"], "shipToLocations": ["Worldwide"], "expeditedShipping": ["true"], "oneDayShippingAvailable": ["false"], "handlingTime": ["3"]}], "sellingStatus": [{"currentPrice": [{"@currencyId": "USD", "__value__": "671.0"}], "convertedCurrentPrice": [{"@currencyId": "USD", "__value__": "671.0"}], "bidCount": ["9"], "sellingState": ["EndedWithSales"]}], "listingInfo": [{"bestOfferEnabled": ["false"], "buyItNowAvailable": ["false"], "startTime": ["2019-01-18T00:50:01.000Z"], "endTime": ["2019-01-25T00:50:01.000Z"], "listingType": ["Auction"], "gift": ["false"], "watchCount": ["19"]}], "returnsAccepted": ["false"], "condition": [{"conditionId": ["3000"], "conditionDisplayName": ["Used"]}], "isMultiVariationListing": ["false"], "pictureURLLarge": ["https://i.ebayimg.com/00/s/MTYwMFgxMjAw/z/LtMAAOSwjlVcNqTJ/$_1.JPG"], "topRatedListing": ["false"]}