{"itemId": ["143102078719"], "title": ["Vintage White Fender Stratocaster Parts Guitar With EMG Pickups HSS"], "globalId": ["EBAY-US"], "primaryCategory": [{"categoryId": ["33034"], "categoryName": ["Electric Guitars"]}], "galleryURL": ["http://thumbs4.ebaystatic.com/m/mGn9w7moKvBBS8EaEtLlFGw/140.jpg"], "viewItemURL": ["http://www.ebay.com/itm/Vintage-White-Fender-Stratocaster-Parts-Guitar-EMG-Pickups-HSS-/143102078719"], "paymentMethod": ["PayPal"], "autoPay": ["false"], "postalCode": ["21740"], "location": ["Hagerstown,MD,USA"], "country": ["US"], "shippingInfo": [{"shippingServiceCost": [{"@currencyId": "USD", "__value__": "50.0"}], "shippingType": ["Flat"], "shipToLocations": ["Worldwide"], "expeditedShipping": ["false"], "oneDayShippingAvailable": ["false"], "handlingTime": ["3"]}], "sellingStatus": [{"currentPrice": [{"@currencyId": "USD", "__value__": "650.0"}], "convertedCurrentPrice": [{"@currencyId": "USD", "__value__": "650.0"}], "bidCount": ["1"], "sellingState": ["EndedWithSales"]}], "listingInfo": [{"bestOfferEnabled": ["false"], "buyItNowAvailable": ["false"], "startTime": ["2019-01-24T03:50:58.000Z"], "endTime": ["2019-01-25T20:46:20.000Z"], "listingType": ["Auction"], "gift": ["false"], "watchCount": ["1"]}], "returnsAccepted": ["false"], "condition": [{"conditionId": ["3000"], "conditionDisplayName": ["Used"]}], "isMultiVariationListing": ["false"], "pictureURLLarge": ["https://i.ebayimg.com/00/s/OTk5WDc0OQ==/z/vcEAAOSw4P1awJ5W/$_1.JPG"], "topRatedListing": ["false"]}