{"itemId": ["233097615372"], "title": ["Fender Telecaster Custom '62 vintage reissue mij Japan sunburst MINT "], "globalId": ["EBAY-US"], "primaryCategory": [{"categoryId": ["33034"], "categoryName": ["Electric Guitars"]}], "galleryURL": ["http://thumbs1.ebaystatic.com/m/mpPhc50MXH8KX9A9p2zPwgg/140.jpg"], "viewItemURL": ["http://www.ebay.com/itm/Fender-Telecaster-Custom-62-vintage-reissue-mij-Japan-sunburst-MINT-/233097615372"], "paymentMethod": ["PayPal"], "autoPay": ["false"], "postalCode": ["33143"], "location": ["Miami,FL,USA"], "country": ["US"], "shippingInfo": [{"shippingType": ["Calculated"], "shipToLocations": ["Worldwide"], "expeditedShipping": ["false"], "oneDayShippingAvailable": ["false"], "handlingTime": ["5"]}], "sellingStatus": [{"currentPrice": [{"@currencyId": "USD", "__value__": "799.0"}], "convertedCurrentPrice": [{"@currencyId": "USD", "__value__": "799.0"}], "bidCount": ["1"], "sellingState": ["EndedWithSales"]}], "listingInfo": [{"bestOfferEnabled": ["false"], "buyItNowAvailable": ["false"], "startTime": ["2019-01-17T01:12:15.000Z"], "endTime": ["2019-01-24T01:12:15.000Z"], "listingType": ["Auction"], "gift": ["false"], "watchCount": ["22"]}], "returnsAccepted": ["false"], "condition": [{"conditionId": ["3000"], "conditionDisplayName": ["Used"]}], "isMultiVariationListing": ["false"], "pictureURLLarge": ["https://i.ebayimg.com/00/s/MTU4Nlg3MTI=/z/VPQAAOSwKXhcP1mD/$_1.JPG"], "topRatedListing": ["false"]}