{"itemId": ["173762895258"], "title": ["AWESOME! Gibson Les Paul Classic Custom 2012 Ebony Black - nearly new condition!"], "globalId": ["EBAY-US"], "primaryCategory": [{"categoryId": ["33034"], "categoryName": ["Electric Guitars"]}], "galleryURL": ["http://thumbs3.ebaystatic.com/m/m_KSvj-FL5BONCZe11DIZvQ/140.jpg"], "viewItemURL": ["http://www.ebay.com/itm/AWESOME-Gibson-Les-Paul-Classic-Custom-2012-Ebony-Black-nearly-new-condition-/173762895258"], "paymentMethod": ["PayPal"], "autoPay": ["false"], "postalCode": ["27896"], "location": ["Wilson,NC,USA"], "country": ["US"], "shippingInfo": [{"shippingServiceCost": [{"@currencyId": "USD", "__value__": "49.95"}], "shippingType": ["Flat"], "shipToLocations": ["Worldwide"], "expeditedShipping": ["false"], "oneDayShippingAvailable": ["false"], "handlingTime": ["3"]}], "sellingStatus": [{"currentPrice": [{"@currencyId": "USD", "__value__": "1650.0"}], "convertedCurrentPrice": [{"@currencyId": "USD", "__value__": "1650.0"}], "bidCount": ["1"], "sellingState": ["EndedWithSales"]}], "listingInfo": [{"bestOfferEnabled": ["false"], "buyItNowAvailable": ["false"], "startTime": ["2019-01-26T17:53:05.000Z"], "endTime": ["2019-01-26T18:01:50.000Z"], "listingType": ["Auction"], "gift": ["false"]}], "returnsAccepted": ["false"], "condition": [{"conditionId": ["3000"], "conditionDisplayName": ["Used"]}], "isMultiVariationListing": ["false"], "pictureURLLarge": ["https://i.ebayimg.com/00/s/MTE5NVgxNjAw/z/C14AAOSwI9FcTHxi/$_1.JPG"], "topRatedListing": ["false"]}