{"itemId": ["352570851734"], "title": ["Antonio Tsai Abalone Inlay Electric Guitar  Antoniotsai"], "globalId": ["EBAY-US"], "primaryCategory": [{"categoryId": ["33034"], "categoryName": ["Electric Guitars"]}], "galleryURL": ["http://thumbs3.ebaystatic.com/m/m-f1DmCI16ZcnuQIXb3vsMg/140.jpg"], "viewItemURL": ["http://www.ebay.com/itm/Antonio-Tsai-Abalone-Inlay-Electric-Guitar-Antoniotsai-/352570851734"], "paymentMethod": ["PayPal"], "autoPay": ["false"], "postalCode": ["89117"], "location": ["Las Vegas,NV,USA"], "country": ["US"], "shippingInfo": [{"shippingServiceCost": [{"@currencyId": "USD", "__value__": "39.0"}], "shippingType": ["Flat"], "shipToLocations": ["Worldwide"], "expeditedShipping": ["false"], "oneDayShippingAvailable": ["false"], "handlingTime": ["1"]}], "sellingStatus": [{"currentPrice": [{"@currencyId": "USD", "__value__": "275.0"}], "convertedCurrentPrice": [{"@currencyId": "USD", "__value__": "275.0"}], "bidCount": ["1"], "sellingState": ["EndedWithSales"]}], "listingInfo": [{"bestOfferEnabled": ["false"], "buyItNowAvailable": ["false"], "startTime": ["2019-01-17T04:02:02.000Z"], "endTime": ["2019-01-24T04:02:02.000Z"], "listingType": ["Auction"], "gift": ["false"], "watchCount": ["6"]}], "returnsAccepted": ["false"], "condition": [{"conditionId": ["3000"], "conditionDisplayName": ["Used"]}], "isMultiVariationListing": ["false"], "pictureURLLarge": ["https://i.ebayimg.com/00/s/OTg0WDE1MDA=/z/sJwAAOSwkDtcP~1o/$_1.JPG"], "topRatedListing": ["false"]}