{"itemId": ["153345319535"], "title": ["2009 Fender EVH Wolfgang USA Electric Guitar"], "globalId": ["EBAY-US"], "primaryCategory": [{"categoryId": ["33034"], "categoryName": ["Electric Guitars"]}], "galleryURL": ["http://thumbs4.ebaystatic.com/m/mz7J6dHVy0KjLuEl-0Uzujw/140.jpg"], "viewItemURL": ["http://www.ebay.com/itm/2009-Fender-EVH-Wolfgang-USA-Electric-Guitar-/153345319535"], "paymentMethod": ["PayPal"], "autoPay": ["false"], "postalCode": ["34684"], "location": ["Palm Harbor,FL,USA"], "country": ["US"], "shippingInfo": [{"shippingServiceCost": [{"@currencyId": "USD", "__value__": "50.0"}], "shippingType": ["Flat"], "shipToLocations": ["Worldwide"], "expeditedShipping": ["false"], "oneDayShippingAvailable": ["false"], "handlingTime": ["2"]}], "sellingStatus": [{"currentPrice": [{"@currencyId": "USD", "__value__": "1400.0"}], "convertedCurrentPrice": [{"@currencyId": "USD", "__value__": "1400.0"}], "bidCount": ["1"], "sellingState": ["EndedWithSales"]}], "listingInfo": [{"bestOfferEnabled": ["false"], "buyItNowAvailable": ["false"], "startTime": ["2019-01-19T13:35:21.000Z"], "endTime": ["2019-01-26T13:35:21.000Z"], "listingType": ["Auction"], "gift": ["false"], "watchCount": ["28"]}], "returnsAccepted": ["false"], "condition": [{"conditionId": ["3000"], "conditionDisplayName": ["Used"]}], "isMultiVariationListing": ["false"], "pictureURLLarge": ["https://i.ebayimg.com/00/s/MTYwMFgxMjAw/z/m5UAAOSwJLJcQyLI/$_1.JPG"], "topRatedListing": ["false"]}