{"itemId": ["254080817454"], "title": ["1980's Guild\u00a0 X-79\u00a0"], "globalId": ["EBAY-US"], "primaryCategory": [{"categoryId": ["33034"], "categoryName": ["Electric Guitars"]}], "galleryURL": ["http://thumbs3.ebaystatic.com/m/mMMyqan4ar9I58IwpERK5sQ/140.jpg"], "viewItemURL": ["http://www.ebay.com/itm/1980s-Guild-X-79-/254080817454"], "paymentMethod": ["PayPal"], "autoPay": ["false"], "postalCode": ["85249"], "location": ["Chandler,AZ,USA"], "country": ["US"], "shippingInfo": [{"shippingServiceCost": [{"@currencyId": "USD", "__value__": "60.0"}], "shippingType": ["Flat"], "shipToLocations": ["Worldwide"], "expeditedShipping": ["false"], "oneDayShippingAvailable": ["false"], "handlingTime": ["3"]}], "sellingStatus": [{"currentPrice": [{"@currencyId": "USD", "__value__": "434.0"}], "convertedCurrentPrice": [{"@currencyId": "USD", "__value__": "434.0"}], "bidCount": ["1"], "sellingState": ["EndedWithSales"]}], "listingInfo": [{"bestOfferEnabled": ["false"], "buyItNowAvailable": ["false"], "startTime": ["2019-01-18T21:11:28.000Z"], "endTime": ["2019-01-25T21:11:28.000Z"], "listingType": ["Auction"], "gift": ["false"], "watchCount": ["17"]}], "returnsAccepted": ["false"], "condition": [{"conditionId": ["3000"], "conditionDisplayName": ["Used"]}], "isMultiVariationListing": ["false"], "pictureURLLarge": ["https://i.ebayimg.com/00/s/MTYwMFgxMjAw/z/fKEAAOSwPDlcQj0u/$_1.JPG"], "topRatedListing": ["false"]}