{"itemId": ["202569146200"], "title": ["Epiphone Les Paul Custom PRO Electric Guitar Alpine White w/ Case"], "globalId": ["EBAY-US"], "primaryCategory": [{"categoryId": ["33034"], "categoryName": ["Electric Guitars"]}], "galleryURL": ["http://thumbs1.ebaystatic.com/m/mvvNmmF3tgyGsukcRJ_cQSQ/140.jpg"], "viewItemURL": ["http://www.ebay.com/itm/Epiphone-Les-Paul-Custom-PRO-Electric-Guitar-Alpine-White-w-Case-/202569146200"], "paymentMethod": ["PayPal"], "autoPay": ["true"], "postalCode": ["38104"], "location": ["Memphis,TN,USA"], "country": ["US"], "shippingInfo": [{"shippingType": ["Calculated"], "shipToLocations": ["Worldwide"], "expeditedShipping": ["false"], "oneDayShippingAvailable": ["false"], "handlingTime": ["3"]}], "sellingStatus": [{"currentPrice": [{"@currencyId": "USD", "__value__": "355.0"}], "convertedCurrentPrice": [{"@currencyId": "USD", "__value__": "355.0"}], "bidCount": ["3"], "sellingState": ["EndedWithSales"]}], "listingInfo": [{"bestOfferEnabled": ["false"], "buyItNowAvailable": ["false"], "startTime": ["2019-01-17T22:51:05.000Z"], "endTime": ["2019-01-24T22:51:05.000Z"], "listingType": ["Auction"], "gift": ["false"], "watchCount": ["6"]}], "returnsAccepted": ["false"], "condition": [{"conditionId": ["3000"], "conditionDisplayName": ["Used"]}], "isMultiVariationListing": ["false"], "pictureURLLarge": ["https://i.ebayimg.com/00/s/NTAwWDE4NA==/z/yf4AAOSwK9ZcP6ot/$_1.JPG"], "topRatedListing": ["false"]}