{"itemId": ["183643812046"], "title": ["Peavey Impact 1 Electric Guitar US Made (No Reserve)"], "globalId": ["EBAY-US"], "primaryCategory": [{"categoryId": ["33034"], "categoryName": ["Electric Guitars"]}], "galleryURL": ["http://thumbs3.ebaystatic.com/m/mDkCV_XV7rV1AG7DWhbSEZw/140.jpg"], "viewItemURL": ["http://www.ebay.com/itm/Peavey-Impact-1-Electric-Guitar-US-Made-No-Reserve-/183643812046"], "productId": [{"@type": "ReferenceID", "__value__": "137002694"}], "paymentMethod": ["PayPal"], "autoPay": ["true"], "postalCode": ["32439"], "location": ["Freeport,FL,USA"], "country": ["US"], "shippingInfo": [{"shippingServiceCost": [{"@currencyId": "USD", "__value__": "0.0"}], "shippingType": ["FreePickup"], "shipToLocations": ["Worldwide"], "expeditedShipping": ["false"], "oneDayShippingAvailable": ["false"], "handlingTime": ["3"]}], "sellingStatus": [{"currentPrice": [{"@currencyId": "USD", "__value__": "260.0"}], "convertedCurrentPrice": [{"@currencyId": "USD", "__value__": "260.0"}], "bidCount": ["39"], "sellingState": ["EndedWithSales"]}], "listingInfo": [{"bestOfferEnabled": ["false"], "buyItNowAvailable": ["false"], "startTime": ["2019-01-19T17:49:21.000Z"], "endTime": ["2019-01-26T17:49:21.000Z"], "listingType": ["Auction"], "gift": ["false"], "watchCount": ["55"]}], "returnsAccepted": ["true"], "condition": [{"conditionId": ["3000"], "conditionDisplayName": ["Used"]}], "isMultiVariationListing": ["false"], "pictureURLLarge": ["https://i.ebayimg.com/00/s/MTIwMFgxNjAw/z/y8sAAOSwsqdcQ1jH/$_1.JPG"], "topRatedListing": ["false"]}