{"itemId": ["401687186904"], "title": ["Supro 1963 White Res O Glas Duo Tone Body & Neck Valco"], "globalId": ["EBAY-US"], "primaryCategory": [{"categoryId": ["33034"], "categoryName": ["Electric Guitars"]}], "galleryURL": ["http://thumbs1.ebaystatic.com/m/mkO84902aa0WJB2v4KnwWZA/140.jpg"], "viewItemURL": ["http://www.ebay.com/itm/Supro-1963-White-Res-O-Glas-Duo-Tone-Body-Neck-Valco-/401687186904"], "paymentMethod": ["PayPal"], "autoPay": ["false"], "postalCode": ["08028"], "location": ["Glassboro,NJ,USA"], "country": ["US"], "shippingInfo": [{"shippingType": ["Calculated"], "shipToLocations": ["Worldwide"], "expeditedShipping": ["true"], "oneDayShippingAvailable": ["false"], "handlingTime": ["1"]}], "sellingStatus": [{"currentPrice": [{"@currencyId": "USD", "__value__": "299.99"}], "convertedCurrentPrice": [{"@currencyId": "USD", "__value__": "299.99"}], "bidCount": ["1"], "sellingState": ["EndedWithSales"]}], "listingInfo": [{"bestOfferEnabled": ["false"], "buyItNowAvailable": ["false"], "startTime": ["2019-01-17T01:00:29.000Z"], "endTime": ["2019-01-24T01:00:29.000Z"], "listingType": ["Auction"], "gift": ["false"], "watchCount": ["13"]}], "returnsAccepted": ["false"], "condition": [{"conditionId": ["3000"], "conditionDisplayName": ["Used"]}], "isMultiVariationListing": ["false"], "pictureURLLarge": ["https://i.ebayimg.com/00/s/NjQwWDQ4MA==/z/Qm4AAOSwLgpcPjBR/$_1.JPG"], "topRatedListing": ["false"]}