{"itemId": ["183639747162"], "title": ["1980 Gibson ES-355, clean and sounds great - No Reserve"], "globalId": ["EBAY-US"], "primaryCategory": [{"categoryId": ["33034"], "categoryName": ["Electric Guitars"]}], "galleryURL": ["http://thumbs3.ebaystatic.com/m/mGeNeuV3tsUwvbRgCWdRJfA/140.jpg"], "viewItemURL": ["http://www.ebay.com/itm/1980-Gibson-ES-355-clean-and-sounds-great-No-Reserve-/183639747162"], "paymentMethod": ["PayPal"], "autoPay": ["false"], "postalCode": ["86442"], "location": ["Bullhead City,AZ,USA"], "country": ["US"], "shippingInfo": [{"shippingServiceCost": [{"@currencyId": "USD", "__value__": "85.0"}], "shippingType": ["Flat"], "shipToLocations": ["Worldwide"], "expeditedShipping": ["true"], "oneDayShippingAvailable": ["false"], "handlingTime": ["5"]}], "sellingStatus": [{"currentPrice": [{"@currencyId": "USD", "__value__": "2475.0"}], "convertedCurrentPrice": [{"@currencyId": "USD", "__value__": "2475.0"}], "bidCount": ["25"], "sellingState": ["EndedWithSales"]}], "listingInfo": [{"bestOfferEnabled": ["false"], "buyItNowAvailable": ["false"], "startTime": ["2019-01-16T23:32:38.000Z"], "endTime": ["2019-01-23T23:32:38.000Z"], "listingType": ["Auction"], "gift": ["false"], "watchCount": ["34"]}], "returnsAccepted": ["false"], "condition": [{"conditionId": ["3000"], "conditionDisplayName": ["Used"]}], "isMultiVariationListing": ["false"], "pictureURLLarge": ["https://i.ebayimg.com/00/s/MTA2NVgxNjAw/z/JfgAAOSwjQVcEBvx/$_1.JPG"], "topRatedListing": ["false"]}