{"itemId": ["264163822438"], "title": ["1999 Epiphone G-400 Custom Ivory Electric Guitar"], "globalId": ["EBAY-US"], "primaryCategory": [{"categoryId": ["33034"], "categoryName": ["Electric Guitars"]}], "galleryURL": ["http://thumbs3.ebaystatic.com/m/moeGXNwfJ0Vp4aeqGJEVaoQ/140.jpg"], "viewItemURL": ["http://www.ebay.com/itm/1999-Epiphone-G-400-Custom-Ivory-Electric-Guitar-/264163822438"], "paymentMethod": ["PayPal"], "autoPay": ["false"], "postalCode": ["30040"], "location": ["Cumming,GA,USA"], "country": ["US"], "shippingInfo": [{"shippingServiceCost": [{"@currencyId": "USD", "__value__": "20.0"}], "shippingType": ["Flat"], "shipToLocations": ["Worldwide"], "expeditedShipping": ["true"], "oneDayShippingAvailable": ["false"], "handlingTime": ["3"]}], "sellingStatus": [{"currentPrice": [{"@currencyId": "USD", "__value__": "300.0"}], "convertedCurrentPrice": [{"@currencyId": "USD", "__value__": "300.0"}], "bidCount": ["1"], "sellingState": ["EndedWithSales"]}], "listingInfo": [{"bestOfferEnabled": ["false"], "buyItNowAvailable": ["false"], "startTime": ["2019-01-25T17:17:16.000Z"], "endTime": ["2019-01-26T15:17:20.000Z"], "listingType": ["Auction"], "gift": ["false"], "watchCount": ["5"]}], "returnsAccepted": ["false"], "condition": [{"conditionId": ["3000"], "conditionDisplayName": ["Used"]}], "isMultiVariationListing": ["false"], "pictureURLLarge": ["https://i.ebayimg.com/00/s/MTYwMFgxMjAw/z/n9sAAOSwfTlcQ4yy/$_1.JPG"], "topRatedListing": ["false"]}