{"itemId": ["132920593249"], "title": ["Jackson X Series Soloist SLX Solidbody Electric Guitar - Satin Red Pearl"], "globalId": ["EBAY-US"], "primaryCategory": [{"categoryId": ["33034"], "categoryName": ["Electric Guitars"]}], "galleryURL": ["http://thumbs2.ebaystatic.com/m/mbCfhQztMkkcGOqcTzGIquw/140.jpg"], "viewItemURL": ["http://www.ebay.com/itm/Jackson-X-Series-Soloist-SLX-Solidbody-Electric-Guitar-Satin-Red-Pearl-/132920593249"], "paymentMethod": ["PayPal"], "autoPay": ["false"], "postalCode": ["46818"], "location": ["Fort Wayne,IN,USA"], "country": ["US"], "shippingInfo": [{"shippingType": ["Calculated"], "shipToLocations": ["Worldwide"], "expeditedShipping": ["false"], "oneDayShippingAvailable": ["false"], "handlingTime": ["1"]}], "sellingStatus": [{"currentPrice": [{"@currencyId": "USD", "__value__": "249.99"}], "convertedCurrentPrice": [{"@currencyId": "USD", "__value__": "249.99"}], "bidCount": ["1"], "sellingState": ["EndedWithSales"]}], "listingInfo": [{"bestOfferEnabled": ["false"], "buyItNowAvailable": ["false"], "startTime": ["2019-01-17T01:45:00.000Z"], "endTime": ["2019-01-24T01:45:00.000Z"], "listingType": ["Auction"], "gift": ["false"], "watchCount": ["15"]}], "returnsAccepted": ["true"], "condition": [{"conditionId": ["3000"], "conditionDisplayName": ["Used"]}], "isMultiVariationListing": ["false"], "pictureURLLarge": ["https://i.ebayimg.com/00/s/MTYwMFg2MzM=/z/h6oAAOSwaaNcHU0F/$_1.JPG"], "topRatedListing": ["true"]}