{"itemId": ["264149929873"], "title": ["Jackson Pro-Series Dinky 7 String "], "globalId": ["EBAY-US"], "primaryCategory": [{"categoryId": ["33034"], "categoryName": ["Electric Guitars"]}], "galleryURL": ["http://thumbs2.ebaystatic.com/m/mTM_qOURFoMI3EuZs71Z9yA/140.jpg"], "viewItemURL": ["http://www.ebay.com/itm/Jackson-Pro-Series-Dinky-7-String-/264149929873"], "paymentMethod": ["PayPal"], "autoPay": ["false"], "postalCode": ["03773"], "location": ["Newport,NH,USA"], "country": ["US"], "shippingInfo": [{"shippingServiceCost": [{"@currencyId": "USD", "__value__": "44.99"}], "shippingType": ["Flat"], "shipToLocations": ["Worldwide"], "expeditedShipping": ["false"], "oneDayShippingAvailable": ["false"], "handlingTime": ["3"]}], "sellingStatus": [{"currentPrice": [{"@currencyId": "USD", "__value__": "460.0"}], "convertedCurrentPrice": [{"@currencyId": "USD", "__value__": "460.0"}], "bidCount": ["2"], "sellingState": ["EndedWithSales"]}], "listingInfo": [{"bestOfferEnabled": ["false"], "buyItNowAvailable": ["false"], "startTime": ["2019-01-19T16:30:19.000Z"], "endTime": ["2019-01-26T16:30:19.000Z"], "listingType": ["Auction"], "gift": ["false"], "watchCount": ["7"]}], "returnsAccepted": ["false"], "condition": [{"conditionId": ["3000"], "conditionDisplayName": ["Used"]}], "isMultiVariationListing": ["false"], "pictureURLLarge": ["https://i.ebayimg.com/00/s/MTYwMFg1MzY=/z/rB4AAOSwM6FcJ8oP/$_1.JPG"], "topRatedListing": ["false"]}