{"itemId": ["372570105144"], "title": ["2003: Epiphone Lynyrd Skynyrd 30th Anniversary Goldtop Les Paul"], "globalId": ["EBAY-US"], "primaryCategory": [{"categoryId": ["33034"], "categoryName": ["Electric Guitars"]}], "galleryURL": ["http://thumbs1.ebaystatic.com/m/m0iI0oZbpcmVZF0eP0omd3g/140.jpg"], "viewItemURL": ["http://www.ebay.com/itm/2003-Epiphone-Lynyrd-Skynyrd-30th-Anniversary-Goldtop-Les-Paul-/372570105144"], "paymentMethod": ["PayPal"], "autoPay": ["false"], "postalCode": ["85345"], "location": ["Peoria,AZ,USA"], "country": ["US"], "shippingInfo": [{"shippingServiceCost": [{"@currencyId": "USD", "__value__": "49.95"}], "shippingType": ["Flat"], "shipToLocations": ["Worldwide"], "expeditedShipping": ["false"], "oneDayShippingAvailable": ["false"], "handlingTime": ["2"]}], "sellingStatus": [{"currentPrice": [{"@currencyId": "USD", "__value__": "340.99"}], "convertedCurrentPrice": [{"@currencyId": "USD", "__value__": "340.99"}], "bidCount": ["6"], "sellingState": ["EndedWithSales"]}], "listingInfo": [{"bestOfferEnabled": ["false"], "buyItNowAvailable": ["false"], "startTime": ["2019-01-16T23:55:30.000Z"], "endTime": ["2019-01-23T23:55:30.000Z"], "listingType": ["Auction"], "gift": ["false"], "watchCount": ["9"]}], "returnsAccepted": ["true"], "condition": [{"conditionId": ["3000"], "conditionDisplayName": ["Used"]}], "isMultiVariationListing": ["false"], "pictureURLLarge": ["https://i.ebayimg.com/00/s/MTYwMFg5MDA=/z/iOEAAOSwjfdcP8Az/$_1.JPG"], "topRatedListing": ["false"]}