{"itemId": ["254082512733"], "title": ["Epiphone Les Paul Traditional Pro Guitar Wine Red with Hard Case plus extras!"], "globalId": ["EBAY-US"], "primaryCategory": [{"categoryId": ["33034"], "categoryName": ["Electric Guitars"]}], "galleryURL": ["http://thumbs2.ebaystatic.com/m/mBqs-5BPd9Q4GTa3ghBSN1A/140.jpg"], "viewItemURL": ["http://www.ebay.com/itm/Epiphone-Les-Paul-Traditional-Pro-Guitar-Wine-Red-Hard-Case-plus-extras-/254082512733"], "paymentMethod": ["PayPal"], "autoPay": ["false"], "postalCode": ["02138"], "location": ["Cambridge,MA,USA"], "country": ["US"], "shippingInfo": [{"shippingServiceCost": [{"@currencyId": "USD", "__value__": "0.0"}], "shippingType": ["FreePickup"], "shipToLocations": ["Worldwide"], "expeditedShipping": ["false"], "oneDayShippingAvailable": ["false"], "handlingTime": ["3"]}], "sellingStatus": [{"currentPrice": [{"@currencyId": "USD", "__value__": "261.0"}], "convertedCurrentPrice": [{"@currencyId": "USD", "__value__": "261.0"}], "bidCount": ["11"], "sellingState": ["EndedWithSales"]}], "listingInfo": [{"bestOfferEnabled": ["false"], "buyItNowAvailable": ["false"], "startTime": ["2019-01-19T17:32:40.000Z"], "endTime": ["2019-01-26T17:32:40.000Z"], "listingType": ["Auction"], "gift": ["false"], "watchCount": ["26"]}], "returnsAccepted": ["false"], "condition": [{"conditionId": ["3000"], "conditionDisplayName": ["Used"]}], "isMultiVariationListing": ["false"], "pictureURLLarge": ["https://i.ebayimg.com/00/s/MTIwMFgxNjAw/z/cX8AAOSwgotcQ1z5/$_1.JPG"], "topRatedListing": ["false"]}