{"itemId": ["143096428976"], "title": ["G&L Legacy Tribute Guitar"], "globalId": ["EBAY-US"], "primaryCategory": [{"categoryId": ["33034"], "categoryName": ["Electric Guitars"]}], "galleryURL": ["http://thumbs1.ebaystatic.com/m/mvHinr8u-paDdju_Fr5nbWA/140.jpg"], "viewItemURL": ["http://www.ebay.com/itm/G-L-Legacy-Tribute-Guitar-/143096428976"], "paymentMethod": ["PayPal"], "autoPay": ["true"], "postalCode": ["44024"], "location": ["Chardon,OH,USA"], "country": ["US"], "shippingInfo": [{"shippingType": ["Calculated"], "shipToLocations": ["Worldwide"], "expeditedShipping": ["true"], "oneDayShippingAvailable": ["false"], "handlingTime": ["1"]}], "sellingStatus": [{"currentPrice": [{"@currencyId": "USD", "__value__": "338.0"}], "convertedCurrentPrice": [{"@currencyId": "USD", "__value__": "338.0"}], "bidCount": ["34"], "sellingState": ["EndedWithSales"]}], "listingInfo": [{"bestOfferEnabled": ["false"], "buyItNowAvailable": ["false"], "startTime": ["2019-01-19T15:17:00.000Z"], "endTime": ["2019-01-26T15:17:00.000Z"], "listingType": ["Auction"], "gift": ["false"], "watchCount": ["102"]}], "returnsAccepted": ["false"], "condition": [{"conditionId": ["3000"], "conditionDisplayName": ["Used"]}], "isMultiVariationListing": ["false"], "pictureURLLarge": ["https://i.ebayimg.com/00/s/MTYwMFgxNjAw/z/~bYAAOSwvGZcMkLf/$_1.JPG"], "topRatedListing": ["false"]}