{"itemId": ["372574805170"], "title": ["2012 Epiphone Les Paul Standard Pro Plus Top  Cherryburst Flame  w/Case NO RES !"], "globalId": ["EBAY-US"], "primaryCategory": [{"categoryId": ["33034"], "categoryName": ["Electric Guitars"]}], "galleryURL": ["http://thumbs3.ebaystatic.com/m/m1zqhYPkmNu-ceg80RHdUMA/140.jpg"], "viewItemURL": ["http://www.ebay.com/itm/2012-Epiphone-Les-Paul-Standard-Pro-Plus-Top-Cherryburst-Flame-w-Case-NO-RES-/372574805170"], "paymentMethod": ["PayPal"], "autoPay": ["false"], "postalCode": ["53713"], "location": ["Madison,WI,USA"], "country": ["US"], "shippingInfo": [{"shippingServiceCost": [{"@currencyId": "USD", "__value__": "45.0"}], "shippingType": ["Flat"], "shipToLocations": ["Worldwide"], "expeditedShipping": ["false"], "oneDayShippingAvailable": ["false"], "handlingTime": ["3"]}], "sellingStatus": [{"currentPrice": [{"@currencyId": "USD", "__value__": "310.0"}], "convertedCurrentPrice": [{"@currencyId": "USD", "__value__": "310.0"}], "bidCount": ["37"], "sellingState": ["EndedWithSales"]}], "listingInfo": [{"bestOfferEnabled": ["false"], "buyItNowAvailable": ["false"], "startTime": ["2019-01-22T01:00:25.000Z"], "endTime": ["2019-01-25T01:00:25.000Z"], "listingType": ["Auction"], "gift": ["false"], "watchCount": ["57"]}], "returnsAccepted": ["false"], "condition": [{"conditionId": ["3000"], "conditionDisplayName": ["Used"]}], "isMultiVariationListing": ["false"], "pictureURLLarge": ["https://i.ebayimg.com/00/s/MTIwMFgxNjAw/z/AOcAAOSwYYpcP3Ap/$_1.JPG"], "topRatedListing": ["false"]}