{"itemId": ["132921189875"], "title": ["Gibson Les Paul Studio 50's Tribute Sunburst Electric Guitar with case"], "globalId": ["EBAY-US"], "primaryCategory": [{"categoryId": ["33034"], "categoryName": ["Electric Guitars"]}], "galleryURL": ["http://thumbs4.ebaystatic.com/m/mKElVo2zh6VJ9XO50tWlsAg/140.jpg"], "viewItemURL": ["http://www.ebay.com/itm/Gibson-Les-Paul-Studio-50s-Tribute-Sunburst-Electric-Guitar-case-/132921189875"], "paymentMethod": ["PayPal"], "autoPay": ["false"], "postalCode": ["74434"], "location": ["Fort Gibson,OK,USA"], "country": ["US"], "shippingInfo": [{"shippingServiceCost": [{"@currencyId": "USD", "__value__": "0.0"}], "shippingType": ["FreePickup"], "shipToLocations": ["Worldwide"], "expeditedShipping": ["true"], "oneDayShippingAvailable": ["false"], "handlingTime": ["3"]}], "sellingStatus": [{"currentPrice": [{"@currencyId": "USD", "__value__": "616.85"}], "convertedCurrentPrice": [{"@currencyId": "USD", "__value__": "616.85"}], "bidCount": ["59"], "sellingState": ["EndedWithSales"]}], "listingInfo": [{"bestOfferEnabled": ["false"], "buyItNowAvailable": ["false"], "startTime": ["2019-01-17T05:02:56.000Z"], "endTime": ["2019-01-24T05:02:56.000Z"], "listingType": ["Auction"], "gift": ["false"], "watchCount": ["68"]}], "returnsAccepted": ["false"], "condition": [{"conditionId": ["3000"], "conditionDisplayName": ["Used"]}], "isMultiVariationListing": ["false"], "pictureURLLarge": ["https://i.ebayimg.com/00/s/MTYwMFg4MDA=/z/FA0AAOSwXepcQAre/$_1.JPG"], "topRatedListing": ["false"]}