{"itemId": ["333022320856"], "title": ["2015 Epiphone Les Paul Standard Plus Top Pro GOLD"], "globalId": ["EBAY-US"], "primaryCategory": [{"categoryId": ["33034"], "categoryName": ["Electric Guitars"]}], "galleryURL": ["http://thumbs1.ebaystatic.com/m/mAgzH0WKQn_9A3Jl-ncD9mw/140.jpg"], "viewItemURL": ["http://www.ebay.com/itm/2015-Epiphone-Les-Paul-Standard-Plus-Top-Pro-GOLD-/333022320856"], "paymentMethod": ["PayPal"], "autoPay": ["false"], "postalCode": ["80231"], "location": ["Denver,CO,USA"], "country": ["US"], "shippingInfo": [{"shippingServiceCost": [{"@currencyId": "USD", "__value__": "49.99"}], "shippingType": ["Flat"], "shipToLocations": ["Worldwide"], "expeditedShipping": ["false"], "oneDayShippingAvailable": ["false"], "handlingTime": ["1"]}], "sellingStatus": [{"currentPrice": [{"@currencyId": "USD", "__value__": "299.99"}], "convertedCurrentPrice": [{"@currencyId": "USD", "__value__": "299.99"}], "bidCount": ["1"], "sellingState": ["EndedWithSales"]}], "listingInfo": [{"bestOfferEnabled": ["false"], "buyItNowAvailable": ["false"], "startTime": ["2019-01-18T19:51:40.000Z"], "endTime": ["2019-01-25T19:51:40.000Z"], "listingType": ["Auction"], "gift": ["false"], "watchCount": ["18"]}], "returnsAccepted": ["true"], "condition": [{"conditionId": ["3000"], "conditionDisplayName": ["Used"]}], "isMultiVariationListing": ["false"], "pictureURLLarge": ["https://i.ebayimg.com/00/s/ODAwWDI5MQ==/z/-asAAOSwt0dcQi0z/$_1.JPG"], "topRatedListing": ["false"]}