{"itemId": ["163489461031"], "title": ["Vantage electric guitar VA800 - Japan 1980 - Matsumoku"], "globalId": ["EBAY-US"], "primaryCategory": [{"categoryId": ["33034"], "categoryName": ["Electric Guitars"]}], "galleryURL": ["http://thumbs4.ebaystatic.com/m/mm1DQ04gotwa9xa3N4INJvg/140.jpg"], "viewItemURL": ["http://www.ebay.com/itm/Vantage-electric-guitar-VA800-Japan-1980-Matsumoku-/163489461031"], "paymentMethod": ["PayPal"], "autoPay": ["false"], "postalCode": ["M3A1P7"], "location": ["Canada"], "country": ["CA"], "shippingInfo": [{"shippingServiceCost": [{"@currencyId": "USD", "__value__": "100.0"}], "shippingType": ["Flat"], "shipToLocations": ["Worldwide"], "expeditedShipping": ["true"], "oneDayShippingAvailable": ["false"], "handlingTime": ["1"]}], "sellingStatus": [{"currentPrice": [{"@currencyId": "USD", "__value__": "300.0"}], "convertedCurrentPrice": [{"@currencyId": "USD", "__value__": "300.0"}], "bidCount": ["1"], "sellingState": ["EndedWithSales"]}], "listingInfo": [{"bestOfferEnabled": ["false"], "buyItNowAvailable": ["false"], "startTime": ["2019-01-16T03:29:55.000Z"], "endTime": ["2019-01-26T03:29:55.000Z"], "listingType": ["Auction"], "gift": ["false"], "watchCount": ["43"]}], "returnsAccepted": ["false"], "galleryPlusPictureURL": ["http://galleryplus.ebayimg.com/ws/web/163489461031_1_0_1.jpg"], "condition": [{"conditionId": ["3000"], "conditionDisplayName": ["Used"]}], "isMultiVariationListing": ["false"], "pictureURLLarge": ["https://i.ebayimg.com/00/s/MTYwMFg3Nzc=/z/RzIAAOSwlZ1cPqKR/$_1.JPG"], "topRatedListing": ["false"]}