{"itemId": ["264150735569"], "title": ["ESP LTD Hetfield Snakebyte Guitar MINT CONDITION Unplayed Case Black no reserve"], "globalId": ["EBAY-US"], "primaryCategory": [{"categoryId": ["33034"], "categoryName": ["Electric Guitars"]}], "galleryURL": ["http://thumbs2.ebaystatic.com/m/mjHE2WJAVCshwqxPEgQLO2Q/140.jpg"], "viewItemURL": ["http://www.ebay.com/itm/ESP-LTD-Hetfield-Snakebyte-Guitar-MINT-CONDITION-Unplayed-Case-Black-no-reserve-/264150735569"], "paymentMethod": ["PayPal"], "autoPay": ["false"], "postalCode": ["33020"], "location": ["Hollywood,FL,USA"], "country": ["US"], "shippingInfo": [{"shippingServiceCost": [{"@currencyId": "USD", "__value__": "49.99"}], "shippingType": ["Flat"], "shipToLocations": ["Worldwide"], "expeditedShipping": ["false"], "oneDayShippingAvailable": ["false"], "handlingTime": ["3"]}], "sellingStatus": [{"currentPrice": [{"@currencyId": "USD", "__value__": "669.0"}], "convertedCurrentPrice": [{"@currencyId": "USD", "__value__": "669.0"}], "bidCount": ["6"], "sellingState": ["EndedWithSales"]}], "listingInfo": [{"bestOfferEnabled": ["false"], "buyItNowAvailable": ["false"], "startTime": ["2019-01-20T03:00:21.000Z"], "endTime": ["2019-01-25T03:00:21.000Z"], "listingType": ["Auction"], "gift": ["false"], "watchCount": ["25"]}], "returnsAccepted": ["false"], "condition": [{"conditionId": ["3000"], "conditionDisplayName": ["Used"]}], "isMultiVariationListing": ["false"], "pictureURLLarge": ["https://i.ebayimg.com/00/s/MTIwMFgxNjAw/z/YucAAOSwUHBcQ6~a/$_1.JPG"], "topRatedListing": ["false"]}