{"itemId": ["254082317152"], "title": ["\u00a0Epiphone Les Paul Standard Plus Quilt Top Electric Guitar with Seymour Duncans"], "globalId": ["EBAY-US"], "primaryCategory": [{"categoryId": ["33034"], "categoryName": ["Electric Guitars"]}], "galleryURL": ["http://thumbs1.ebaystatic.com/m/mm1Oc0IlGWBHjw3NcO_-T2Q/140.jpg"], "viewItemURL": ["http://www.ebay.com/itm/Epiphone-Les-Paul-Standard-Plus-Quilt-Top-Electric-Guitar-Seymour-Duncans-/254082317152"], "productId": [{"@type": "ReferenceID", "__value__": "78607511"}], "paymentMethod": ["PayPal"], "autoPay": ["true"], "postalCode": ["35210"], "location": ["Birmingham,AL,USA"], "country": ["US"], "shippingInfo": [{"shippingType": ["Calculated"], "shipToLocations": ["Worldwide"], "expeditedShipping": ["true"], "oneDayShippingAvailable": ["false"], "handlingTime": ["2"]}], "sellingStatus": [{"currentPrice": [{"@currencyId": "USD", "__value__": "430.0"}], "convertedCurrentPrice": [{"@currencyId": "USD", "__value__": "430.0"}], "bidCount": ["7"], "sellingState": ["EndedWithSales"]}], "listingInfo": [{"bestOfferEnabled": ["false"], "buyItNowAvailable": ["false"], "startTime": ["2019-01-19T15:42:27.000Z"], "endTime": ["2019-01-26T15:42:27.000Z"], "listingType": ["Auction"], "gift": ["false"], "watchCount": ["40"]}], "returnsAccepted": ["false"], "condition": [{"conditionId": ["3000"], "conditionDisplayName": ["Used"]}], "isMultiVariationListing": ["false"], "pictureURLLarge": ["https://i.ebayimg.com/00/s/MTIwMFgxNjAw/z/UjYAAOSwpLdcQ0Nw/$_1.JPG"], "topRatedListing": ["false"]}