{"itemId": ["401687302452"], "title": ["Gibson 2017 White High Performance Flying V Body & Neck "], "globalId": ["EBAY-US"], "primaryCategory": [{"categoryId": ["33034"], "categoryName": ["Electric Guitars"]}], "galleryURL": ["http://thumbs1.ebaystatic.com/m/m6WFnyRqNJI51npJoWsnf6A/140.jpg"], "viewItemURL": ["http://www.ebay.com/itm/Gibson-2017-White-High-Performance-Flying-V-Body-Neck-/401687302452"], "paymentMethod": ["PayPal"], "autoPay": ["false"], "postalCode": ["08028"], "location": ["Glassboro,NJ,USA"], "country": ["US"], "shippingInfo": [{"shippingType": ["Calculated"], "shipToLocations": ["Worldwide"], "expeditedShipping": ["true"], "oneDayShippingAvailable": ["false"], "handlingTime": ["1"]}], "sellingStatus": [{"currentPrice": [{"@currencyId": "USD", "__value__": "406.77"}], "convertedCurrentPrice": [{"@currencyId": "USD", "__value__": "406.77"}], "bidCount": ["14"], "sellingState": ["EndedWithSales"]}], "listingInfo": [{"bestOfferEnabled": ["false"], "buyItNowAvailable": ["false"], "startTime": ["2019-01-18T02:00:09.000Z"], "endTime": ["2019-01-25T02:00:09.000Z"], "listingType": ["Auction"], "gift": ["false"], "watchCount": ["58"]}], "returnsAccepted": ["false"], "condition": [{"conditionId": ["3000"], "conditionDisplayName": ["Used"]}], "isMultiVariationListing": ["false"], "pictureURLLarge": ["https://i.ebayimg.com/00/s/NjQwWDQ4MA==/z/WKMAAOSwdwVcPmNh/$_1.JPG"], "topRatedListing": ["false"]}