{"itemId": ["372571173077"], "title": ["1999 G&L Legacy USA Left Handed 6-String Black Body Electric Guitar CLF SN"], "globalId": ["EBAY-US"], "primaryCategory": [{"categoryId": ["33034"], "categoryName": ["Electric Guitars"]}], "galleryURL": ["http://thumbs2.ebaystatic.com/m/msYFvTSdJLCol9j6W6mJO9g/140.jpg"], "viewItemURL": ["http://www.ebay.com/itm/1999-G-L-Legacy-USA-Left-Handed-6-String-Black-Body-Electric-Guitar-CLF-SN-/372571173077"], "paymentMethod": ["PayPal"], "autoPay": ["false"], "postalCode": ["95841"], "location": ["Sacramento,CA,USA"], "country": ["US"], "shippingInfo": [{"shippingServiceCost": [{"@currencyId": "USD", "__value__": "49.99"}], "shippingType": ["Flat"], "shipToLocations": ["Worldwide"], "expeditedShipping": ["false"], "oneDayShippingAvailable": ["false"], "handlingTime": ["1"]}], "sellingStatus": [{"currentPrice": [{"@currencyId": "USD", "__value__": "399.99"}], "convertedCurrentPrice": [{"@currencyId": "USD", "__value__": "399.99"}], "bidCount": ["1"], "sellingState": ["EndedWithSales"]}], "listingInfo": [{"bestOfferEnabled": ["false"], "buyItNowAvailable": ["false"], "startTime": ["2019-01-18T00:30:00.000Z"], "endTime": ["2019-01-25T00:30:00.000Z"], "listingType": ["Auction"], "gift": ["false"], "watchCount": ["10"]}], "returnsAccepted": ["true"], "condition": [{"conditionId": ["3000"], "conditionDisplayName": ["Used"]}], "isMultiVariationListing": ["false"], "pictureURLLarge": ["https://i.ebayimg.com/00/s/MTYwMFgxMjAw/z/m4YAAOSwBfhcGZk7/$_1.JPG"], "topRatedListing": ["true"]}