{"itemId": ["323663570870"], "title": ["American Standard HSS Stratocaster"], "globalId": ["EBAY-US"], "primaryCategory": [{"categoryId": ["33034"], "categoryName": ["Electric Guitars"]}], "galleryURL": ["http://thumbs3.ebaystatic.com/m/mZrqtSuc64hRUfqE-IzXQ8g/140.jpg"], "viewItemURL": ["http://www.ebay.com/itm/American-Standard-HSS-Stratocaster-/323663570870"], "paymentMethod": ["PayPal"], "autoPay": ["false"], "postalCode": ["28716"], "location": ["Canton,NC,USA"], "country": ["US"], "shippingInfo": [{"shippingServiceCost": [{"@currencyId": "USD", "__value__": "60.0"}], "shippingType": ["Flat"], "shipToLocations": ["Worldwide"], "expeditedShipping": ["false"], "oneDayShippingAvailable": ["false"], "handlingTime": ["2"]}], "sellingStatus": [{"currentPrice": [{"@currencyId": "USD", "__value__": "750.0"}], "convertedCurrentPrice": [{"@currencyId": "USD", "__value__": "750.0"}], "bidCount": ["1"], "sellingState": ["EndedWithSales"]}], "listingInfo": [{"bestOfferEnabled": ["false"], "buyItNowAvailable": ["false"], "startTime": ["2019-01-24T00:11:53.000Z"], "endTime": ["2019-01-25T22:31:24.000Z"], "listingType": ["Auction"], "gift": ["false"], "watchCount": ["6"]}], "returnsAccepted": ["false"], "condition": [{"conditionId": ["3000"], "conditionDisplayName": ["Used"]}], "isMultiVariationListing": ["false"], "pictureURLLarge": ["https://i.ebayimg.com/00/s/MTYwMFgxMjAw/z/DVoAAOSw4WFbroVC/$_1.JPG"], "topRatedListing": ["false"]}