{"itemId": ["223335835298"], "title": ["C.1975 Vintage Ovation Deacon, VERY NICE, OHC, plays and sounds great!"], "globalId": ["EBAY-US"], "primaryCategory": [{"categoryId": ["33034"], "categoryName": ["Electric Guitars"]}], "galleryURL": ["http://thumbs3.ebaystatic.com/m/mcdAXsYuG6SUZAY2M06yF9w/140.jpg"], "viewItemURL": ["http://www.ebay.com/itm/C-1975-Vintage-Ovation-Deacon-VERY-NICE-OHC-plays-and-sounds-great-/223335835298"], "paymentMethod": ["PayPal"], "autoPay": ["false"], "postalCode": ["04102"], "location": ["Portland,ME,USA"], "country": ["US"], "shippingInfo": [{"shippingServiceCost": [{"@currencyId": "USD", "__value__": "50.0"}], "shippingType": ["Flat"], "shipToLocations": ["Worldwide"], "expeditedShipping": ["false"], "oneDayShippingAvailable": ["false"], "handlingTime": ["2"]}], "sellingStatus": [{"currentPrice": [{"@currencyId": "USD", "__value__": "1325.0"}], "convertedCurrentPrice": [{"@currencyId": "USD", "__value__": "1325.0"}], "bidCount": ["5"], "sellingState": ["EndedWithSales"]}], "listingInfo": [{"bestOfferEnabled": ["false"], "buyItNowAvailable": ["false"], "startTime": ["2019-01-20T23:48:24.000Z"], "endTime": ["2019-01-25T23:48:24.000Z"], "listingType": ["Auction"], "gift": ["false"], "watchCount": ["17"]}], "returnsAccepted": ["false"], "condition": [{"conditionId": ["3000"], "conditionDisplayName": ["Used"]}], "isMultiVariationListing": ["false"], "pictureURLLarge": ["https://i.ebayimg.com/00/s/NjQwWDQ4MA==/z/gccAAOSws0pcJoVW/$_1.JPG"], "topRatedListing": ["false"]}