{"itemId": ["233102403315"], "title": ["2015 Gibson Les Paul Studio in Desert Burst"], "globalId": ["EBAY-US"], "primaryCategory": [{"categoryId": ["33034"], "categoryName": ["Electric Guitars"]}], "galleryURL": ["http://thumbs4.ebaystatic.com/m/mF1dZLr_oKGJ-4bqwSgUxMg/140.jpg"], "viewItemURL": ["http://www.ebay.com/itm/2015-Gibson-Les-Paul-Studio-Desert-Burst-/233102403315"], "paymentMethod": ["PayPal"], "autoPay": ["false"], "postalCode": ["56601"], "location": ["Bemidji,MN,USA"], "country": ["US"], "shippingInfo": [{"shippingType": ["Calculated"], "shipToLocations": ["Worldwide"], "expeditedShipping": ["true"], "oneDayShippingAvailable": ["false"], "handlingTime": ["2"]}], "sellingStatus": [{"currentPrice": [{"@currencyId": "USD", "__value__": "560.0"}], "convertedCurrentPrice": [{"@currencyId": "USD", "__value__": "560.0"}], "bidCount": ["6"], "sellingState": ["EndedWithSales"]}], "listingInfo": [{"bestOfferEnabled": ["false"], "buyItNowAvailable": ["false"], "startTime": ["2019-01-20T15:36:27.000Z"], "endTime": ["2019-01-25T15:36:27.000Z"], "listingType": ["Auction"], "gift": ["false"], "watchCount": ["24"]}], "returnsAccepted": ["false"], "condition": [{"conditionId": ["3000"], "conditionDisplayName": ["Used"]}], "isMultiVariationListing": ["false"], "pictureURLLarge": ["https://i.ebayimg.com/00/s/MTA2OVgxNjAw/z/VqgAAOSwuHdcRJMs/$_1.JPG"], "topRatedListing": ["false"]}