{"itemId": ["292924899823"], "title": ["1973 Guild S-100, Black, w/hardshell case"], "globalId": ["EBAY-US"], "primaryCategory": [{"categoryId": ["33034"], "categoryName": ["Electric Guitars"]}], "galleryURL": ["http://thumbs4.ebaystatic.com/m/m1vH4hdbOXeooXSfsyhfj7Q/140.jpg"], "viewItemURL": ["http://www.ebay.com/itm/1973-Guild-S-100-Black-w-hardshell-case-/292924899823"], "paymentMethod": ["PayPal"], "autoPay": ["false"], "postalCode": ["03055"], "location": ["Milford,NH,USA"], "country": ["US"], "shippingInfo": [{"shippingServiceCost": [{"@currencyId": "USD", "__value__": "35.0"}], "shippingType": ["Flat"], "shipToLocations": ["Worldwide"], "expeditedShipping": ["false"], "oneDayShippingAvailable": ["false"], "handlingTime": ["3"]}], "sellingStatus": [{"currentPrice": [{"@currencyId": "USD", "__value__": "965.0"}], "convertedCurrentPrice": [{"@currencyId": "USD", "__value__": "965.0"}], "bidCount": ["5"], "sellingState": ["EndedWithSales"]}], "listingInfo": [{"bestOfferEnabled": ["false"], "buyItNowAvailable": ["false"], "startTime": ["2019-01-18T21:05:48.000Z"], "endTime": ["2019-01-25T21:05:48.000Z"], "listingType": ["Auction"], "gift": ["false"], "watchCount": ["11"]}], "returnsAccepted": ["false"], "condition": [{"conditionId": ["3000"], "conditionDisplayName": ["Used"]}], "isMultiVariationListing": ["false"], "pictureURLLarge": ["https://i.ebayimg.com/00/s/MTYwMFg2ODg=/z/n5AAAOSwMKxcQje~/$_1.JPG"], "topRatedListing": ["false"]}