{"itemId": ["143103953119"], "title": ["Ibanez RG Kirk Hammett Boris Karloff One off build"], "globalId": ["EBAY-US"], "primaryCategory": [{"categoryId": ["33034"], "categoryName": ["Electric Guitars"]}], "galleryURL": ["http://thumbs4.ebaystatic.com/m/mwfHrg6ouRLcO0_GcB2iVfQ/140.jpg"], "viewItemURL": ["http://www.ebay.com/itm/Ibanez-RG-Kirk-Hammett-Boris-Karloff-One-off-build-/143103953119"], "paymentMethod": ["PayPal"], "autoPay": ["true"], "postalCode": ["34116"], "location": ["Naples,FL,USA"], "country": ["US"], "shippingInfo": [{"shippingServiceCost": [{"@currencyId": "USD", "__value__": "35.0"}], "shippingType": ["Flat"], "shipToLocations": ["Worldwide"], "expeditedShipping": ["false"], "oneDayShippingAvailable": ["false"], "handlingTime": ["3"]}], "sellingStatus": [{"currentPrice": [{"@currencyId": "USD", "__value__": "350.0"}], "convertedCurrentPrice": [{"@currencyId": "USD", "__value__": "350.0"}], "bidCount": ["1"], "sellingState": ["EndedWithSales"]}], "listingInfo": [{"bestOfferEnabled": ["false"], "buyItNowAvailable": ["false"], "startTime": ["2019-01-25T18:20:01.000Z"], "endTime": ["2019-01-26T17:14:54.000Z"], "listingType": ["Auction"], "gift": ["false"], "watchCount": ["7"]}], "returnsAccepted": ["false"], "condition": [{"conditionId": ["3000"], "conditionDisplayName": ["Used"]}], "isMultiVariationListing": ["false"], "pictureURLLarge": ["https://i.ebayimg.com/00/s/MTA2NlgxNjAw/z/AHIAAOSw1T1cS1DB/$_1.JPG"], "topRatedListing": ["false"]}