{"itemId": ["173748705256"], "title": ["charvel san dimas "], "globalId": ["EBAY-US"], "primaryCategory": [{"categoryId": ["33034"], "categoryName": ["Electric Guitars"]}], "galleryURL": ["http://thumbs1.ebaystatic.com/m/mDFkeyA30rXNBetfF_RTMdQ/140.jpg"], "viewItemURL": ["http://www.ebay.com/itm/charvel-san-dimas-/173748705256"], "paymentMethod": ["PayPal"], "autoPay": ["false"], "postalCode": ["75206"], "location": ["Dallas,TX,USA"], "country": ["US"], "shippingInfo": [{"shippingServiceCost": [{"@currencyId": "USD", "__value__": "50.0"}], "shippingType": ["Flat"], "shipToLocations": ["Worldwide"], "expeditedShipping": ["false"], "oneDayShippingAvailable": ["false"], "handlingTime": ["3"]}], "sellingStatus": [{"currentPrice": [{"@currencyId": "USD", "__value__": "500.0"}], "convertedCurrentPrice": [{"@currencyId": "USD", "__value__": "500.0"}], "bidCount": ["2"], "sellingState": ["EndedWithSales"]}], "listingInfo": [{"bestOfferEnabled": ["false"], "buyItNowAvailable": ["false"], "startTime": ["2019-01-19T00:08:49.000Z"], "endTime": ["2019-01-26T00:08:49.000Z"], "listingType": ["Auction"], "gift": ["false"], "watchCount": ["11"]}], "returnsAccepted": ["false"], "condition": [{"conditionId": ["3000"], "conditionDisplayName": ["Used"]}], "isMultiVariationListing": ["false"], "pictureURLLarge": ["https://i.ebayimg.com/00/s/MTYwMFgxMjAw/z/CMYAAOSwWz5cQmmW/$_1.JPG"], "topRatedListing": ["false"]}