{"itemId": ["163492389731"], "title": ["1978 Gibson Les Paul Custom Cherry Sunburst All Original. NO RESERVE!"], "globalId": ["EBAY-US"], "primaryCategory": [{"categoryId": ["33034"], "categoryName": ["Electric Guitars"]}], "galleryURL": ["http://thumbs4.ebaystatic.com/m/msP1sCv5vSydqI_XPvCZLrA/140.jpg"], "viewItemURL": ["http://www.ebay.com/itm/1978-Gibson-Les-Paul-Custom-Cherry-Sunburst-All-Original-NO-RESERVE-/163492389731"], "paymentMethod": ["PayPal"], "autoPay": ["false"], "postalCode": ["76262"], "location": ["Roanoke,TX,USA"], "country": ["US"], "shippingInfo": [{"shippingServiceCost": [{"@currencyId": "USD", "__value__": "125.0"}], "shippingType": ["Flat"], "shipToLocations": ["Worldwide"], "expeditedShipping": ["false"], "oneDayShippingAvailable": ["false"], "handlingTime": ["3"]}], "sellingStatus": [{"currentPrice": [{"@currencyId": "USD", "__value__": "2575.25"}], "convertedCurrentPrice": [{"@currencyId": "USD", "__value__": "2575.25"}], "bidCount": ["24"], "sellingState": ["EndedWithSales"]}], "listingInfo": [{"bestOfferEnabled": ["false"], "buyItNowAvailable": ["false"], "startTime": ["2019-01-17T20:25:11.000Z"], "endTime": ["2019-01-24T20:25:11.000Z"], "listingType": ["Auction"], "gift": ["false"], "watchCount": ["82"]}], "returnsAccepted": ["false"], "condition": [{"conditionId": ["3000"], "conditionDisplayName": ["Used"]}], "isMultiVariationListing": ["false"], "pictureURLLarge": ["https://i.ebayimg.com/00/s/MTYwMFgxMDY2/z/JvcAAOSwHDdcQODV/$_1.JPG"], "topRatedListing": ["false"]}