{"itemId": ["233100561095"], "title": ["Early 90s Epiphone Coronet"], "globalId": ["EBAY-US"], "primaryCategory": [{"categoryId": ["33034"], "categoryName": ["Electric Guitars"]}], "galleryURL": ["http://thumbs4.ebaystatic.com/m/m59P2vEztKF8ozvcGIjCG9w/140.jpg"], "viewItemURL": ["http://www.ebay.com/itm/Early-90s-Epiphone-Coronet-/233100561095"], "paymentMethod": ["PayPal"], "autoPay": ["false"], "postalCode": ["43123"], "location": ["Grove City,OH,USA"], "country": ["US"], "shippingInfo": [{"shippingType": ["Calculated"], "shipToLocations": ["Worldwide"], "expeditedShipping": ["true"], "oneDayShippingAvailable": ["false"], "handlingTime": ["2"]}], "sellingStatus": [{"currentPrice": [{"@currencyId": "USD", "__value__": "250.0"}], "convertedCurrentPrice": [{"@currencyId": "USD", "__value__": "250.0"}], "bidCount": ["1"], "sellingState": ["EndedWithSales"]}], "listingInfo": [{"bestOfferEnabled": ["false"], "buyItNowAvailable": ["false"], "startTime": ["2019-01-19T03:27:44.000Z"], "endTime": ["2019-01-26T03:27:44.000Z"], "listingType": ["Auction"], "gift": ["false"], "watchCount": ["7"]}], "returnsAccepted": ["false"], "condition": [{"conditionId": ["3000"], "conditionDisplayName": ["Used"]}], "isMultiVariationListing": ["false"], "pictureURLLarge": ["https://i.ebayimg.com/00/s/MTYwMFgxMjAw/z/JsIAAOSwctJcHRfj/$_1.JPG"], "topRatedListing": ["false"]}