{"itemId": ["132920941428"], "title": ["Fender Deluxe Nashville Tele Solidbody Electric Guitar - Daphne Blue"], "globalId": ["EBAY-US"], "primaryCategory": [{"categoryId": ["33034"], "categoryName": ["Electric Guitars"]}], "galleryURL": ["http://thumbs1.ebaystatic.com/m/mOFrC2Xxuadsz_f44tIZNgw/140.jpg"], "viewItemURL": ["http://www.ebay.com/itm/Fender-Deluxe-Nashville-Tele-Solidbody-Electric-Guitar-Daphne-Blue-/132920941428"], "paymentMethod": ["PayPal"], "autoPay": ["false"], "postalCode": ["46818"], "location": ["Fort Wayne,IN,USA"], "country": ["US"], "shippingInfo": [{"shippingServiceCost": [{"@currencyId": "USD", "__value__": "0.0"}], "shippingType": ["Free"], "shipToLocations": ["Worldwide"], "expeditedShipping": ["false"], "oneDayShippingAvailable": ["false"], "handlingTime": ["1"]}], "sellingStatus": [{"currentPrice": [{"@currencyId": "USD", "__value__": "490.0"}], "convertedCurrentPrice": [{"@currencyId": "USD", "__value__": "490.0"}], "bidCount": ["27"], "sellingState": ["EndedWithSales"]}], "listingInfo": [{"bestOfferEnabled": ["false"], "buyItNowAvailable": ["false"], "startTime": ["2019-01-18T03:01:13.000Z"], "endTime": ["2019-01-25T03:01:13.000Z"], "listingType": ["Auction"], "gift": ["false"], "watchCount": ["44"]}], "returnsAccepted": ["true"], "condition": [{"conditionId": ["3000"], "conditionDisplayName": ["Used"]}], "isMultiVariationListing": ["false"], "pictureURLLarge": ["https://i.ebayimg.com/00/s/Nzg4WDE2MDA=/z/MvkAAOSwUP5cP4ZY/$_1.JPG"], "topRatedListing": ["true"]}