{"itemId": ["183649053981"], "title": ["Fender American Stratocaster Plus 1994"], "globalId": ["EBAY-US"], "primaryCategory": [{"categoryId": ["33034"], "categoryName": ["Electric Guitars"]}], "galleryURL": ["http://thumbs2.ebaystatic.com/m/mvy80GI5tknD9pEnflPXe-w/140.jpg"], "viewItemURL": ["http://www.ebay.com/itm/Fender-American-Stratocaster-Plus-1994-/183649053981"], "paymentMethod": ["PayPal"], "autoPay": ["false"], "postalCode": ["99352"], "location": ["Richland,WA,USA"], "country": ["US"], "shippingInfo": [{"shippingServiceCost": [{"@currencyId": "USD", "__value__": "0.0"}], "shippingType": ["FreePickup"], "shipToLocations": ["Worldwide"], "expeditedShipping": ["false"], "oneDayShippingAvailable": ["false"], "handlingTime": ["3"]}], "sellingStatus": [{"currentPrice": [{"@currencyId": "USD", "__value__": "800.0"}], "convertedCurrentPrice": [{"@currencyId": "USD", "__value__": "800.0"}], "bidCount": ["1"], "sellingState": ["EndedWithSales"]}], "listingInfo": [{"bestOfferEnabled": ["false"], "buyItNowAvailable": ["false"], "startTime": ["2019-01-22T23:59:07.000Z"], "endTime": ["2019-01-26T01:46:41.000Z"], "listingType": ["Auction"], "gift": ["false"], "watchCount": ["3"]}], "returnsAccepted": ["false"], "condition": [{"conditionId": ["3000"], "conditionDisplayName": ["Used"]}], "isMultiVariationListing": ["false"], "pictureURLLarge": ["https://i.ebayimg.com/00/s/MTYwMFgxMjAw/z/P5QAAOSwoN5cPmmK/$_1.JPG"], "topRatedListing": ["false"]}