{"itemId": ["264161975688"], "title": ["Rare GIBSON Les Paul Ace Frehley KISS Electric Guitar and silver KISS strap "], "globalId": ["EBAY-US"], "primaryCategory": [{"categoryId": ["33034"], "categoryName": ["Electric Guitars"]}], "galleryURL": ["http://thumbs1.ebaystatic.com/m/m2VsJqir9L8-UQKWkSwgwUQ/140.jpg"], "viewItemURL": ["http://www.ebay.com/itm/Rare-GIBSON-Les-Paul-Ace-Frehley-KISS-Electric-Guitar-and-silver-KISS-strap-/264161975688"], "paymentMethod": ["PayPal"], "autoPay": ["true"], "postalCode": ["47802"], "location": ["Terre Haute,IN,USA"], "country": ["US"], "shippingInfo": [{"shippingType": ["Calculated"], "shipToLocations": ["Worldwide"], "expeditedShipping": ["false"], "oneDayShippingAvailable": ["false"], "handlingTime": ["3"]}], "sellingStatus": [{"currentPrice": [{"@currencyId": "USD", "__value__": "975.0"}], "convertedCurrentPrice": [{"@currencyId": "USD", "__value__": "975.0"}], "bidCount": ["1"], "sellingState": ["EndedWithSales"]}], "listingInfo": [{"bestOfferEnabled": ["false"], "buyItNowAvailable": ["false"], "startTime": ["2019-01-24T19:42:43.000Z"], "endTime": ["2019-01-24T20:07:07.000Z"], "listingType": ["Auction"], "gift": ["false"], "watchCount": ["1"]}], "returnsAccepted": ["false"], "condition": [{"conditionId": ["3000"], "conditionDisplayName": ["Used"]}], "isMultiVariationListing": ["false"], "pictureURLLarge": ["https://i.ebayimg.com/00/s/MTYwMFg3Nzg=/z/AS8AAOSwcXhcShJq/$_1.JPG"], "topRatedListing": ["false"]}