{"itemId": ["283342276059"], "title": ["Fender Player Deluxe Stratocaster, MIM, with Case"], "globalId": ["EBAY-US"], "primaryCategory": [{"categoryId": ["33034"], "categoryName": ["Electric Guitars"]}], "galleryURL": ["http://thumbs4.ebaystatic.com/m/mQk_JoHfwhORX9IawsURHXw/140.jpg"], "viewItemURL": ["http://www.ebay.com/itm/Fender-Player-Deluxe-Stratocaster-MIM-Case-/283342276059"], "paymentMethod": ["PayPal"], "autoPay": ["true"], "postalCode": ["61455"], "location": ["Macomb,IL,USA"], "country": ["US"], "shippingInfo": [{"shippingServiceCost": [{"@currencyId": "USD", "__value__": "50.0"}], "shippingType": ["Flat"], "shipToLocations": ["Worldwide"], "expeditedShipping": ["true"], "oneDayShippingAvailable": ["false"], "handlingTime": ["1"]}], "sellingStatus": [{"currentPrice": [{"@currencyId": "USD", "__value__": "442.0"}], "convertedCurrentPrice": [{"@currencyId": "USD", "__value__": "442.0"}], "bidCount": ["4"], "sellingState": ["EndedWithSales"]}], "listingInfo": [{"bestOfferEnabled": ["false"], "buyItNowAvailable": ["false"], "startTime": ["2019-01-17T12:12:05.000Z"], "endTime": ["2019-01-24T12:12:05.000Z"], "listingType": ["Auction"], "gift": ["false"], "watchCount": ["20"]}], "returnsAccepted": ["false"], "condition": [{"conditionId": ["3000"], "conditionDisplayName": ["Used"]}], "isMultiVariationListing": ["false"], "pictureURLLarge": ["https://i.ebayimg.com/00/s/NjQwWDQ4MA==/z/2P4AAOSwfvtcQGx2/$_1.JPG"], "topRatedListing": ["false"]}