{"itemId": ["233088975108"], "title": ["Fender Stratocaster Electric Guitar Highway One W/ Case "], "globalId": ["EBAY-US"], "primaryCategory": [{"categoryId": ["33034"], "categoryName": ["Electric Guitars"]}], "galleryURL": ["http://thumbs1.ebaystatic.com/m/mXDrBBns3MzM4YRpLeqPl9w/140.jpg"], "viewItemURL": ["http://www.ebay.com/itm/Fender-Stratocaster-Electric-Guitar-Highway-One-W-Case-/233088975108"], "paymentMethod": ["PayPal"], "autoPay": ["false"], "postalCode": ["48035"], "location": ["Clinton Township,MI,USA"], "country": ["US"], "shippingInfo": [{"shippingServiceCost": [{"@currencyId": "USD", "__value__": "0.0"}], "shippingType": ["FreePickup"], "shipToLocations": ["Worldwide"], "expeditedShipping": ["false"], "oneDayShippingAvailable": ["false"], "handlingTime": ["2"]}], "sellingStatus": [{"currentPrice": [{"@currencyId": "USD", "__value__": "582.52"}], "convertedCurrentPrice": [{"@currencyId": "USD", "__value__": "582.52"}], "bidCount": ["8"], "sellingState": ["EndedWithSales"]}], "listingInfo": [{"bestOfferEnabled": ["false"], "buyItNowAvailable": ["false"], "startTime": ["2019-01-18T00:30:09.000Z"], "endTime": ["2019-01-25T00:30:09.000Z"], "listingType": ["Auction"], "gift": ["false"], "watchCount": ["37"]}], "returnsAccepted": ["false"], "condition": [{"conditionId": ["3000"], "conditionDisplayName": ["Used"]}], "isMultiVariationListing": ["false"], "pictureURLLarge": ["https://i.ebayimg.com/00/s/MTYwMFgxMDY2/z/HdoAAOSwUWtcN4gu/$_1.JPG"], "topRatedListing": ["false"]}