{"itemId": ["223330234950"], "title": ["2011 Gibson Les Paul Studio Black Electric Guitar With Seymour Duncan Pickups RH"], "globalId": ["EBAY-US"], "primaryCategory": [{"categoryId": ["33034"], "categoryName": ["Electric Guitars"]}], "galleryURL": ["http://thumbs3.ebaystatic.com/m/mitCtMDOphHxCyfoV5D0t1w/140.jpg"], "viewItemURL": ["http://www.ebay.com/itm/2011-Gibson-Les-Paul-Studio-Black-Electric-Guitar-Seymour-Duncan-Pickups-RH-/223330234950"], "paymentMethod": ["PayPal"], "autoPay": ["false"], "postalCode": ["92627"], "location": ["Costa Mesa,CA,USA"], "country": ["US"], "shippingInfo": [{"shippingServiceCost": [{"@currencyId": "USD", "__value__": "40.0"}], "shippingType": ["Flat"], "shipToLocations": ["Worldwide"], "expeditedShipping": ["false"], "oneDayShippingAvailable": ["false"], "handlingTime": ["1"]}], "sellingStatus": [{"currentPrice": [{"@currencyId": "USD", "__value__": "511.88"}], "convertedCurrentPrice": [{"@currencyId": "USD", "__value__": "511.88"}], "bidCount": ["60"], "sellingState": ["EndedWithSales"]}], "listingInfo": [{"bestOfferEnabled": ["false"], "buyItNowAvailable": ["false"], "startTime": ["2019-01-18T02:00:58.000Z"], "endTime": ["2019-01-25T02:00:58.000Z"], "listingType": ["Auction"], "gift": ["false"], "watchCount": ["81"]}], "returnsAccepted": ["true"], "condition": [{"conditionId": ["3000"], "conditionDisplayName": ["Used"]}], "isMultiVariationListing": ["false"], "pictureURLLarge": ["https://i.ebayimg.com/00/s/MTYwMFgxMjAw/z/orAAAOSwzExcQN6a/$_1.JPG"], "topRatedListing": ["false"]}