{"itemId": ["123601429400"], "title": ["2009 Epiphone Les Paul Standard LTD Ed Worn Cherry Gold Hardware W/soft Case"], "globalId": ["EBAY-US"], "primaryCategory": [{"categoryId": ["33034"], "categoryName": ["Electric Guitars"]}], "galleryURL": ["http://thumbs1.ebaystatic.com/m/mGK7CrzRXFqoegzula0j0eQ/140.jpg"], "viewItemURL": ["http://www.ebay.com/itm/2009-Epiphone-Les-Paul-Standard-LTD-Ed-Worn-Cherry-Gold-Hardware-W-soft-Case-/123601429400"], "paymentMethod": ["PayPal"], "autoPay": ["true"], "postalCode": ["37311"], "location": ["Cleveland,TN,USA"], "country": ["US"], "shippingInfo": [{"shippingType": ["Calculated"], "shipToLocations": ["Worldwide"], "expeditedShipping": ["true"], "oneDayShippingAvailable": ["false"], "handlingTime": ["1"]}], "sellingStatus": [{"currentPrice": [{"@currencyId": "USD", "__value__": "300.0"}], "convertedCurrentPrice": [{"@currencyId": "USD", "__value__": "300.0"}], "bidCount": ["1"], "sellingState": ["EndedWithSales"]}], "listingInfo": [{"bestOfferEnabled": ["false"], "buyItNowAvailable": ["false"], "startTime": ["2019-01-18T20:17:41.000Z"], "endTime": ["2019-01-25T20:17:41.000Z"], "listingType": ["Auction"], "gift": ["false"], "watchCount": ["10"]}], "returnsAccepted": ["false"], "condition": [{"conditionId": ["3000"], "conditionDisplayName": ["Used"]}], "isMultiVariationListing": ["false"], "pictureURLLarge": ["https://i.ebayimg.com/00/s/MTYwMFgxMDgw/z/BBUAAOSwEvZcQjHw/$_1.JPG"], "topRatedListing": ["false"]}