{"itemId": ["372568180310"], "title": ["FENDER JAGUAR ELECTRIC GUITAR MADE IN JAPAN W/ GIG BAG "], "globalId": ["EBAY-US"], "primaryCategory": [{"categoryId": ["33034"], "categoryName": ["Electric Guitars"]}], "galleryURL": ["http://thumbs3.ebaystatic.com/m/mLGirUcDSqbfGSryRkckvNQ/140.jpg"], "viewItemURL": ["http://www.ebay.com/itm/FENDER-JAGUAR-ELECTRIC-GUITAR-MADE-JAPAN-W-GIG-BAG-/372568180310"], "paymentMethod": ["PayPal", "VisaMC", "Discover"], "autoPay": ["false"], "postalCode": ["62234"], "location": ["Collinsville,IL,USA"], "country": ["US"], "shippingInfo": [{"shippingServiceCost": [{"@currencyId": "USD", "__value__": "45.75"}], "shippingType": ["Flat"], "shipToLocations": ["Worldwide"], "expeditedShipping": ["false"], "oneDayShippingAvailable": ["false"], "handlingTime": ["3"]}], "sellingStatus": [{"currentPrice": [{"@currencyId": "USD", "__value__": "695.0"}], "convertedCurrentPrice": [{"@currencyId": "USD", "__value__": "695.0"}], "bidCount": ["27"], "sellingState": ["EndedWithSales"]}], "listingInfo": [{"bestOfferEnabled": ["false"], "buyItNowAvailable": ["false"], "startTime": ["2019-01-15T04:04:08.000Z"], "endTime": ["2019-01-25T04:04:08.000Z"], "listingType": ["Auction"], "gift": ["false"], "watchCount": ["53"]}], "returnsAccepted": ["true"], "condition": [{"conditionId": ["3000"], "conditionDisplayName": ["Used"]}], "isMultiVariationListing": ["false"], "pictureURLLarge": ["https://i.ebayimg.com/00/s/MTIwMFgxNjAw/z/mTQAAOSwZNtcCcOA/$_1.JPG"], "topRatedListing": ["false"]}