{"itemId": ["163492518518"], "title": ["Gibson Les Paul 2015 Traditional With OHSC"], "globalId": ["EBAY-US"], "primaryCategory": [{"categoryId": ["33034"], "categoryName": ["Electric Guitars"]}], "galleryURL": ["http://thumbs3.ebaystatic.com/m/mo_Ko9h-inx1HiXLOAhq8gA/140.jpg"], "viewItemURL": ["http://www.ebay.com/itm/Gibson-Les-Paul-2015-Traditional-OHSC-/163492518518"], "paymentMethod": ["PayPal"], "autoPay": ["false"], "postalCode": ["68152"], "location": ["Omaha,NE,USA"], "country": ["US"], "shippingInfo": [{"shippingServiceCost": [{"@currencyId": "USD", "__value__": "70.0"}], "shippingType": ["Flat"], "shipToLocations": ["Worldwide"], "expeditedShipping": ["false"], "oneDayShippingAvailable": ["false"], "handlingTime": ["2"]}], "sellingStatus": [{"currentPrice": [{"@currencyId": "USD", "__value__": "1195.0"}], "convertedCurrentPrice": [{"@currencyId": "USD", "__value__": "1195.0"}], "bidCount": ["20"], "sellingState": ["EndedWithSales"]}], "listingInfo": [{"bestOfferEnabled": ["false"], "buyItNowAvailable": ["false"], "startTime": ["2019-01-17T22:11:05.000Z"], "endTime": ["2019-01-24T22:11:05.000Z"], "listingType": ["Auction"], "gift": ["false"], "watchCount": ["68"]}], "returnsAccepted": ["false"], "condition": [{"conditionId": ["3000"], "conditionDisplayName": ["Used"]}], "isMultiVariationListing": ["false"], "pictureURLLarge": ["https://i.ebayimg.com/00/s/MTYwMFgxMjAw/z/zZkAAOSw3GlcQPyH/$_1.JPG"], "topRatedListing": ["false"]}