{"itemId": ["254093291269"], "title": ["Gibson Les Paul Studio with Gibson Hard Shell Case"], "globalId": ["EBAY-US"], "primaryCategory": [{"categoryId": ["33034"], "categoryName": ["Electric Guitars"]}], "galleryURL": ["http://thumbs2.ebaystatic.com/m/mfR4RvdXH4OaV9ag0mQyo9Q/140.jpg"], "viewItemURL": ["http://www.ebay.com/itm/Gibson-Les-Paul-Studio-Gibson-Hard-Shell-Case-/254093291269"], "productId": [{"@type": "ReferenceID", "__value__": "96926466"}], "paymentMethod": ["PayPal"], "autoPay": ["false"], "postalCode": ["72034"], "location": ["Conway,AR,USA"], "country": ["US"], "shippingInfo": [{"shippingServiceCost": [{"@currencyId": "USD", "__value__": "25.0"}], "shippingType": ["Flat"], "shipToLocations": ["Worldwide"], "expeditedShipping": ["true"], "oneDayShippingAvailable": ["false"], "handlingTime": ["3"]}], "sellingStatus": [{"currentPrice": [{"@currencyId": "USD", "__value__": "700.0"}], "convertedCurrentPrice": [{"@currencyId": "USD", "__value__": "700.0"}], "bidCount": ["1"], "sellingState": ["EndedWithSales"]}], "listingInfo": [{"bestOfferEnabled": ["false"], "buyItNowAvailable": ["false"], "startTime": ["2019-01-24T13:36:22.000Z"], "endTime": ["2019-01-26T19:45:52.000Z"], "listingType": ["Auction"], "gift": ["false"], "watchCount": ["3"]}], "returnsAccepted": ["false"], "condition": [{"conditionId": ["3000"], "conditionDisplayName": ["Used"]}], "isMultiVariationListing": ["false"], "pictureURLLarge": ["https://i.ebayimg.com/00/s/NjAwWDQ1MA==/z/VhwAAOSwkDtcLg6I/$_1.JPG"], "topRatedListing": ["false"]}