{"itemId": ["372569963326"], "title": ["ESP LTD EC-1000 Deluxe Right Handed 6 String Solid Body Electric Guitar"], "globalId": ["EBAY-US"], "primaryCategory": [{"categoryId": ["33034"], "categoryName": ["Electric Guitars"]}], "galleryURL": ["http://thumbs3.ebaystatic.com/m/mnOC8Z7US3Nimmrb4A3iRxg/140.jpg"], "viewItemURL": ["http://www.ebay.com/itm/ESP-LTD-EC-1000-Deluxe-Right-Handed-6-String-Solid-Body-Electric-Guitar-/372569963326"], "paymentMethod": ["PayPal"], "autoPay": ["true"], "postalCode": ["55077"], "location": ["Inver Grove Heights,MN,USA"], "country": ["US"], "shippingInfo": [{"shippingServiceCost": [{"@currencyId": "USD", "__value__": "34.99"}], "shippingType": ["Flat"], "shipToLocations": ["Worldwide"], "expeditedShipping": ["false"], "oneDayShippingAvailable": ["false"], "handlingTime": ["1"]}], "sellingStatus": [{"currentPrice": [{"@currencyId": "USD", "__value__": "416.0"}], "convertedCurrentPrice": [{"@currencyId": "USD", "__value__": "416.0"}], "bidCount": ["36"], "sellingState": ["EndedWithSales"]}], "listingInfo": [{"bestOfferEnabled": ["false"], "buyItNowAvailable": ["false"], "startTime": ["2019-01-19T05:00:22.000Z"], "endTime": ["2019-01-26T05:00:22.000Z"], "listingType": ["Auction"], "gift": ["false"], "watchCount": ["77"]}], "returnsAccepted": ["true"], "condition": [{"conditionId": ["3000"], "conditionDisplayName": ["Used"]}], "isMultiVariationListing": ["false"], "pictureURLLarge": ["https://i.ebayimg.com/00/s/MTIwMFgxNjAw/z/qukAAOSwvNVcP5Zz/$_1.JPG"], "topRatedListing": ["true"]}