{"itemId": ["173757476141"], "title": ["Rare Jerry Jones Shorthorn Baritone Guitar"], "globalId": ["EBAY-US"], "primaryCategory": [{"categoryId": ["33034"], "categoryName": ["Electric Guitars"]}], "galleryURL": ["http://thumbs2.ebaystatic.com/m/mK-Ew-7oxQHemXhliUOZETg/140.jpg"], "viewItemURL": ["http://www.ebay.com/itm/Rare-Jerry-Jones-Shorthorn-Baritone-Guitar-/173757476141"], "paymentMethod": ["PayPal"], "autoPay": ["false"], "postalCode": ["95437"], "location": ["Fort Bragg,CA,USA"], "country": ["US"], "shippingInfo": [{"shippingServiceCost": [{"@currencyId": "USD", "__value__": "125.0"}], "shippingType": ["Flat"], "shipToLocations": ["Worldwide"], "expeditedShipping": ["false"], "oneDayShippingAvailable": ["false"], "handlingTime": ["2"]}], "sellingStatus": [{"currentPrice": [{"@currencyId": "USD", "__value__": "1100.0"}], "convertedCurrentPrice": [{"@currencyId": "USD", "__value__": "1100.0"}], "bidCount": ["1"], "sellingState": ["EndedWithSales"]}], "listingInfo": [{"bestOfferEnabled": ["false"], "buyItNowAvailable": ["false"], "startTime": ["2019-01-23T22:21:45.000Z"], "endTime": ["2019-01-24T16:50:58.000Z"], "listingType": ["Auction"], "gift": ["false"], "watchCount": ["10"]}], "returnsAccepted": ["false"], "condition": [{"conditionId": ["3000"], "conditionDisplayName": ["Used"]}], "isMultiVariationListing": ["false"], "pictureURLLarge": ["https://i.ebayimg.com/00/s/MTIwMFgxNjAw/z/olYAAOSwa1ZcSL2D/$_1.JPG"], "topRatedListing": ["false"]}