{"itemId": ["264145292043"], "title": ["Ibanez S 470DXQM Electric Guitar"], "globalId": ["EBAY-US"], "primaryCategory": [{"categoryId": ["33034"], "categoryName": ["Electric Guitars"]}], "galleryURL": ["http://thumbs4.ebaystatic.com/m/mbt8z96cIrxe47KHDVV1ndw/140.jpg"], "viewItemURL": ["http://www.ebay.com/itm/Ibanez-S-470DXQM-Electric-Guitar-/264145292043"], "productId": [{"@type": "ReferenceID", "__value__": "78607071"}], "paymentMethod": ["PayPal"], "autoPay": ["false"], "postalCode": ["34120"], "location": ["Naples,FL,USA"], "country": ["US"], "shippingInfo": [{"shippingServiceCost": [{"@currencyId": "USD", "__value__": "50.0"}], "shippingType": ["Flat"], "shipToLocations": ["Worldwide"], "expeditedShipping": ["true"], "oneDayShippingAvailable": ["false"], "handlingTime": ["2"]}], "sellingStatus": [{"currentPrice": [{"@currencyId": "USD", "__value__": "280.0"}], "convertedCurrentPrice": [{"@currencyId": "USD", "__value__": "280.0"}], "bidCount": ["4"], "sellingState": ["EndedWithSales"]}], "listingInfo": [{"bestOfferEnabled": ["false"], "buyItNowAvailable": ["false"], "startTime": ["2019-01-17T17:30:09.000Z"], "endTime": ["2019-01-24T17:30:09.000Z"], "listingType": ["Auction"], "gift": ["false"], "watchCount": ["12"]}], "returnsAccepted": ["true"], "condition": [{"conditionId": ["3000"], "conditionDisplayName": ["Used"]}], "isMultiVariationListing": ["false"], "pictureURLLarge": ["https://i.ebayimg.com/00/s/MTYwMFgxMjAw/z/RK4AAOSwhfRcN4B4/$_1.JPG"], "topRatedListing": ["false"]}