{"itemId": ["163492825541"], "title": ["Paul Reed Smith PRS SE Custom 24, Poplar Burl Top, Natural, 1 of 25, SN-S11452"], "globalId": ["EBAY-US"], "primaryCategory": [{"categoryId": ["33034"], "categoryName": ["Electric Guitars"]}], "galleryURL": ["http://thumbs2.ebaystatic.com/m/m5qqtV9G_F_MwldA_hrl16A/140.jpg"], "viewItemURL": ["http://www.ebay.com/itm/Paul-Reed-Smith-PRS-SE-Custom-24-Poplar-Burl-Top-Natural-1-25-SN-S11452-/163492825541"], "paymentMethod": ["PayPal"], "autoPay": ["false"], "postalCode": ["20175"], "location": ["Leesburg,VA,USA"], "country": ["US"], "shippingInfo": [{"shippingServiceCost": [{"@currencyId": "USD", "__value__": "30.0"}], "shippingType": ["Flat"], "shipToLocations": ["Worldwide"], "expeditedShipping": ["false"], "oneDayShippingAvailable": ["false"], "handlingTime": ["2"]}], "sellingStatus": [{"currentPrice": [{"@currencyId": "USD", "__value__": "470.0"}], "convertedCurrentPrice": [{"@currencyId": "USD", "__value__": "470.0"}], "bidCount": ["10"], "sellingState": ["EndedWithSales"]}], "listingInfo": [{"bestOfferEnabled": ["false"], "buyItNowAvailable": ["false"], "startTime": ["2019-01-18T02:21:27.000Z"], "endTime": ["2019-01-25T02:21:27.000Z"], "listingType": ["Auction"], "gift": ["false"], "watchCount": ["47"]}], "returnsAccepted": ["false"], "condition": [{"conditionId": ["3000"], "conditionDisplayName": ["Used"]}], "isMultiVariationListing": ["false"], "pictureURLLarge": ["https://i.ebayimg.com/00/s/MTE5NVgxNTk5/z/tJEAAOSwMKVcQTZT/$_1.JPG"], "topRatedListing": ["false"]}