{"itemId": ["264148376656"], "title": ["Gretsch G5623 RED Electromatic Bono Signature Model with Hard Shell Case"], "globalId": ["EBAY-US"], "primaryCategory": [{"categoryId": ["33034"], "categoryName": ["Electric Guitars"]}], "galleryURL": ["http://thumbs1.ebaystatic.com/m/mHPlptv32K4yX2KAeKaaxwQ/140.jpg"], "viewItemURL": ["http://www.ebay.com/itm/Gretsch-G5623-RED-Electromatic-Bono-Signature-Model-Hard-Shell-Case-/264148376656"], "paymentMethod": ["PayPal"], "autoPay": ["false"], "postalCode": ["92648"], "location": ["Huntington Beach,CA,USA"], "country": ["US"], "shippingInfo": [{"shippingServiceCost": [{"@currencyId": "USD", "__value__": "74.0"}], "shippingType": ["Flat"], "shipToLocations": ["Worldwide"], "expeditedShipping": ["false"], "oneDayShippingAvailable": ["false"], "handlingTime": ["3"]}], "sellingStatus": [{"currentPrice": [{"@currencyId": "USD", "__value__": "395.0"}], "convertedCurrentPrice": [{"@currencyId": "USD", "__value__": "395.0"}], "bidCount": ["2"], "sellingState": ["EndedWithSales"]}], "listingInfo": [{"bestOfferEnabled": ["false"], "buyItNowAvailable": ["false"], "startTime": ["2019-01-18T23:10:10.000Z"], "endTime": ["2019-01-25T23:09:10.000Z"], "listingType": ["Auction"], "gift": ["false"], "watchCount": ["7"]}], "returnsAccepted": ["false"], "condition": [{"conditionId": ["3000"], "conditionDisplayName": ["Used"]}], "isMultiVariationListing": ["false"], "pictureURLLarge": ["https://i.ebayimg.com/00/s/MTYwMFgxMjAw/z/zl4AAOSwkvtb5K0D/$_1.JPG"], "topRatedListing": ["false"]}