{"itemId": ["153344727528"], "title": ["Jackson DKMGT 1997 with EMG HZ pickups"], "globalId": ["EBAY-US"], "primaryCategory": [{"categoryId": ["33034"], "categoryName": ["Electric Guitars"]}], "galleryURL": ["http://thumbs1.ebaystatic.com/m/mxEhn6Sl80T3fnQfWFGkSTQ/140.jpg"], "viewItemURL": ["http://www.ebay.com/itm/Jackson-DKMGT-1997-EMG-HZ-pickups-/153344727528"], "paymentMethod": ["PayPal"], "autoPay": ["true"], "postalCode": ["18360"], "location": ["Stroudsburg,PA,USA"], "country": ["US"], "shippingInfo": [{"shippingServiceCost": [{"@currencyId": "USD", "__value__": "40.0"}], "shippingType": ["Flat"], "shipToLocations": ["Worldwide"], "expeditedShipping": ["true"], "oneDayShippingAvailable": ["false"], "handlingTime": ["3"]}], "sellingStatus": [{"currentPrice": [{"@currencyId": "USD", "__value__": "265.0"}], "convertedCurrentPrice": [{"@currencyId": "USD", "__value__": "265.0"}], "bidCount": ["2"], "sellingState": ["EndedWithSales"]}], "listingInfo": [{"bestOfferEnabled": ["false"], "buyItNowAvailable": ["false"], "startTime": ["2019-01-18T23:13:31.000Z"], "endTime": ["2019-01-25T23:13:31.000Z"], "listingType": ["Auction"], "gift": ["false"], "watchCount": ["5"]}], "returnsAccepted": ["false"], "condition": [{"conditionId": ["3000"], "conditionDisplayName": ["Used"]}], "isMultiVariationListing": ["false"], "pictureURLLarge": ["https://i.ebayimg.com/00/s/MTYwMFg5MTM=/z/FRoAAOSwjwZcORF-/$_1.JPG"], "topRatedListing": ["false"]}