{"itemId": ["323655298893"], "title": [" 1978 1979 Fender Stratocaster Hardtail   includes hard case"], "globalId": ["EBAY-US"], "primaryCategory": [{"categoryId": ["33034"], "categoryName": ["Electric Guitars"]}], "galleryURL": ["http://thumbs2.ebaystatic.com/m/mWleSriFGz8qgRFSehrl0pA/140.jpg"], "viewItemURL": ["http://www.ebay.com/itm/1978-1979-Fender-Stratocaster-Hardtail-includes-hard-case-/323655298893"], "paymentMethod": ["PayPal"], "autoPay": ["false"], "postalCode": ["79413"], "location": ["Lubbock,TX,USA"], "country": ["US"], "shippingInfo": [{"shippingServiceCost": [{"@currencyId": "USD", "__value__": "55.0"}], "shippingType": ["Flat"], "shipToLocations": ["Worldwide"], "expeditedShipping": ["false"], "oneDayShippingAvailable": ["false"], "handlingTime": ["5"]}], "sellingStatus": [{"currentPrice": [{"@currencyId": "USD", "__value__": "1349.0"}], "convertedCurrentPrice": [{"@currencyId": "USD", "__value__": "1349.0"}], "bidCount": ["1"], "sellingState": ["EndedWithSales"]}], "listingInfo": [{"bestOfferEnabled": ["false"], "buyItNowAvailable": ["false"], "startTime": ["2019-01-18T16:39:40.000Z"], "endTime": ["2019-01-25T16:39:40.000Z"], "listingType": ["Auction"], "gift": ["false"], "watchCount": ["11"]}], "returnsAccepted": ["false"], "condition": [{"conditionId": ["3000"], "conditionDisplayName": ["Used"]}], "isMultiVariationListing": ["false"], "pictureURLLarge": ["https://i.ebayimg.com/00/s/MTIwMFgxNjAw/z/q0gAAOSwkv5cQqWd/$_1.JPG"], "topRatedListing": ["false"]}