{"itemId": ["163491171306"], "title": ["Older Fender Telecaster Japan "], "globalId": ["EBAY-US"], "primaryCategory": [{"categoryId": ["33034"], "categoryName": ["Electric Guitars"]}], "galleryURL": ["http://thumbs3.ebaystatic.com/m/mE6u13hYXleWxK-yDIDye0Q/140.jpg"], "viewItemURL": ["http://www.ebay.com/itm/Older-Fender-Telecaster-Japan-/163491171306"], "paymentMethod": ["PayPal"], "autoPay": ["false"], "postalCode": ["03278"], "location": ["Warner,NH,USA"], "country": ["US"], "shippingInfo": [{"shippingServiceCost": [{"@currencyId": "USD", "__value__": "75.0"}], "shippingType": ["Flat"], "shipToLocations": ["Worldwide"], "expeditedShipping": ["false"], "oneDayShippingAvailable": ["false"], "handlingTime": ["2"]}], "sellingStatus": [{"currentPrice": [{"@currencyId": "USD", "__value__": "455.0"}], "convertedCurrentPrice": [{"@currencyId": "USD", "__value__": "455.0"}], "bidCount": ["50"], "sellingState": ["EndedWithSales"]}], "listingInfo": [{"bestOfferEnabled": ["false"], "buyItNowAvailable": ["false"], "startTime": ["2019-01-17T00:14:42.000Z"], "endTime": ["2019-01-24T00:14:42.000Z"], "listingType": ["Auction"], "gift": ["false"], "watchCount": ["99"]}], "returnsAccepted": ["false"], "condition": [{"conditionId": ["3000"], "conditionDisplayName": ["Used"]}], "isMultiVariationListing": ["false"], "pictureURLLarge": ["https://i.ebayimg.com/00/s/MTYwMFgxMjAw/z/3FQAAOSwip5cP8JI/$_1.JPG"], "topRatedListing": ["false"]}