{"itemId": ["143091922785"], "title": ["Epiphone Sheraton Wine Color 2015 Electric Guitar NL"], "globalId": ["EBAY-US"], "primaryCategory": [{"categoryId": ["33034"], "categoryName": ["Electric Guitars"]}], "galleryURL": ["http://thumbs2.ebaystatic.com/m/mLBJPxK5JqRNln9iflvOSRA/140.jpg"], "viewItemURL": ["http://www.ebay.com/itm/Epiphone-Sheraton-Wine-Color-2015-Electric-Guitar-NL-/143091922785"], "paymentMethod": ["PayPal"], "autoPay": ["false"], "postalCode": ["06340"], "location": ["Groton,CT,USA"], "country": ["US"], "shippingInfo": [{"shippingServiceCost": [{"@currencyId": "USD", "__value__": "50.0"}], "shippingType": ["Flat"], "shipToLocations": ["Worldwide"], "expeditedShipping": ["false"], "oneDayShippingAvailable": ["false"], "handlingTime": ["2"]}], "sellingStatus": [{"currentPrice": [{"@currencyId": "USD", "__value__": "499.99"}], "convertedCurrentPrice": [{"@currencyId": "USD", "__value__": "499.99"}], "bidCount": ["1"], "sellingState": ["EndedWithSales"]}], "listingInfo": [{"bestOfferEnabled": ["false"], "buyItNowAvailable": ["false"], "startTime": ["2019-01-15T18:37:02.000Z"], "endTime": ["2019-01-25T18:37:02.000Z"], "listingType": ["Auction"], "gift": ["false"], "watchCount": ["1"]}], "returnsAccepted": ["true"], "condition": [{"conditionId": ["3000"], "conditionDisplayName": ["Used"]}], "isMultiVariationListing": ["false"], "pictureURLLarge": ["https://i.ebayimg.com/00/s/MTYwMFgxMTk1/z/JnEAAOSwCWRcC~m1/$_1.JPG"], "topRatedListing": ["false"]}