{"itemId": ["254089215587"], "title": ["PRS SE Custom 24 Fire Red Burst w/Grover Locking Tuners & Gig Bag - 2 Months Old"], "globalId": ["EBAY-US"], "primaryCategory": [{"categoryId": ["33034"], "categoryName": ["Electric Guitars"]}], "galleryURL": ["http://thumbs4.ebaystatic.com/m/mzFsxJ6t_Lz_8ApGGFkmsMA/140.jpg"], "viewItemURL": ["http://www.ebay.com/itm/PRS-SE-Custom-24-Fire-Red-Burst-w-Grover-Locking-Tuners-Gig-Bag-2-Months-Old-/254089215587"], "paymentMethod": ["PayPal"], "autoPay": ["false"], "postalCode": ["21921"], "location": ["Elkton,MD,USA"], "country": ["US"], "shippingInfo": [{"shippingServiceCost": [{"@currencyId": "USD", "__value__": "0.0"}], "shippingType": ["Free"], "shipToLocations": ["Worldwide"], "expeditedShipping": ["true"], "oneDayShippingAvailable": ["false"], "handlingTime": ["2"]}], "sellingStatus": [{"currentPrice": [{"@currencyId": "USD", "__value__": "550.0"}], "convertedCurrentPrice": [{"@currencyId": "USD", "__value__": "550.0"}], "bidCount": ["1"], "sellingState": ["EndedWithSales"]}], "listingInfo": [{"bestOfferEnabled": ["false"], "buyItNowAvailable": ["false"], "startTime": ["2019-01-22T15:07:06.000Z"], "endTime": ["2019-01-25T02:05:23.000Z"], "listingType": ["Auction"], "gift": ["false"], "watchCount": ["7"]}], "returnsAccepted": ["false"], "condition": [{"conditionId": ["3000"], "conditionDisplayName": ["Used"]}], "isMultiVariationListing": ["false"], "pictureURLLarge": ["https://i.ebayimg.com/00/s/MTYwMFgxMTYw/z/qX8AAOSwgyZcQmwq/$_1.JPG"], "topRatedListing": ["false"]}