{"itemId": ["202568068548"], "title": ["2003 USA RICKENBACKER 650C COLORADO ELECTRIC GUITAR + ORIGINAL HARD CASE"], "globalId": ["EBAY-US"], "primaryCategory": [{"categoryId": ["33034"], "categoryName": ["Electric Guitars"]}], "galleryURL": ["http://thumbs1.ebaystatic.com/m/mMw1xzWQ9mpWV0iiLbc92rA/140.jpg"], "viewItemURL": ["http://www.ebay.com/itm/2003-USA-RICKENBACKER-650C-COLORADO-ELECTRIC-GUITAR-ORIGINAL-HARD-CASE-/202568068548"], "paymentMethod": ["PayPal"], "autoPay": ["false"], "postalCode": ["V5Y3H5"], "location": ["Canada"], "country": ["CA"], "shippingInfo": [{"shippingServiceCost": [{"@currencyId": "USD", "__value__": "80.0"}], "shippingType": ["Flat"], "shipToLocations": ["Worldwide"], "expeditedShipping": ["false"], "oneDayShippingAvailable": ["false"], "handlingTime": ["1"]}], "sellingStatus": [{"currentPrice": [{"@currencyId": "USD", "__value__": "871.0"}], "convertedCurrentPrice": [{"@currencyId": "USD", "__value__": "871.0"}], "bidCount": ["35"], "sellingState": ["EndedWithSales"]}], "listingInfo": [{"bestOfferEnabled": ["false"], "buyItNowAvailable": ["false"], "startTime": ["2019-01-17T04:00:04.000Z"], "endTime": ["2019-01-24T04:00:04.000Z"], "listingType": ["Auction"], "gift": ["false"], "watchCount": ["43"]}], "returnsAccepted": ["false"], "condition": [{"conditionId": ["3000"], "conditionDisplayName": ["Used"]}], "isMultiVariationListing": ["false"], "pictureURLLarge": ["https://i.ebayimg.com/00/s/NTI0WDk1MA==/z/W20AAOSwnWpcJ8sK/$_1.JPG"], "topRatedListing": ["false"]}