{"BestOfferEnabled": false, "Description": "Vintage 1978 1979 Fender Stratocaster Hardtail. I bought the guitar from a pawn shop in East Texas. Please look at pictures and ask questions if needed. Buyer pays $55.00 Shipping. This is a used item and has minor defects such as scratches and dings in the finish. I do my best to show all major defects in the photos and description but it is impossible to account for every small defect that can be expected on used/vintage. Items. I only state this obvious fact because I learned the hard way that if a buyer complains that they could not see a small scratch in the finish and I do not mention it, Ebay will view it as a legitimate reason for a buyer to request a refund. Please ask questions if you have concerns. I will be happy to take additional photos if you need me to. Thanks for your time and understanding.", "ItemID": "323655298893", "EndTime": "2019-01-25T16:39:40.000Z", "StartTime": "2019-01-18T16:39:40.000Z", "ViewItemURLForNaturalSearch": "https://www.ebay.com/itm/1978-1979-Fender-Stratocaster-Hardtail-includes-hard-case-/323655298893", "ListingType": "Chinese", "Location": "Lubbock, Texas", "PaymentMethods": ["PayPal"], "GalleryURL": "https://thumbs2.ebaystatic.com/pict/3236552988938080_2.jpg", "PictureURL": ["https://i.ebayimg.com/00/s/MTIwMFgxNjAw/z/q0gAAOSwkv5cQqWd/$_57.JPG?set_id=8800005007", "https://i.ebayimg.com/00/s/MTYwMFgxMjAw/z/mlgAAOSw~kVboWmt/$_57.JPG?set_id=8800005007", "https://i.ebayimg.com/00/s/MTYwMFgxMjAw/z/OJQAAOSwfstboWrI/$_57.JPG?set_id=8800005007", "https://i.ebayimg.com/00/s/MTIwMFgxNjAw/z/TtoAAOSwwUJboWnt/$_57.JPG?set_id=8800005007", "https://i.ebayimg.com/00/s/MTIwMFgxNjAw/z/jAIAAOSwwBhboWov/$_57.JPG?set_id=8800005007", "https://i.ebayimg.com/00/s/MTIwMFgxNjAw/z/7XEAAOSw3mNboWo-/$_57.JPG?set_id=8800005007", "https://i.ebayimg.com/00/s/MTYwMFgxMjAw/z/jFoAAOSwwBhboWpY/$_57.JPG?set_id=8800005007", "https://i.ebayimg.com/00/s/MTIwMFgxNjAw/z/sZsAAOSwiZZboWqJ/$_57.JPG?set_id=8800005007", "https://i.ebayimg.com/00/s/MTIwMFgxNjAw/z/UjQAAOSwFnxboWra/$_57.JPG?set_id=8800005007", "https://i.ebayimg.com/00/s/MTIwMFgxNjAw/z/0XwAAOSw4QtcQqVF/$_57.JPG?set_id=8800005007", "https://i.ebayimg.com/00/s/MTIwMFgxNjAw/z/zYYAAOSw8NNcQqVm/$_57.JPG?set_id=8800005007", "https://i.ebayimg.com/00/s/MTIwMFgxNjAw/z/CeYAAOSw3ltcQqXo/$_57.JPG?set_id=8800005007"], "PostalCode": "79413", "PrimaryCategoryID": "33034", "PrimaryCategoryName": "Musical Instruments & Gear:Guitars & Basses:Electric Guitars", "Quantity": 1, "Seller": {"UserID": "markgilmore", "FeedbackRatingStar": "Red", "FeedbackScore": 1683, "PositiveFeedbackPercent": 100.0}, "BidCount": 1, "ConvertedCurrentPrice": {"Value": 1349.0, "CurrencyID": "USD"}, "CurrentPrice": {"Value": 1349.0, "CurrencyID": "USD"}, "HighBidder": {"UserID": "o***i", "FeedbackPrivate": false, "FeedbackRatingStar": "Purple", "FeedbackScore": 599}, "ListingStatus": "Completed", "QuantitySold": 1, "ShipToLocations": ["US", "CA", "GB", "DK", "RO", "SK", "BG", "CZ", "FI", "HU", "LV", "LT", "MT", "EE", "AU", "GR", "PT", "CY", "SI", "JP", "CN", "SE", "KR", "ID", "TW", "TH", "BE", "FR", "HK", "IE", "NL", "PL", "ES", "IT", "DE", "AT", "BS", "IL", "MX", "NZ", "SG", "CH", "NO", "SA", "UA", "AE", "QA", "KW", "BH", "HR", "MY", "CO", "PA", "JM", "BB", "BD", "BM", "BN", "BO", "EG", "GF", "GG", "GI", "GP", "IS", "JE", "JO", "KH", "KY", "LI", "LK", "LU", "MC", "MO", "MQ", "MV", "NI", "OM", "PK", "PY", "RE"], "Site": "US", "TimeLeft": "PT0S", "Title": " 1978 1979 Fender Stratocaster Hardtail   includes hard case", "ItemSpecifics": {"NameValueList": [{"Name": "Modified Item", "Value": ["No"]}, {"Name": "Custom Bundle", "Value": ["No"]}, {"Name": "Brand", "Value": ["Unbranded"]}, {"Name": "Non-Domestic Product", "Value": ["No"]}, {"Name": "Body Type", "Value": ["Solid"]}]}, "HitCount": 260, "PrimaryCategoryIDPath": "619:3858:33034", "Country": "US", "ReturnPolicy": {"ReturnsAccepted": "ReturnsNotAccepted", "InternationalReturnsAccepted": "ReturnsNotAccepted"}, "MinimumToBid": {"Value": 1374.0, "CurrencyID": "USD"}, "AutoPay": false, "PaymentAllowedSite": [], "IntegratedMerchantCreditCardEnabled": false, "HandlingTime": 5, "ConditionID": 3000, "ConditionDisplayName": "Used", "GlobalShipping": true, "QuantitySoldByPickupInStore": 0, "NewBestOffer": false}