{"BestOfferEnabled": false, "Description": "Fender Telecaster 52 Japanese from 2007 (CIJ) in perfect condition with original hardshell case.", "ItemID": "254076961053", "EndTime": "2019-01-24T03:51:19.000Z", "StartTime": "2019-01-17T03:51:19.000Z", "ViewItemURLForNaturalSearch": "https://www.ebay.com/itm/Fender-52-reissue-telecaster-CIJ-2007-/254076961053", "ListingType": "Chinese", "Location": "Miami, Florida", "PaymentMethods": ["PayPal"], "GalleryURL": "https://thumbs2.ebaystatic.com/pict/2540769610538080_1.jpg", "PictureURL": ["https://i.ebayimg.com/00/s/MTYwMFg5MDA=/z/mNEAAOSwnWpcP27P/$_12.JPG?set_id=880000500F", "https://i.ebayimg.com/00/s/MTYwMFg5MDA=/z/4cYAAOSwl1RcP27R/$_12.JPG?set_id=880000500F", "https://i.ebayimg.com/00/s/MTYwMFg5MDA=/z/3pQAAOSwPYRcP27T/$_12.JPG?set_id=880000500F", "https://i.ebayimg.com/00/s/MTYwMFg5MDA=/z/VV4AAOSwi6dcP27V/$_12.JPG?set_id=880000500F", "https://i.ebayimg.com/00/s/OTAwWDE2MDA=/z/KgcAAOSwjthcP27Y/$_12.JPG?set_id=880000500F", "https://i.ebayimg.com/00/s/MTYwMFg5MDA=/z/2igAAOSwmYxcP27Z/$_12.JPG?set_id=880000500F"], "PostalCode": "33125", "PrimaryCategoryID": "33034", "PrimaryCategoryName": "Musical Instruments & Gear:Guitars & Basses:Electric Guitars", "Quantity": 1, "Seller": {"UserID": "toornillo", "FeedbackRatingStar": "Yellow", "FeedbackScore": 35, "PositiveFeedbackPercent": 100.0}, "BidCount": 7, "ConvertedCurrentPrice": {"Value": 610.0, "CurrencyID": "USD"}, "CurrentPrice": {"Value": 610.0, "CurrencyID": "USD"}, "HighBidder": {"UserID": "s***7", "FeedbackPrivate": false, "FeedbackRatingStar": "Turquoise", "FeedbackScore": 297}, "ListingStatus": "Completed", "QuantitySold": 1, "ShipToLocations": ["US", "CA", "GB", "DK", "RO", "SK", "BG", "CZ", "FI", "HU", "LV", "LT", "MT", "EE", "AU", "GR", "PT", "CY", "SI", "JP", "CN", "SE", "KR", "ID", "TW", "TH", "BE", "FR", "HK", "IE", "NL", "PL", "ES", "IT", "DE", "AT", "BS", "IL", "MX", "NZ", "SG", "CH", "NO", "SA", "UA", "AE", "QA", "KW", "BH", "HR", "MY", "CL", "CO", "CR", "PA", "TT", "GT", "HN", "JM", "AG", "AW", "BZ", "DM", "GD", "KN", "LC", "MS", "TC", "BB", "BD", "BM", "BN", "BO", "EG", "GF", "GG", "GI", "GP", "IS", "JE", "JO", "KH", "KY", "LI", "LK", "LU", "MC", "MO", "MQ", "MV", "NI", "OM", "PK", "PY", "RE"], "Site": "US", "TimeLeft": "PT0S", "Title": "Fender 52 reissue telecaster CIJ 2007", "ItemSpecifics": {"NameValueList": [{"Name": "Body Material", "Value": ["Ash"]}, {"Name": "Brand", "Value": ["Fender"]}, {"Name": "Model Year", "Value": ["2007"]}, {"Name": "Model", "Value": ["52 Tele"]}, {"Name": "String Configuration", "Value": ["6 String"]}, {"Name": "Body Type", "Value": ["Solid"]}, {"Name": "Body Color", "Value": ["blonde"]}]}, "HitCount": 499, "PrimaryCategoryIDPath": "619:3858:33034", "Country": "US", "ReturnPolicy": {"ReturnsAccepted": "ReturnsNotAccepted"}, "MinimumToBid": {"Value": 620.0, "CurrencyID": "USD"}, "AutoPay": false, "PaymentAllowedSite": [], "IntegratedMerchantCreditCardEnabled": false, "HandlingTime": 3, "ConditionID": 3000, "ConditionDisplayName": "Used", "GlobalShipping": true, "QuantitySoldByPickupInStore": 0, "NewBestOffer": false}