{"BestOfferEnabled": false, "Description": "Vintage Gibson L6-S Guitar. Condition is Used. 70\u2019s era L6-S in good playing condition. All original, used. Solid maple body and neckOriginal super humbucker pickups. No reserve auction. Includes gig bag. Bid to win Please ask questions before bidding. No returns unless not as described. Being sold as is.", "ItemID": "123604608553", "EndTime": "2019-01-25T22:30:51.000Z", "StartTime": "2019-01-20T22:30:51.000Z", "ViewItemURLForNaturalSearch": "https://www.ebay.com/itm/Vintage-Gibson-L6-S-Guitar-/123604608553", "ListingType": "Chinese", "Location": "Austin, Texas", "PaymentMethods": ["PayPal"], "GalleryURL": "https://thumbs2.ebaystatic.com/pict/1236046085538080_1.jpg", "PictureURL": ["https://i.ebayimg.com/00/s/MTIwMFgxNjAw/z/lRUAAOSwSudcRPTn/$_12.JPG?set_id=880000500F", "https://i.ebayimg.com/00/s/MTYwMFgxMjAw/z/Hw8AAOSwtYZcRPTZ/$_12.JPG?set_id=880000500F", "https://i.ebayimg.com/00/s/MTYwMFgxMjAw/z/4ckAAOSwtaBcRPTV/$_12.JPG?set_id=880000500F", "https://i.ebayimg.com/00/s/MTYwMFgxMjAw/z/~aIAAOSwQZdcRPTc/$_12.JPG?set_id=880000500F", "https://i.ebayimg.com/00/s/MTYwMFgxMTk4/z/z3AAAOSwDEBcRPTf/$_12.JPG?set_id=880000500F", "https://i.ebayimg.com/00/s/MTYwMFgxMTk4/z/B6oAAOSwH61cRPTi/$_12.JPG?set_id=880000500F"], "PostalCode": "78759", "PrimaryCategoryID": "33034", "PrimaryCategoryName": "Musical Instruments & Gear:Guitars & Basses:Electric Guitars", "Quantity": 1, "Seller": {"UserID": "manalishiboy", "FeedbackRatingStar": "Red", "FeedbackScore": 1227, "PositiveFeedbackPercent": 100.0}, "BidCount": 15, "ConvertedCurrentPrice": {"Value": 819.0, "CurrencyID": "USD"}, "CurrentPrice": {"Value": 819.0, "CurrencyID": "USD"}, "HighBidder": {"UserID": "f***c", "FeedbackPrivate": false, "FeedbackRatingStar": "Blue", "FeedbackScore": 52}, "ListingStatus": "Completed", "QuantitySold": 1, "ShipToLocations": ["US"], "Site": "US", "TimeLeft": "PT0S", "Title": "Vintage Gibson L6-S Guitar", "ItemSpecifics": {"NameValueList": [{"Name": "Right-/ Left-Handed", "Value": ["Right-Handed"]}, {"Name": "Brand", "Value": ["Gibson"]}, {"Name": "String Configuration", "Value": ["6 String"]}, {"Name": "Body Type", "Value": ["Solid"]}]}, "HitCount": 309, "PrimaryCategoryIDPath": "619:3858:33034", "Country": "US", "ReturnPolicy": {"ReturnsAccepted": "ReturnsNotAccepted"}, "MinimumToBid": {"Value": 829.0, "CurrencyID": "USD"}, "ProductID": {"Value": "131635125", "Type": "Reference"}, "AutoPay": false, "PaymentAllowedSite": [], "IntegratedMerchantCreditCardEnabled": false, "HandlingTime": 2, "ConditionID": 3000, "ConditionDisplayName": "Used", "GlobalShipping": false, "QuantitySoldByPickupInStore": 0, "NewBestOffer": false}