{"BestOfferEnabled": false, "Description": "Jerry Jones Baby Sitar in Red Crackle (Late 80's) Plays and sounds great! Guitar is in excellent functioning and physical condition with exception of a small ding at the top of the headstock (please see photos). I am only selling due to the need to downsize the amount of equipment in my studio. Please email me if you have any questions. I am open to any reasonable offer. Thanks! Sitar comes with a fender gig bag. Shipping on item is a flat $50.00. Sitar will be shipped USPS ground. Any overages paid on shipping will be refunded to buyer. Low start price and no reserve. Please be advised that I have relisted this item only to be able to ship this item on Saturday 1/26/2019. Please note the handling time on this item is four (4) days. I am unfortunately unable to ship any sooner. I will provide tracking immediately upon shipping.", "ItemID": "303032248825", "EndTime": "2019-01-24T02:38:28.000Z", "StartTime": "2019-01-17T02:38:28.000Z", "ViewItemURLForNaturalSearch": "https://www.ebay.com/itm/Jerry-Jones-Baby-Sitar-Red-Crackle-/303032248825", "ListingType": "Chinese", "Location": "Wilmington, Delaware", "PaymentMethods": ["PayPal"], "GalleryURL": "https://thumbs2.ebaystatic.com/pict/3030322488258080_1.jpg", "PictureURL": ["https://i.ebayimg.com/00/s/MTYwMFgxMjAw/z/-qMAAOSwGD1cJXyj/$_57.JPG?set_id=8800005007", "https://i.ebayimg.com/00/s/MTYwMFgxMjAw/z/q94AAOSwzcNcJXy1/$_57.JPG?set_id=8800005007", "https://i.ebayimg.com/00/s/MTYwMFgxMjAw/z/u2wAAOSwa1ZcJXzh/$_57.JPG?set_id=8800005007", "https://i.ebayimg.com/00/s/MTYwMFgxMjAw/z/QwoAAOSwVNNcJX0M/$_57.JPG?set_id=8800005007", "https://i.ebayimg.com/00/s/MTIwMFgxNjAw/z/BXwAAOSwq2xcJX0u/$_57.JPG?set_id=8800005007"], "PostalCode": "19809", "PrimaryCategoryID": "33034", "PrimaryCategoryName": "Musical Instruments & Gear:Guitars & Basses:Electric Guitars", "Quantity": 1, "Seller": {"UserID": "universalmagnetism", "FeedbackRatingStar": "Turquoise", "FeedbackScore": 291, "PositiveFeedbackPercent": 100.0}, "BidCount": 4, "ConvertedCurrentPrice": {"Value": 577.77, "CurrencyID": "USD"}, "CurrentPrice": {"Value": 577.77, "CurrencyID": "USD"}, "HighBidder": {"UserID": "i***t", "FeedbackPrivate": false, "FeedbackRatingStar": "Purple", "FeedbackScore": 668}, "ListingStatus": "Completed", "QuantitySold": 1, "ShipToLocations": ["US"], "Site": "US", "TimeLeft": "PT0S", "Title": "Jerry Jones Baby Sitar Red Crackle", "ItemSpecifics": {"NameValueList": [{"Name": "Brand", "Value": ["Jerry Jones"]}, {"Name": "Model", "Value": ["Baby Sitar"]}, {"Name": "Right-/ Left-Handed", "Value": ["Right-Handed"]}, {"Name": "Body Color", "Value": ["Red Crackle"]}]}, "HitCount": 83, "PrimaryCategoryIDPath": "619:3858:33034", "Country": "US", "ReturnPolicy": {"Refund": "Money Back", "ReturnsWithin": "14 Days", "ReturnsAccepted": "Returns Accepted", "ShippingCostPaidBy": "Buyer", "InternationalReturnsAccepted": "ReturnsNotAccepted"}, "MinimumToBid": {"Value": 587.77, "CurrencyID": "USD"}, "AutoPay": false, "PaymentAllowedSite": [], "IntegratedMerchantCreditCardEnabled": false, "HandlingTime": 3, "ConditionID": 3000, "ConditionDisplayName": "Used", "ExcludeShipToLocation": ["Africa", "Asia", "Central America and Caribbean", "Europe", "Middle East", "North America", "Oceania", "Southeast Asia", "South America"], "GlobalShipping": false, "ConditionDescription": "Item is in excellent condition.  Please see photos and description below.", "QuantitySoldByPickupInStore": 0, "NewBestOffer": false}