{"BestOfferEnabled": false, "Description": "Epiphone Les Paul Traditional Pro GuitarWine Red Neck has been repaired near head.Plays great. Comes with the following:WolfPak Hard Guitar CaseCapoLeather StrapAssorted CablesGuitar HangerGuitar Floor Stand I purchased this guitar as is over a year ago and have had no problems with it. Thanks for Looking!", "ItemID": "254082512733", "EndTime": "2019-01-26T17:32:40.000Z", "StartTime": "2019-01-19T17:32:40.000Z", "ViewItemURLForNaturalSearch": "https://www.ebay.com/itm/Epiphone-Les-Paul-Traditional-Pro-Guitar-Wine-Red-Hard-Case-plus-extras-/254082512733", "ListingType": "Chinese", "Location": "Cambridge, Massachusetts", "PaymentMethods": ["PayPal"], "GalleryURL": "https://thumbs2.ebaystatic.com/pict/2540825127338080_3.jpg", "PictureURL": ["https://i.ebayimg.com/00/s/MTIwMFgxNjAw/z/cX8AAOSwgotcQ1z5/$_57.JPG?set_id=8800005007", "https://i.ebayimg.com/00/s/MTYwMFgxMjAw/z/uoEAAOSwaSVcQ2R4/$_57.JPG?set_id=8800005007", "https://i.ebayimg.com/00/s/MTIwMFgxNjAw/z/tzgAAOSw~D5cQ2Yq/$_57.JPG?set_id=8800005007", "https://i.ebayimg.com/00/s/MTIwMFgxNjAw/z/YJcAAOSw76JcQ10L/$_57.JPG?set_id=8800005007", "https://i.ebayimg.com/00/s/MTIwMFgxNjAw/z/VqsAAOSwtYZcQ10Q/$_57.JPG?set_id=8800005007", "https://i.ebayimg.com/00/s/MTIwMFgxNjAw/z/OMUAAOSwcf9cQ2S7/$_57.JPG?set_id=8800005007", "https://i.ebayimg.com/00/s/MTIwMFgxNjAw/z/4oEAAOSwv0dcQ2YP/$_57.JPG?set_id=8800005007", "https://i.ebayimg.com/00/s/MTIwMFgxNjAw/z/Gb0AAOSw0xtcQ2YS/$_57.JPG?set_id=8800005007", "https://i.ebayimg.com/00/s/MTIwMFgxNjAw/z/YWoAAOSwNTNcQ2YU/$_57.JPG?set_id=8800005007", "https://i.ebayimg.com/00/s/MTIwMFgxNjAw/z/l8QAAOSwleRcQ10B/$_57.JPG?set_id=8800005007", "https://i.ebayimg.com/00/s/MTIwMFgxNjAw/z/peAAAOSwHglcQ10D/$_57.JPG?set_id=8800005007", "https://i.ebayimg.com/00/s/MTIwMFgxNjAw/z/79cAAOSwDYdcQ10G/$_57.JPG?set_id=8800005007"], "PostalCode": "02138", "PrimaryCategoryID": "33034", "PrimaryCategoryName": "Musical Instruments & Gear:Guitars & Basses:Electric Guitars", "Quantity": 1, "Seller": {"UserID": "94fayerweather", "FeedbackRatingStar": "Turquoise", "FeedbackScore": 200, "PositiveFeedbackPercent": 100.0}, "BidCount": 11, "ConvertedCurrentPrice": {"Value": 261.0, "CurrencyID": "USD"}, "CurrentPrice": {"Value": 261.0, "CurrencyID": "USD"}, "HighBidder": {"UserID": "j***j", "FeedbackPrivate": false, "FeedbackRatingStar": "Blue", "FeedbackScore": 84}, "ListingStatus": "Completed", "QuantitySold": 1, "ShipToLocations": ["US"], "Site": "US", "TimeLeft": "PT0S", "Title": "Epiphone Les Paul Traditional Pro Guitar Wine Red with Hard Case plus extras!", "ItemSpecifics": {"NameValueList": [{"Name": "Brand", "Value": ["Epiphone"]}, {"Name": "Body Type", "Value": ["Solid"]}, {"Name": "String Configuration", "Value": ["6 String"]}, {"Name": "Model", "Value": ["Les Paul Traditional"]}, {"Name": "Body Color", "Value": ["Wine Red"]}, {"Name": "Right-/ Left-Handed", "Value": ["Right-Handed"]}]}, "HitCount": 482, "PrimaryCategoryIDPath": "619:3858:33034", "Country": "US", "ReturnPolicy": {"ReturnsAccepted": "ReturnsNotAccepted", "InternationalReturnsAccepted": "ReturnsNotAccepted"}, "MinimumToBid": {"Value": 266.0, "CurrencyID": "USD"}, "AutoPay": false, "PaymentAllowedSite": [], "IntegratedMerchantCreditCardEnabled": false, "HandlingTime": 3, "ConditionID": 3000, "ConditionDisplayName": "Used", "GlobalShipping": false, "ConditionDescription": "Neck has been repaired", "QuantitySoldByPickupInStore": 0, "NewBestOffer": false}