{"BestOfferEnabled": false, "Description": "Gibson SG Special Faded Electric Guitar EMG Pickups w/ Hard Case \u2013 2008 USA Made Gibson SG Special Faded Electric Guitar EMG Pickups w/ Hard Case \u2013 2008 USA MadePlease read the item description carefully before bidding. We will describe the item to the best of our ability.Please look at the pictures and judge for yourself. Click images to enlarge Description Up for auction is this Gibson SG Special Faded Electric Guitar with Zakk Wylde Active Humbucker Pickups. This is a pre-owned guitar that is in nice used condition with some minor signs of use/wear. The guitar has been restrung and plays nicely. This guitar was made in Nashville, Tennessee in October of 2008. The Gibson hard shell case pictured is included in the auction, the case has a beautiful white interior. The case does not come with keys. Lightly Used Not Abused. Comes from a Smoke Free and Pet Free Home. Please read the item description carefully before bidding. We will describe the item to the best of our ability. Please look at the pictures and judge for yourself. Please see my other auctions as I would happily combine shipping! I charge actual shipping cost for the combined shipping. Please Email thru eBay using the Item number if you have any questions. WE DO NOT SHIP OUTSIDE THE UNITED STATES- NO INTERNATIONAL BIDDERS. Once you have paid for the item, please email us if you need a tracking number and we will reply with the information. If you have any questions, please send them through eBay Mail and I will try to answer them as quickly as possible. Thank you. Kevin Bid With Confidence; We Have Been in the Retail Business for Over 22 Years We accept Only PayPal Payment for eBay's service to make fast, easy, and secure payments for your eBay purchases! All customers must have a USA Confirmed Address and USA Account from PayPal. **Please be careful WE DO NOT MAKE SECOND CHANCE OFFERS on our items! So be careful!** We do not generally issue 2nd Chances at any of our merchandise, but if we do the payment will come directly to us, MCLEANGOODIES. You should never pay anyone other than the specific seller of an item! So please be aware of scams and spam email. According with eBay's policy, We only take PayPal that has a confirmed USA account. Please read our payments policies because we can only receive payments according to these policies. You must have a USA eBay account and a confirmed USA PayPal account as well. Shipping within the Continental US (lower 48 states): $22.30 Terms of Bidding Payment must be received through PayPal within 3 business days of auction closing. After 3 days we will file a non-paying bidder alert and relist the item. Shipping We ship via UPS Ground, which does not service Hawaii, Alaska, APOs, FPOs, or PO Boxes. Please give a physical address for shipping. We do not ship outside the lower 48 States. We cannot ship to PO Box addresses. Hawaii and Alaska residents, please ask for shipping costs before bidding. We ship to Alaska and Hawaii through UPS 2-Day Air only. WE DO NOT SHIP OUTSIDE THE 48 STATES- NO INTERNATIONAL BIDDERS. Item Description We have described this item to the best of our knowledge and ability. We have also described any flaws or faults in the item to the best of our ability. The pictures in the listing are of the actual item being sold, so please judge for yourself. This product is being sold as is with no warranty unless otherwise stated. Items are guaranteed to be in stated condition. If you are not satisfied with an item, you must contact us within 72 hours of receipt of the item. Thank you. If you have any questions, feel free to email me and I will try to answer as best that I can. Buyer pays actual shipping and insurance costs. Buyer pays with Paypal. Please see pictures below. Illinois residents must pay sales tax. Buyer pays shipping, handling, and insurance. As usual $0.99 No Reserve! WINNER PAYS by PAYPAL!!! If you intend to bid on our items, please read our terms and make sure you agree with them. Thank you and Good Luck. Pictures sell! Auctiva offers Free Image Hosting and Editing.250+ Listing Templates! Auctiva gets you noticed! The complete eBay Selling Solution. Track Page Views With Auctiva's FREE Counter", "ItemID": "233095917206", "EndTime": "2019-01-25T19:38:40.000Z", "StartTime": "2019-01-15T19:38:40.000Z", "ViewItemURLForNaturalSearch": "https://www.ebay.com/itm/Gibson-SG-Special-Faded-Electric-Guitar-EMG-Pickups-w-Hard-Case-2008-USA-Made-/233095917206", "ListingType": "Chinese", "Location": "Bloomington, Illinois", "PaymentMethods": ["PayPal"], "GalleryURL": "https://thumbs3.ebaystatic.com/pict/2330959172068080_1.jpg", "PictureURL": ["https://i.ebayimg.com/00/s/OTYwWDEyODA=/z/zTEAAOSwjoFcPjbD/$_1.JPG?set_id=880000500F", "https://i.ebayimg.com/00/s/OTYwWDEyODA=/z/xeAAAOSw~BRcPjbD/$_1.JPG?set_id=880000500F", "https://i.ebayimg.com/00/s/OTYwWDEyODA=/z/D2IAAOSwpJ5cPjbD/$_1.JPG?set_id=880000500F", "https://i.ebayimg.com/00/s/OTYwWDEyODA=/z/hlQAAOSw09NcPjbD/$_1.JPG?set_id=880000500F", "https://i.ebayimg.com/00/s/OTYwWDEyODA=/z/toUAAOSws~pcPjbD/$_1.JPG?set_id=880000500F", "https://i.ebayimg.com/00/s/OTYwWDEyODA=/z/RyEAAOSw1rpcPjbD/$_1.JPG?set_id=880000500F", "https://i.ebayimg.com/00/s/OTYwWDEyODA=/z/j8AAAOSwmrNcPjbD/$_1.JPG?set_id=880000500F", "https://i.ebayimg.com/00/s/OTYwWDEyODA=/z/kUMAAOSwYwZcPjbD/$_1.JPG?set_id=880000500F", "https://i.ebayimg.com/00/s/OTYwWDEyODA=/z/3NcAAOSwhrpcPjbD/$_1.JPG?set_id=880000500F", "https://i.ebayimg.com/00/s/OTYwWDEyODA=/z/KGkAAOSwiT1cPjbD/$_1.JPG?set_id=880000500F", "https://i.ebayimg.com/00/s/OTYwWDEyODA=/z/adoAAOSw5EpcPjbD/$_1.JPG?set_id=880000500F", "https://i.ebayimg.com/00/s/OTYwWDEyODA=/z/gY4AAOSwXitcPjbD/$_1.JPG?set_id=880000500F"], "PostalCode": "61704", "PrimaryCategoryID": "33034", "PrimaryCategoryName": "Musical Instruments & Gear:Guitars & Basses:Electric Guitars", "Quantity": 1, "Seller": {"UserID": "mcleangoodies", "FeedbackRatingStar": "YellowShooting", "FeedbackScore": 12223, "PositiveFeedbackPercent": 100.0, "TopRatedSeller": true}, "BidCount": 24, "ConvertedCurrentPrice": {"Value": 464.0, "CurrencyID": "USD"}, "CurrentPrice": {"Value": 464.0, "CurrencyID": "USD"}, "HighBidder": {"UserID": "y***a", "FeedbackPrivate": false, "FeedbackRatingStar": "Turquoise", "FeedbackScore": 349}, "ListingStatus": "Completed", "QuantitySold": 1, "ShipToLocations": ["US"], "Site": "US", "TimeLeft": "PT0S", "Title": "Gibson SG Special Faded Electric Guitar EMG Pickups w/ Hard Case \u2013 2008 USA Made", "ItemSpecifics": {"NameValueList": [{"Name": "Brand", "Value": ["Gibson"]}, {"Name": "MPN", "Value": ["SG"]}, {"Name": "Country/Region of Manufacture", "Value": ["United States"]}, {"Name": "Right-/ Left-Handed", "Value": ["Right-Handed"]}, {"Name": "String Configuration", "Value": ["6 String"]}]}, "HitCount": 912, "PrimaryCategoryIDPath": "619:3858:33034", "Storefront": {"StoreURL": "https://stores.ebay.com/id=12894106", "StoreName": "mcleangoodies"}, "Country": "US", "ReturnPolicy": {"Refund": "Money Back", "ReturnsWithin": "30 Days", "ReturnsAccepted": "Returns Accepted", "ShippingCostPaidBy": "Seller", "InternationalReturnsAccepted": "ReturnsNotAccepted"}, "MinimumToBid": {"Value": 469.0, "CurrencyID": "USD"}, "AutoPay": false, "PaymentAllowedSite": [], "IntegratedMerchantCreditCardEnabled": false, "HandlingTime": 1, "ConditionID": 3000, "ConditionDisplayName": "Used", "ExcludeShipToLocation": ["Alaska/Hawaii", "US Protectorates", "APO/FPO", "Africa", "Asia", "Central America and Caribbean", "Europe", "Middle East", "North America", "Oceania", "Southeast Asia", "South America", "PO Box"], "TopRatedListing": true, "GlobalShipping": false, "ConditionDescription": "Lightly Used Not Abused, Nice Condition!  Guitar has Zakk Wylde EMG Active Humbucker Pickups and includes the Hard Case pictured!", "QuantitySoldByPickupInStore": 0, "NewBestOffer": false}