{"BestOfferEnabled": false, "Description": "This is a Fender Telecaster Custom '62 reissue in beautiful sunburst with double bound body. I've had the pleasure of owning this guitar for ten years and never thought I'd be selling it. It is all original and in near mint condition. Looks like it was only played in the bedroom once in a while. It plays and sounds wonderful. The original nickel tuners are straight and snug without having any excessive play. Almost no fret wear, no dents, deep scratches or impressions anywhere. Neck is straight, rosewood slab neck, no skunk stripe, just like the old ones. Comes with Fender USA case, exterior is in poor condition, it has a lot of stickers on it, one broken latch and one broken hinge but functions and protects the guitar well.", "ItemID": "233097615372", "EndTime": "2019-01-24T01:12:15.000Z", "StartTime": "2019-01-17T01:12:15.000Z", "ViewItemURLForNaturalSearch": "https://www.ebay.com/itm/Fender-Telecaster-Custom-62-vintage-reissue-mij-Japan-sunburst-MINT-/233097615372", "ListingType": "Chinese", "Location": "Miami, Florida", "PaymentMethods": ["PayPal"], "GalleryURL": "https://thumbs1.ebaystatic.com/pict/2330976153728080_1.jpg", "PictureURL": ["https://i.ebayimg.com/00/s/MTU4Nlg3MTI=/z/VPQAAOSwKXhcP1mD/$_57.JPG?set_id=8800005007", "https://i.ebayimg.com/00/s/MTU4Nlg3Mzg=/z/HKIAAOSwoRpcP1mY/$_57.JPG?set_id=8800005007", "https://i.ebayimg.com/00/s/MTYwMFgxMjAw/z/BVAAAOSw0rdcP1lT/$_57.JPG?set_id=8800005007", "https://i.ebayimg.com/00/s/MTYwMFgxMjAw/z/C8wAAOSwjthcP1km/$_57.JPG?set_id=8800005007", "https://i.ebayimg.com/00/s/MTYwMFgxMjAw/z/h00AAOSw5YlcP1kG/$_57.JPG?set_id=8800005007", "https://i.ebayimg.com/00/s/MTYwMFgxMjAw/z/PZkAAOSw6S9cP1kO/$_57.JPG?set_id=8800005007", "https://i.ebayimg.com/00/s/MTIwMFgxNjAw/z/g9QAAOSwpRxcP1jp/$_57.JPG?set_id=8800005007", "https://i.ebayimg.com/00/s/MTIwMFgxNjAw/z/j7AAAOSwEONcP1jr/$_57.JPG?set_id=8800005007", "https://i.ebayimg.com/00/s/MTIwMFgxNjAw/z/2D8AAOSwQZdcP1ju/$_57.JPG?set_id=8800005007", "https://i.ebayimg.com/00/s/MTYwMFgxMjAw/z/K1gAAOSwckVcP1ly/$_57.JPG?set_id=8800005007", "https://i.ebayimg.com/00/s/MTU4Nlg4MjY=/z/OB4AAOSwXINcP1nk/$_57.JPG?set_id=8800005007", "https://i.ebayimg.com/00/s/MTIwMFgxNjAw/z/ZWQAAOSwJ89cP1jU/$_57.JPG?set_id=8800005007"], "PostalCode": "33143", "PrimaryCategoryID": "33034", "PrimaryCategoryName": "Musical Instruments & Gear:Guitars & Basses:Electric Guitars", "Quantity": 1, "Seller": {"UserID": "dougm849of", "FeedbackRatingStar": "Turquoise", "FeedbackScore": 389, "PositiveFeedbackPercent": 100.0}, "BidCount": 1, "ConvertedCurrentPrice": {"Value": 799.0, "CurrencyID": "USD"}, "CurrentPrice": {"Value": 799.0, "CurrencyID": "USD"}, "HighBidder": {"UserID": "7***r", "FeedbackPrivate": false, "FeedbackRatingStar": "Red", "FeedbackScore": 1952}, "ListingStatus": "Completed", "QuantitySold": 1, "ShipToLocations": ["US"], "Site": "US", "TimeLeft": "PT0S", "Title": "Fender Telecaster Custom '62 vintage reissue mij Japan sunburst MINT ", "ItemSpecifics": {"NameValueList": [{"Name": "Brand", "Value": ["Fender"]}, {"Name": "Body Type", "Value": ["Solid"]}, {"Name": "Model", "Value": ["Telecaster"]}, {"Name": "Body Color", "Value": ["Sunburst"]}, {"Name": "String Configuration", "Value": ["6 String"]}, {"Name": "Size", "Value": ["Full Size"]}, {"Name": "Modified Item", "Value": ["No"]}, {"Name": "Right-/ Left-Handed", "Value": ["Right-Handed"]}, {"Name": "Country/Region of Manufacture", "Value": ["Japan"]}]}, "HitCount": 283, "PrimaryCategoryIDPath": "619:3858:33034", "Country": "US", "ReturnPolicy": {"ReturnsAccepted": "ReturnsNotAccepted", "InternationalReturnsAccepted": "ReturnsNotAccepted"}, "MinimumToBid": {"Value": 809.0, "CurrencyID": "USD"}, "AutoPay": false, "PaymentAllowedSite": [], "IntegratedMerchantCreditCardEnabled": false, "HandlingTime": 5, "ConditionID": 3000, "ConditionDisplayName": "Used", "ExcludeShipToLocation": ["Alaska/Hawaii", "US Protectorates", "APO/FPO", "Africa", "Asia", "Central America and Caribbean", "Europe", "Middle East", "North America", "Oceania", "Southeast Asia", "South America", "PO Box"], "GlobalShipping": false, "QuantitySoldByPickupInStore": 0, "NewBestOffer": false}