{"BestOfferEnabled": false, "Description": "R.i. 57 strat 1988 ?? , I got this used on Ebay a long time ago , it has the previous owners ss# on the trem block ,body cavity, and back cover. What you see is what you get with case . Ships to the 48 states ,any other place will cost extra. If you want a shipping quote use zip 02888... If you have any questions please ask..... PLEASE DISREGARD \"PRODUCT DETAILS \" SECTION, I FOLLOWED EBAY'S INSTRUCTIONS AND I CANT CHANGE THIS . DOES NOT APPLY TO THIS GUITAR...On Jan-20-19 at 13:29:35 PST, seller added the following information: If you need a picture of the neck date please ask , I forgot to add it ... Thanks", "ItemID": "233101185633", "EndTime": "2019-01-26T16:22:17.000Z", "StartTime": "2019-01-19T16:22:17.000Z", "ViewItemURLForNaturalSearch": "https://www.ebay.com/itm/Fender-1957-R-I-1988-Stratocaster-/233101185633", "ListingType": "Chinese", "Location": "Riverside, Rhode Island", "PaymentMethods": ["PayPal"], "GalleryURL": "https://thumbs2.ebaystatic.com/pict/2331011856338080_1.jpg", "PictureURL": ["https://i.ebayimg.com/00/s/MTYwMFg5MzM=/z/nMQAAOSwl7dcQ0qU/$_12.JPG?set_id=880000500F", "https://i.ebayimg.com/00/s/MTA4MFgxNDQw/z/230AAOSw2qpcQ0rO/$_12.JPG?set_id=880000500F", "https://i.ebayimg.com/00/s/Nzg2WDE0NDA=/z/nTgAAOSwZ-9cQ0rg/$_12.JPG?set_id=880000500F", "https://i.ebayimg.com/00/s/MTA4MFgxNjAw/z/5h8AAOSw~HFcQ0rt/$_12.JPG?set_id=880000500F", "https://i.ebayimg.com/00/s/MTYwMFgxMDgw/z/ATkAAOSwP6VcQ0sB/$_12.JPG?set_id=880000500F", "https://i.ebayimg.com/00/s/MTQzOVgxMDgw/z/gaIAAOSwt0dcQ0sV/$_12.JPG?set_id=880000500F", "https://i.ebayimg.com/00/s/MTIwMFgxNDQw/z/UakAAOSwvytcQ0ss/$_12.JPG?set_id=880000500F", "https://i.ebayimg.com/00/s/MTA4MFgxNjAw/z/DgMAAOSwCjpcQ0tE/$_12.JPG?set_id=880000500F", "https://i.ebayimg.com/00/s/MTIwMFgxNDQw/z/fYcAAOSwdwVcQ0te/$_12.JPG?set_id=880000500F", "https://i.ebayimg.com/00/s/MTIwMFgxNjAw/z/OD8AAOSwH1pcQ0t7/$_12.JPG?set_id=880000500F", "https://i.ebayimg.com/00/s/MTIwMFgxNjAw/z/qQoAAOSwJ4hcQ0uT/$_12.JPG?set_id=880000500F", "https://i.ebayimg.com/00/s/MTA4MFgxNDQx/z/DVwAAOSw8fRcQ0ut/$_12.JPG?set_id=880000500F"], "PostalCode": "02915", "PrimaryCategoryID": "33034", "PrimaryCategoryName": "Musical Instruments & Gear:Guitars & Basses:Electric Guitars", "Quantity": 1, "Seller": {"UserID": "riversidevinny", "FeedbackRatingStar": "Purple", "FeedbackScore": 948, "PositiveFeedbackPercent": 100.0}, "BidCount": 23, "ConvertedCurrentPrice": {"Value": 910.0, "CurrencyID": "USD"}, "CurrentPrice": {"Value": 910.0, "CurrencyID": "USD"}, "HighBidder": {"UserID": "a***l", "FeedbackPrivate": false, "FeedbackRatingStar": "Green", "FeedbackScore": 5310}, "ListingStatus": "Completed", "QuantitySold": 1, "ShipToLocations": ["US"], "Site": "US", "TimeLeft": "PT0S", "Title": "Fender 1957 R.I. 1988 Stratocaster ", "ItemSpecifics": {"NameValueList": [{"Name": "Body Type", "Value": ["Solid"]}, {"Name": "Brand", "Value": ["Fender"]}, {"Name": "Body Material", "Value": ["Alder"]}, {"Name": "String Configuration", "Value": ["6 String"]}, {"Name": "MPN", "Value": ["1555702898"]}, {"Name": "Body Color", "Value": ["Gold"]}]}, "HitCount": 683, "PrimaryCategoryIDPath": "619:3858:33034", "Country": "US", "ReturnPolicy": {"ReturnsAccepted": "ReturnsNotAccepted"}, "MinimumToBid": {"Value": 920.0, "CurrencyID": "USD"}, "ProductID": {"Value": "219514592", "Type": "Reference"}, "AutoPay": false, "PaymentAllowedSite": [], "IntegratedMerchantCreditCardEnabled": false, "HandlingTime": 2, "ConditionID": 3000, "ConditionDisplayName": "Used", "GlobalShipping": false, "QuantitySoldByPickupInStore": 0, "NewBestOffer": false}