{"BestOfferEnabled": false, "Description": "no reserve highest bid takes it Fender Classic Series '50s Telecaster 2000 White Blonde. Condition is Used. paid 629$ jn early 2000 has only had 7 sets of strings on it since then and maybe played 30 hrs total some paint chips look at pics jus perfect neck that is comfortable as any i have played jus a fine guitar and tone for days fret wear is non existant will ship with a gig bag tele players will love this deal jus not my thing enjoy and good luckOn Jan-22-19 at 19:15:24 PST, seller added the following information: also ships with high quality 6 saddle bridge", "ItemID": "283344881217", "EndTime": "2019-01-24T09:20:01.000Z", "StartTime": "2019-01-19T09:20:01.000Z", "ViewItemURLForNaturalSearch": "https://www.ebay.com/itm/Fender-Classic-Series-50s-Telecaster-2000-White-Blonde-/283344881217", "ListingType": "Chinese", "Location": "Madison Heights, Virginia", "PaymentMethods": ["PayPal"], "GalleryURL": "https://thumbs2.ebaystatic.com/pict/2833448812178080_1.jpg", "PictureURL": ["https://i.ebayimg.com/00/s/MTYwMFgxMjAw/z/LpcAAOSwJ4hcQub2/$_12.JPG?set_id=880000500F", "https://i.ebayimg.com/00/s/MTYwMFgxMjAw/z/AggAAOSwE~ZcQucN/$_12.JPG?set_id=880000500F", "https://i.ebayimg.com/00/s/MTYwMFgxMjAw/z/wYUAAOSwUP5cQucj/$_12.JPG?set_id=880000500F", "https://i.ebayimg.com/00/s/MTYwMFgxMjAw/z/7DgAAOSwgfRcQuc6/$_12.JPG?set_id=880000500F", "https://i.ebayimg.com/00/s/MTYwMFgxMjAw/z/2VAAAOSwozNcQudI/$_12.JPG?set_id=880000500F", "https://i.ebayimg.com/00/s/MTYwMFgxMjAw/z/Pu4AAOSwqjhcQud-/$_12.JPG?set_id=880000500F", "https://i.ebayimg.com/00/s/MTYwMFgxMjAw/z/bXQAAOSw7wFcQueW/$_12.JPG?set_id=880000500F", "https://i.ebayimg.com/00/s/MTYwMFgxMjAw/z/d60AAOSwaPpcQufJ/$_12.JPG?set_id=880000500F", "https://i.ebayimg.com/00/s/MTYwMFgxMjAw/z/tcEAAOSwx9lcQufY/$_12.JPG?set_id=880000500F", "https://i.ebayimg.com/00/s/MTYwMFgxMjAw/z/-4IAAOSw8TJcQufp/$_12.JPG?set_id=880000500F", "https://i.ebayimg.com/00/s/MTYwMFgxMjAw/z/T94AAOSwMpFcQuf-/$_12.JPG?set_id=880000500F", "https://i.ebayimg.com/00/s/MTYwMFgxMjAw/z/~wgAAOSwhu9cQugZ/$_12.JPG?set_id=880000500F"], "PostalCode": "24572", "PrimaryCategoryID": "33034", "PrimaryCategoryName": "Musical Instruments & Gear:Guitars & Basses:Electric Guitars", "Quantity": 1, "Seller": {"UserID": "earthpigkiller", "FeedbackRatingStar": "Turquoise", "FeedbackScore": 127, "PositiveFeedbackPercent": 100.0}, "BidCount": 40, "ConvertedCurrentPrice": {"Value": 385.0, "CurrencyID": "USD"}, "CurrentPrice": {"Value": 385.0, "CurrencyID": "USD"}, "HighBidder": {"UserID": "a***t", "FeedbackPrivate": false, "FeedbackRatingStar": "Red", "FeedbackScore": 1252}, "ListingStatus": "Completed", "QuantitySold": 1, "ShipToLocations": ["US"], "Site": "US", "TimeLeft": "PT0S", "Title": "Fender Classic Series '50s Telecaster  2000 White Blonde", "ItemSpecifics": {"NameValueList": [{"Name": "Brand", "Value": ["Fender"]}, {"Name": "Model Year", "Value": ["2000"]}, {"Name": "Model", "Value": ["Classic Series '50s Telecaster"]}, {"Name": "Right-/ Left-Handed", "Value": ["Right-Handed"]}, {"Name": "Body Type", "Value": ["Classical"]}, {"Name": "MPN", "Value": ["Does Not Apply"]}, {"Name": "Body Color", "Value": ["White Blonde"]}]}, "HitCount": 690, "PrimaryCategoryIDPath": "619:3858:33034", "Country": "US", "ReturnPolicy": {"Refund": "Money Back", "ReturnsWithin": "30 Days", "ReturnsAccepted": "Returns Accepted", "ShippingCostPaidBy": "Buyer"}, "MinimumToBid": {"Value": 390.0, "CurrencyID": "USD"}, "AutoPay": false, "PaymentAllowedSite": [], "IntegratedMerchantCreditCardEnabled": false, "HandlingTime": 3, "ConditionID": 3000, "ConditionDisplayName": "Used", "GlobalShipping": false, "QuantitySoldByPickupInStore": 0, "NewBestOffer": false}