{"BestOfferEnabled": true, "Description": "For sale no hair (strings) found in mini storage. Great condition with a bag. NEED HELP? TALK TO A FENDER SPECIALIST!CALL 1-844-202-0924 (M-F, 8AM-11PM EST)", "ItemID": "192791886164", "EndTime": "2019-01-25T17:30:03.000Z", "StartTime": "2019-01-15T17:30:03.000Z", "ViewItemURLForNaturalSearch": "https://www.ebay.com/itm/Fender-Stratocaster-MZ2-5-6-digits-2002-2003-Black-Maple-neck-/192791886164", "ListingType": "Chinese", "Location": "Lombard, Illinois", "PaymentMethods": ["PayPal"], "GalleryURL": "https://thumbs1.ebaystatic.com/pict/1927918861648080_1.jpg", "PictureURL": ["https://i.ebayimg.com/00/s/MTYwMFgxMTk4/z/ZfMAAOSwHOZcMOfx/$_32.JPG?set_id=880000500F", "https://i.ebayimg.com/00/s/MTIwMFgxNjAw/z/tEMAAOSwDsZcMOgH/$_32.JPG?set_id=880000500F", "https://i.ebayimg.com/00/s/MTIwMFgxNjAw/z/y1sAAOSwTEZcMOgP/$_32.JPG?set_id=880000500F", "https://i.ebayimg.com/00/s/MTIwMFgxNjAw/z/xk8AAOSw4otcMOgU/$_32.JPG?set_id=880000500F", "https://i.ebayimg.com/00/s/MTIwMFgxNjAw/z/wHgAAOSw2hxcMOgZ/$_32.JPG?set_id=880000500F", "https://i.ebayimg.com/00/s/MTIwMFgxNjAw/z/H6gAAOSwtYZcMOgf/$_32.JPG?set_id=880000500F", "https://i.ebayimg.com/00/s/MTIwMFgxNjAw/z/NEEAAOSwsrlcMOgo/$_32.JPG?set_id=880000500F", "https://i.ebayimg.com/00/s/MTIwMFgxNjAw/z/PN0AAOSw9m5cMOgy/$_32.JPG?set_id=880000500F", "https://i.ebayimg.com/00/s/MTIwMFgxNjAw/z/WmgAAOSwF5VcMOg9/$_32.JPG?set_id=880000500F", "https://i.ebayimg.com/00/s/MTIwMFgxNjAw/z/~LQAAOSwqiJcMOhH/$_32.JPG?set_id=880000500F", "https://i.ebayimg.com/00/s/MTIwMFgxNjAw/z/FI8AAOSwieFcMOhT/$_32.JPG?set_id=880000500F", "https://i.ebayimg.com/00/s/MTIwMFgxNjAw/z/h68AAOSwaiBcMOhm/$_32.JPG?set_id=880000500F"], "PostalCode": "60148", "PrimaryCategoryID": "33034", "PrimaryCategoryName": "Musical Instruments & Gear:Guitars & Basses:Electric Guitars", "Quantity": 1, "Seller": {"UserID": "sallielgv", "FeedbackRatingStar": "Blue", "FeedbackScore": 94, "PositiveFeedbackPercent": 100.0}, "BidCount": 5, "ConvertedCurrentPrice": {"Value": 330.0, "CurrencyID": "USD"}, "CurrentPrice": {"Value": 330.0, "CurrencyID": "USD"}, "HighBidder": {"UserID": "l***5", "FeedbackPrivate": false, "FeedbackRatingStar": "None", "FeedbackScore": 0}, "ListingStatus": "Completed", "QuantitySold": 1, "ShipToLocations": ["US", "CA", "GB", "DK", "RO", "SK", "BG", "CZ", "FI", "HU", "LV", "LT", "MT", "EE", "AU", "GR", "PT", "CY", "SI", "JP", "CN", "SE", "KR", "ID", "TW", "TH", "BE", "FR", "HK", "IE", "NL", "PL", "ES", "IT", "DE", "AT", "BS", "IL", "MX", "NZ", "SG", "CH", "NO", "SA", "UA", "AE", "QA", "KW", "BH", "HR", "MY", "CL", "CO", "CR", "PA", "TT", "GT", "HN", "JM", "AG", "AW", "BZ", "DM", "GD", "KN", "LC", "MS", "TC", "BB", "BD", "BM", "BN", "BO", "EG", "GF", "GG", "GI", "GP", "IS", "JE", "JO", "KH", "KY", "LI", "LK", "LU", "MC", "MO", "MQ", "MV", "NI", "OM", "PK", "PY", "RE"], "Site": "US", "TimeLeft": "PT0S", "Title": "\u00a0Fender\u00a0 Stratocaster!\u00a0MZ2 + 5 or 6 digits\t2002-2003 Black Maple neck.", "ItemSpecifics": {"NameValueList": [{"Name": "Body Material", "Value": ["Maple"]}, {"Name": "Brand", "Value": ["Fender"]}, {"Name": "Model Year", "Value": ["2003"]}, {"Name": "String Configuration", "Value": ["6 String"]}, {"Name": "Model", "Value": ["Standard Stratocaster"]}, {"Name": "Style", "Value": ["Stratocaster"]}, {"Name": "Country/Region of Manufacture", "Value": ["Mexico"]}, {"Name": "Body Type", "Value": ["Solid"]}, {"Name": "Dexterity", "Value": ["Right-Handed"]}, {"Name": "Body Color", "Value": ["Gloss Black"]}, {"Name": "MPN", "Value": ["Does Not Apply"]}, {"Name": "Size", "Value": ["Standard"]}]}, "HitCount": 155, "PrimaryCategoryIDPath": "619:3858:33034", "Country": "US", "ReturnPolicy": {"ReturnsAccepted": "ReturnsNotAccepted"}, "MinimumToBid": {"Value": 335.0, "CurrencyID": "USD"}, "AutoPay": false, "PaymentAllowedSite": [], "IntegratedMerchantCreditCardEnabled": false, "HandlingTime": 3, "ConditionID": 3000, "ConditionDisplayName": "Used", "GlobalShipping": true, "QuantitySoldByPickupInStore": 0, "NewBestOffer": false}