{"BestOfferEnabled": false, "Description": "Up for auction is a used Epiphone Sheraton Wine Color 2015 Electric Guitar. Lightly used item in mint condition. HARD CASE INCLUDED! EXTRA DIALS FOR GUITAR ARE ALSO INCLUDED GUITAR STAND IS NOT INCLUDED! A VERY GORGEOUS GUITAR. SEE PICTURES FOR DETAILS! Actual photosWe care for your repeated business. Customer satisfaction is our utmost concern. If you have ANY problems with the transaction or the item you receive, please contact us before opening a case with eBay!!! Opening a case negatively affects our seller rating and we will always do right by our customers if you give us the opportunity!Our #1 concern is that your happy with your purchase, happy with our service, and happy with eBay in general. Please do your research and make sure this item fits your needs. We strive for your positive feedback and 5 star ratings. We simply want your repeated business. Any questions please send us a message through eBay messages.Thank you, best of wishes, and good luck bidding! We look forward to your business.Sorry I can only answer e-mails during business hours9:30 am to 5 pm EST Mon-FridaySorry no weekends", "ItemID": "143091922785", "EndTime": "2019-01-25T18:37:02.000Z", "StartTime": "2019-01-15T18:37:02.000Z", "ViewItemURLForNaturalSearch": "https://www.ebay.com/itm/Epiphone-Sheraton-Wine-Color-2015-Electric-Guitar-NL-/143091922785", "ListingType": "Chinese", "Location": "Groton, Connecticut", "PaymentMethods": ["PayPal"], "GalleryURL": "https://thumbs2.ebaystatic.com/pict/1430919227858080_1.jpg", "PictureURL": ["https://i.ebayimg.com/00/s/MTYwMFgxMTk1/z/JnEAAOSwCWRcC~m1/$_57.JPG?set_id=8800005007", "https://i.ebayimg.com/00/s/MTYwMFgxMTk1/z/WakAAOSw1uVcC~nI/$_57.JPG?set_id=8800005007", "https://i.ebayimg.com/00/s/MTYwMFgxMTk1/z/8boAAOSwTxhcC~nd/$_57.JPG?set_id=8800005007", "https://i.ebayimg.com/00/s/MTYwMFgxMTk1/z/DosAAOSwC8pcC~nw/$_57.JPG?set_id=8800005007", "https://i.ebayimg.com/00/s/MTYwMFgxMTk1/z/HJMAAOSwAbxcC~oE/$_57.JPG?set_id=8800005007", "https://i.ebayimg.com/00/s/MTYwMFgxMTk1/z/bGQAAOSw0xtcC~oi/$_57.JPG?set_id=8800005007", "https://i.ebayimg.com/00/s/MTYwMFgxMTk1/z/sTwAAOSwZ8pcC~o7/$_57.JPG?set_id=8800005007", "https://i.ebayimg.com/00/s/MTYwMFgxMTk1/z/HKgAAOSwDYdcC~pX/$_57.JPG?set_id=8800005007", "https://i.ebayimg.com/00/s/MTYwMFgxMTk1/z/i2UAAOSw6jJcC~p5/$_57.JPG?set_id=8800005007"], "PostalCode": "06340", "PrimaryCategoryID": "33034", "PrimaryCategoryName": "Musical Instruments & Gear:Guitars & Basses:Electric Guitars", "Quantity": 1, "Seller": {"UserID": "ypp2", "FeedbackRatingStar": "YellowShooting", "FeedbackScore": 15774, "PositiveFeedbackPercent": 99.5}, "BidCount": 1, "ConvertedCurrentPrice": {"Value": 499.99, "CurrencyID": "USD"}, "CurrentPrice": {"Value": 499.99, "CurrencyID": "USD"}, "HighBidder": {"UserID": "a***e", "FeedbackPrivate": false, "FeedbackRatingStar": "None", "FeedbackScore": 2}, "ListingStatus": "Completed", "QuantitySold": 1, "ShipToLocations": ["US"], "Site": "US", "TimeLeft": "PT0S", "Title": "Epiphone Sheraton Wine Color 2015 Electric Guitar NL", "ItemSpecifics": {"NameValueList": [{"Name": "UPC", "Value": ["Does Not Apply"]}]}, "HitCount": 58, "PrimaryCategoryIDPath": "619:3858:33034", "Storefront": {"StoreURL": "https://stores.ebay.com/id=6472201", "StoreName": "ypp2"}, "Country": "US", "ReturnPolicy": {"Refund": "Money Back", "ReturnsWithin": "30 Days", "ReturnsAccepted": "Returns Accepted", "ShippingCostPaidBy": "Seller"}, "MinimumToBid": {"Value": 504.99, "CurrencyID": "USD"}, "AutoPay": false, "PaymentAllowedSite": [], "IntegratedMerchantCreditCardEnabled": false, "HandlingTime": 2, "ConditionID": 3000, "ConditionDisplayName": "Used", "ExcludeShipToLocation": ["Africa", "Asia", "Central America and Caribbean", "Europe", "Middle East", "North America", "Oceania", "Southeast Asia", "South America", "PO Box"], "GlobalShipping": false, "ConditionDescription": "Lightly used item in mint condition.", "QuantitySoldByPickupInStore": 0, "NewBestOffer": false}