{"BestOfferEnabled": true, "Description": "Fender Esquire Custom Guitar 2003 Rare. Condition is Used. Shipped with UPS Ground. This is a hard to find Esquire Scorpion model from Fender. It is the sister model to the Showmaster Scorpion model.It features a single humbucker in the bridge and a single volume control.This one is n great shape. It has minor pick marks from being played, but nothing else.It will be shipped in a gig bag. Take a look and feel free to ask any questions.", "ItemID": "173757674398", "EndTime": "2019-01-24T17:40:58.000Z", "StartTime": "2019-01-23T21:39:27.000Z", "ViewItemURLForNaturalSearch": "https://www.ebay.com/itm/Fender-Esquire-Custom-Guitar-2003-Rare-/173757674398", "ListingType": "Chinese", "Location": "Rutland, Vermont", "PaymentMethods": ["PayPal"], "GalleryURL": "https://thumbs3.ebaystatic.com/pict/1737576743988080_1.jpg", "PictureURL": ["https://i.ebayimg.com/00/s/MTYwMFgxMjAw/z/vvUAAOSworNcSN07/$_12.JPG?set_id=880000500F", "https://i.ebayimg.com/00/s/MTYwMFgxMjAw/z/lqcAAOSw1rpcSN1A/$_12.JPG?set_id=880000500F", "https://i.ebayimg.com/00/s/MTYwMFgxMjAw/z/u0AAAOSwg5FcSN1C/$_12.JPG?set_id=880000500F", "https://i.ebayimg.com/00/s/MTYwMFgxMjAw/z/FrEAAOSwQGFcSN1E/$_12.JPG?set_id=880000500F", "https://i.ebayimg.com/00/s/MTYwMFgxMjAw/z/wpgAAOSwuwlcSN1G/$_12.JPG?set_id=880000500F", "https://i.ebayimg.com/00/s/MTYwMFgxMjAw/z/8j0AAOSwwPRcSN1J/$_12.JPG?set_id=880000500F", "https://i.ebayimg.com/00/s/MTYwMFgxMjAw/z/crUAAOSwIndcSN1M/$_12.JPG?set_id=880000500F", "https://i.ebayimg.com/00/s/MTYwMFgxMjAw/z/1K0AAOSwaPpcSN1O/$_12.JPG?set_id=880000500F", "https://i.ebayimg.com/00/s/MTYwMFgxMjAw/z/NSEAAOSwBPRcSN1Q/$_12.JPG?set_id=880000500F", "https://i.ebayimg.com/00/s/MTYwMFgxMjAw/z/CJ0AAOSwD1pcSN1T/$_12.JPG?set_id=880000500F"], "PostalCode": "05701", "PrimaryCategoryID": "33034", "PrimaryCategoryName": "Musical Instruments & Gear:Guitars & Basses:Electric Guitars", "Quantity": 1, "Seller": {"UserID": "music*guitar", "FeedbackRatingStar": "Turquoise", "FeedbackScore": 109, "PositiveFeedbackPercent": 100.0}, "BidCount": 1, "ConvertedCurrentPrice": {"Value": 399.0, "CurrencyID": "USD"}, "CurrentPrice": {"Value": 399.0, "CurrencyID": "USD"}, "HighBidder": {"UserID": "l***o", "FeedbackPrivate": false, "FeedbackRatingStar": "Turquoise", "FeedbackScore": 489}, "ListingStatus": "Completed", "QuantitySold": 1, "ShipToLocations": ["US"], "Site": "US", "TimeLeft": "PT0S", "Title": "Fender Esquire Custom Guitar 2003 Rare", "ItemSpecifics": {"NameValueList": [{"Name": "Brand", "Value": ["Fender"]}, {"Name": "Model Year", "Value": ["2003"]}, {"Name": "Model", "Value": ["Custom"]}]}, "HitCount": 35, "PrimaryCategoryIDPath": "619:3858:33034", "Country": "US", "ReturnPolicy": {"ReturnsAccepted": "ReturnsNotAccepted"}, "MinimumToBid": {"Value": 404.0, "CurrencyID": "USD"}, "AutoPay": false, "PaymentAllowedSite": [], "IntegratedMerchantCreditCardEnabled": false, "HandlingTime": 2, "ConditionID": 3000, "ConditionDisplayName": "Used", "GlobalShipping": false, "QuantitySoldByPickupInStore": 0, "NewBestOffer": false}