{"BestOfferEnabled": true, "Description": "Vintage pink paisley Fender Telecaster Made in Japan. Fantastic condition with just the perfect amount of vintage patina. This guitar sounds and plays like a dream. 1980\u2019s reissue All original. Includes original case in excellent condition.", "ItemID": "192796673791", "EndTime": "2019-01-26T18:54:53.000Z", "StartTime": "2019-01-19T18:54:53.000Z", "ViewItemURLForNaturalSearch": "https://www.ebay.com/itm/Vintage-Fender-Pink-Paisley-Telecaster-Made-Japan-1980-s-Perfect-Patina-/192796673791", "ListingType": "Chinese", "Location": "Los Angeles, California", "PaymentMethods": ["PayPal"], "GalleryURL": "https://thumbs4.ebaystatic.com/pict/1927966737918080_1.jpg", "PictureURL": ["https://i.ebayimg.com/00/s/MTYwMFg3Njg=/z/hXgAAOSwMhVcFUij/$_12.JPG?set_id=880000500F", "https://i.ebayimg.com/00/s/MTYwMFgxMjAw/z/2DcAAOSwYo1cFUjm/$_12.JPG?set_id=880000500F", "https://i.ebayimg.com/00/s/MTYwMFgxMjU2/z/cDsAAOSwmT1cFUiB/$_12.JPG?set_id=880000500F", "https://i.ebayimg.com/00/s/MTYwMFgxMTg0/z/4sgAAOSwuQhcFUh0/$_12.JPG?set_id=880000500F", "https://i.ebayimg.com/00/s/MTYwMFg3NjY=/z/iLcAAOSwwXRcFUiJ/$_12.JPG?set_id=880000500F", "https://i.ebayimg.com/00/s/MTYwMFgxMjAw/z/fSkAAOSwtFxcFUju/$_12.JPG?set_id=880000500F", "https://i.ebayimg.com/00/s/MTYwMFgxMjAw/z/C0UAAOSwx9lcFUjZ/$_12.JPG?set_id=880000500F", "https://i.ebayimg.com/00/s/MTYwMFg2OTQ=/z/x2cAAOSwYTtcFUio/$_12.JPG?set_id=880000500F", "https://i.ebayimg.com/00/s/MTYwMFgxMjAw/z/eU0AAOSw~D5cFUjO/$_12.JPG?set_id=880000500F", "https://i.ebayimg.com/00/s/MTExMFgxNjAw/z/LVsAAOSwaPpcFUi2/$_12.JPG?set_id=880000500F", "https://i.ebayimg.com/00/s/MTYwMFgxMjAw/z/wOQAAOSwI9FcFUjA/$_12.JPG?set_id=880000500F", "https://i.ebayimg.com/00/s/ODUyWDE2MDA=/z/tWgAAOSw0d1cFUic/$_12.JPG?set_id=880000500F"], "PostalCode": "90042", "PrimaryCategoryID": "33034", "PrimaryCategoryName": "Musical Instruments & Gear:Guitars & Basses:Electric Guitars", "Quantity": 1, "Seller": {"UserID": "nikkosaru", "FeedbackRatingStar": "Turquoise", "FeedbackScore": 199, "PositiveFeedbackPercent": 100.0}, "BidCount": 2, "ConvertedCurrentPrice": {"Value": 999.99, "CurrencyID": "USD"}, "CurrentPrice": {"Value": 999.99, "CurrencyID": "USD"}, "HighBidder": {"UserID": "4***e", "FeedbackPrivate": false, "FeedbackRatingStar": "Yellow", "FeedbackScore": 29}, "ListingStatus": "Completed", "QuantitySold": 1, "ShipToLocations": ["US"], "Site": "US", "TimeLeft": "PT0S", "Title": "Vintage Fender Pink Paisley Telecaster Made In Japan 1980\u2019s Perfect Patina!", "ItemSpecifics": {"NameValueList": [{"Name": "Brand", "Value": ["Fender"]}, {"Name": "String Configuration", "Value": ["6 String"]}, {"Name": "Model", "Value": ["Vintage"]}, {"Name": "Country/Region of Manufacture", "Value": ["Japan"]}, {"Name": "Body Color", "Value": ["Pink"]}]}, "HitCount": 113, "PrimaryCategoryIDPath": "619:3858:33034", "Country": "US", "ReturnPolicy": {"ReturnsAccepted": "ReturnsNotAccepted"}, "MinimumToBid": {"Value": 1009.99, "CurrencyID": "USD"}, "AutoPay": false, "PaymentAllowedSite": [], "IntegratedMerchantCreditCardEnabled": false, "HandlingTime": 2, "ConditionID": 3000, "ConditionDisplayName": "Used", "GlobalShipping": false, "QuantitySoldByPickupInStore": 0, "NewBestOffer": false}