{"BestOfferEnabled": false, "Description": "This Stratocaster has the noisless pickups and 'Player Deluxe' wiring. The neck is straight and true, the body has only one small scratch on it, the hardware is in gold and very attractive. This guitar looks good, sounds good and plays like a Fender, plus it comes with a hard case. What's special about the Player Deluxe? The Noisless pickups and the wiring. Wiring explained:When the push/push switch is not engaged, the Deluxe Strat functions thusly:Position 1: Bridge pickup onlyPosition 2: Bridge pickup and middle pickup togetherPosition 3: Middle pickup onlyPosition 4. Middle pickup and neck pickup togetherPosition 5: Neck pickup onlyWhen the push/push switch is engaged, the wiring is as follows:Position 1: Bridge pickup onlyPosition 2: Bridge pickup and middle pickup togetherPosition 3: Middle pickup onlyPosition 4. Bridge pickup, middle pickup and neck pickup togetherPosition 5: Bridge pickup and neck pickupAccording to guitarist Patrick Droney, being able to combine the bridge and neck pickups gives the Deluxe Strat a Telecaster-like sound that many artists crave.\u201cFor a working person on the stage in the studio, to have the option, it\u2019s much better,\u201d he said.With two more pickup combinations on the Deluxe Strat thanks to the push/push mini-switch, this feature is another addition to Fender's ever-growing list of wiring innovations.This guitar is for sale inside the continental US only.", "ItemID": "283342276059", "EndTime": "2019-01-24T12:12:05.000Z", "StartTime": "2019-01-17T12:12:05.000Z", "ViewItemURLForNaturalSearch": "https://www.ebay.com/itm/Fender-Player-Deluxe-Stratocaster-MIM-Case-/283342276059", "ListingType": "Chinese", "Location": "Macomb, Illinois", "PaymentMethods": ["PayPal"], "GalleryURL": "https://thumbs4.ebaystatic.com/pict/2833422760598080_1.jpg", "PictureURL": ["https://i.ebayimg.com/00/s/NjQwWDQ4MA==/z/2P4AAOSwfvtcQGx2/$_57.JPG?set_id=8800005007", "https://i.ebayimg.com/00/s/NjQwWDQ4MA==/z/RygAAOSwd0pcQGx4/$_57.JPG?set_id=8800005007", "https://i.ebayimg.com/00/s/NjQwWDQ4MA==/z/lxMAAOSw7aNcQGx1/$_57.JPG?set_id=8800005007", "https://i.ebayimg.com/00/s/NjQwWDQ4MA==/z/Y9EAAOSwjmRcQGx3/$_57.JPG?set_id=8800005007", "https://i.ebayimg.com/00/s/NjQwWDQ4MA==/z/7IwAAOSw8bpcQGx6/$_57.JPG?set_id=8800005007", "https://i.ebayimg.com/00/s/NDgwWDY0MA==/z/VlwAAOSwPPFcQGx7/$_57.JPG?set_id=8800005007", "https://i.ebayimg.com/00/s/MTUzNlgxNTM2/z/z7gAAOSwWdNcQGx-/$_57.JPG?set_id=8800005007"], "PostalCode": "61455", "PrimaryCategoryID": "33034", "PrimaryCategoryName": "Musical Instruments & Gear:Guitars & Basses:Electric Guitars", "Quantity": 1, "Seller": {"UserID": "fredgold52", "FeedbackRatingStar": "Red", "FeedbackScore": 1212, "PositiveFeedbackPercent": 100.0}, "BidCount": 4, "ConvertedCurrentPrice": {"Value": 442.0, "CurrencyID": "USD"}, "CurrentPrice": {"Value": 442.0, "CurrencyID": "USD"}, "HighBidder": {"UserID": "e***g", "FeedbackPrivate": false, "FeedbackRatingStar": "Blue", "FeedbackScore": 56}, "ListingStatus": "Completed", "QuantitySold": 1, "ShipToLocations": ["US"], "Site": "US", "TimeLeft": "PT0S", "Title": "Fender Player Deluxe Stratocaster, MIM, with Case", "ItemSpecifics": {"NameValueList": [{"Name": "Body Material", "Value": ["Ash"]}]}, "HitCount": 325, "PrimaryCategoryIDPath": "619:3858:33034", "Country": "US", "ReturnPolicy": {"ReturnsAccepted": "ReturnsNotAccepted", "InternationalReturnsAccepted": "ReturnsNotAccepted"}, "MinimumToBid": {"Value": 447.0, "CurrencyID": "USD"}, "AutoPay": true, "PaymentAllowedSite": [], "IntegratedMerchantCreditCardEnabled": false, "HandlingTime": 1, "ConditionID": 3000, "ConditionDisplayName": "Used", "GlobalShipping": false, "ConditionDescription": "Guitar is in very good condition.  Not used hard at all.", "QuantitySoldByPickupInStore": 0, "NewBestOffer": false}