{"BestOfferEnabled": false, "Description": "A beautiful Dragon inlay electric guitar. Made by famous artist Antonio Tsai. Please see pictures.", "ItemID": "352570851734", "EndTime": "2019-01-24T04:02:02.000Z", "StartTime": "2019-01-17T04:02:02.000Z", "ViewItemURLForNaturalSearch": "https://www.ebay.com/itm/Antonio-Tsai-Abalone-Inlay-Electric-Guitar-Antoniotsai-/352570851734", "ListingType": "Chinese", "Location": "Las Vegas, Nevada", "PaymentMethods": ["PayPal"], "GalleryURL": "https://thumbs3.ebaystatic.com/pict/3525708517348080_1.jpg", "PictureURL": ["https://i.ebayimg.com/00/s/OTg0WDE1MDA=/z/sJwAAOSwkDtcP~1o/$_57.JPG?set_id=8800005007", "https://i.ebayimg.com/00/s/MTE3MFgxNTAw/z/Ji8AAOSw4ntcP~1t/$_57.JPG?set_id=8800005007", "https://i.ebayimg.com/00/s/MTA2OFgxNTAw/z/uzcAAOSwxHlcP~1x/$_57.JPG?set_id=8800005007", "https://i.ebayimg.com/00/s/MTAwOVgxNTAw/z/Y2AAAOSw~8JcP~10/$_57.JPG?set_id=8800005007", "https://i.ebayimg.com/00/s/OTMwWDE1MDA=/z/3bUAAOSwlt9cP~15/$_57.JPG?set_id=8800005007", "https://i.ebayimg.com/00/s/MTIyMFgxNTAw/z/HucAAOSw851cP~2A/$_57.JPG?set_id=8800005007"], "PostalCode": "89117", "PrimaryCategoryID": "33034", "PrimaryCategoryName": "Musical Instruments & Gear:Guitars & Basses:Electric Guitars", "Quantity": 1, "Seller": {"UserID": "peter.j.", "FeedbackRatingStar": "YellowShooting", "FeedbackScore": 13310, "PositiveFeedbackPercent": 100.0}, "BidCount": 1, "ConvertedCurrentPrice": {"Value": 275.0, "CurrencyID": "USD"}, "CurrentPrice": {"Value": 275.0, "CurrencyID": "USD"}, "HighBidder": {"UserID": "e***e", "FeedbackPrivate": false, "FeedbackRatingStar": "Purple", "FeedbackScore": 708}, "ListingStatus": "Completed", "QuantitySold": 1, "ShipToLocations": ["US", "CA", "GB", "DK", "RO", "SK", "BG", "CZ", "FI", "HU", "LV", "LT", "MT", "EE", "AU", "GR", "PT", "CY", "SI", "JP", "CN", "SE", "KR", "ID", "TW", "TH", "BE", "FR", "HK", "IE", "NL", "PL", "ES", "IT", "DE", "AT", "BS", "IL", "MX", "NZ", "SG", "CH", "NO", "SA", "UA", "AE", "QA", "KW", "BH", "HR", "MY", "CL", "CO", "CR", "PA", "TT", "GT", "HN", "JM", "AG", "AW", "BZ", "DM", "GD", "KN", "LC", "MS", "TC", "BB", "BD", "BM", "BN", "BO", "EG", "GF", "GG", "GI", "GP", "IS", "JE", "JO", "KH", "KY", "LI", "LK", "LU", "MC", "MO", "MQ", "MV", "NI", "OM", "PK", "PY", "RE"], "Site": "US", "TimeLeft": "PT0S", "Title": "Antonio Tsai Abalone Inlay Electric Guitar  Antoniotsai", "ItemSpecifics": {"NameValueList": [{"Name": "Brand", "Value": ["Antonio Tsai"]}, {"Name": "MPN", "Value": ["Does Not Apply"]}, {"Name": "String Configuration", "Value": ["6 String"]}, {"Name": "Size", "Value": ["Full Size"]}]}, "HitCount": 100, "PrimaryCategoryIDPath": "619:3858:33034", "Country": "US", "ReturnPolicy": {"ReturnsAccepted": "ReturnsNotAccepted", "InternationalReturnsAccepted": "ReturnsNotAccepted"}, "MinimumToBid": {"Value": 280.0, "CurrencyID": "USD"}, "AutoPay": false, "PaymentAllowedSite": [], "IntegratedMerchantCreditCardEnabled": false, "HandlingTime": 1, "ConditionID": 3000, "ConditionDisplayName": "Used", "GlobalShipping": true, "ConditionDescription": "Excellent Condition", "QuantitySoldByPickupInStore": 0, "NewBestOffer": false}