{"BestOfferEnabled": false, "Description": "In an effort to \"thin the herd\", up for auction is my Fender Standard Stratocaster HSS made in Mexico.It is a 2007 model and has been well maintained. The guitar for it's age is in good shape. One odd thing isWhen I received it the factory had installed two volume knobs and one tone knob. The guitar only has one volume control and I think this one slipped past the QC department. I thought it was interesting so I left it there.I have owned this guitar since new and has been an in-home only guitar. Always stored in a smoke-free home. Please review the photographs before bidding as they are a key part of the description. Some of the features;Maple neck and fret-board25.5 scale neckNeck pickup; single coilMiddle pickup ; single coilBridge pickup ; HumbuckerSunburst finishOne volume controlTwo tone controlsTwo volume knobsOne tone knob As with any electric guitar, it will need to be setup to your preferred playing style as everyone has their own comfort zone. This auction is for the lower 48 states in the United States only. As a used guitar it is being sold \"as is\" with no returns. Again, please review the photographs as a key part of the description before bidding. Item will be shipped within 48 hours after payment baring Sundays and federal holidays. Any bidders with less then ten feedback or excessive negative feedback will need to contact me before bidding. Thank you.", "ItemID": "333019341138", "EndTime": "2019-01-24T04:56:26.000Z", "StartTime": "2019-01-17T04:56:26.000Z", "ViewItemURLForNaturalSearch": "https://www.ebay.com/itm/Fender-Standard-Stratocaster-HSS-MIM-Used-Electric-Guitar-/333019341138", "ListingType": "Chinese", "Location": "Sayreville, New Jersey", "PaymentMethods": ["PayPal"], "GalleryURL": "https://thumbs3.ebaystatic.com/pict/3330193411388080_1.jpg", "PictureURL": ["https://i.ebayimg.com/00/s/MTYwMFgxMjAw/z/C5YAAOSw87JcQAko/$_57.JPG?set_id=8800005007", "https://i.ebayimg.com/00/s/MTYwMFgxMjAw/z/MmkAAOSworNcQAkr/$_57.JPG?set_id=8800005007", "https://i.ebayimg.com/00/s/MTYwMFgxMjAw/z/wFoAAOSwcXhcQAkt/$_57.JPG?set_id=8800005007", "https://i.ebayimg.com/00/s/MTYwMFgxMjAw/z/A0oAAOSw27lcQAkv/$_57.JPG?set_id=8800005007", "https://i.ebayimg.com/00/s/MTIwMFgxNjAw/z/2K8AAOSwt0dcQAky/$_57.JPG?set_id=8800005007", "https://i.ebayimg.com/00/s/MTYwMFgxMjAw/z/SoIAAOSwnBhcQAk0/$_57.JPG?set_id=8800005007", "https://i.ebayimg.com/00/s/MTIwMFgxNjAw/z/EtIAAOSwXepcQAk1/$_57.JPG?set_id=8800005007", "https://i.ebayimg.com/00/s/MTIwMFgxNjAw/z/7BoAAOSwsO5cQAk3/$_57.JPG?set_id=8800005007", "https://i.ebayimg.com/00/s/MTIwMFgxNjAw/z/bnAAAOSwZNtcQAk5/$_57.JPG?set_id=8800005007", "https://i.ebayimg.com/00/s/MTIwMFgxNjAw/z/SosAAOSwnBhcQAk-/$_57.JPG?set_id=8800005007", "https://i.ebayimg.com/00/s/MTIwMFgxNjAw/z/EaIAAOSwfTlcQAlB/$_57.JPG?set_id=8800005007"], "PostalCode": "08872", "PrimaryCategoryID": "33034", "PrimaryCategoryName": "Musical Instruments & Gear:Guitars & Basses:Electric Guitars", "Quantity": 1, "Seller": {"UserID": "panther289", "FeedbackRatingStar": "Turquoise", "FeedbackScore": 423, "PositiveFeedbackPercent": 100.0}, "BidCount": 16, "ConvertedCurrentPrice": {"Value": 345.0, "CurrencyID": "USD"}, "CurrentPrice": {"Value": 345.0, "CurrencyID": "USD"}, "HighBidder": {"UserID": "n***t", "FeedbackPrivate": false, "FeedbackRatingStar": "Turquoise", "FeedbackScore": 384}, "ListingStatus": "Completed", "QuantitySold": 1, "ShipToLocations": ["US"], "Site": "US", "TimeLeft": "PT0S", "Title": "Fender Standard Stratocaster HSS MIM Used Electric Guitar", "ItemSpecifics": {"NameValueList": [{"Name": "Brand", "Value": ["Fender"]}, {"Name": "Body Type", "Value": ["Solid"]}, {"Name": "Model", "Value": ["Stratocaster HSS"]}, {"Name": "Body Color", "Value": ["Multicolor"]}, {"Name": "String Configuration", "Value": ["6 String"]}, {"Name": "Right-/ Left-Handed", "Value": ["Right-Handed"]}, {"Name": "Model Year", "Value": ["2007"]}]}, "HitCount": 704, "PrimaryCategoryIDPath": "619:3858:33034", "Country": "US", "ReturnPolicy": {"ReturnsAccepted": "ReturnsNotAccepted", "InternationalReturnsAccepted": "ReturnsNotAccepted"}, "MinimumToBid": {"Value": 350.0, "CurrencyID": "USD"}, "AutoPay": true, "PaymentAllowedSite": [], "IntegratedMerchantCreditCardEnabled": false, "HandlingTime": 3, "ConditionID": 3000, "ConditionDisplayName": "Used", "GlobalShipping": false, "QuantitySoldByPickupInStore": 0, "NewBestOffer": false}