{"BestOfferEnabled": false, "Description": "Guitar Used ESPLTD JH.2 James Hetdfield \"84 of 200\". Condition is Used. Buyer pays shipping about $200. and most for insurance. With Certificate of Authenticity. Has Hard shell case. Near Mint condition. James Hetfield it is \"84 out of 200\" made. US sales only.", "ItemID": "143103991519", "EndTime": "2019-01-25T19:07:59.000Z", "StartTime": "2019-01-25T18:59:02.000Z", "ViewItemURLForNaturalSearch": "https://www.ebay.com/itm/Guitar-Used-ESPLTD-JH-2-James-Hetdfield-84-200-/143103991519", "ListingType": "Chinese", "Location": "Deary, Idaho", "PaymentMethods": ["PayPal"], "GalleryURL": "https://thumbs4.ebaystatic.com/pict/1431039915198080_1.jpg", "PictureURL": ["https://i.ebayimg.com/00/s/MTIwMFgxNjAw/z/nwoAAOSwaVRcS1rx/$_32.JPG?set_id=880000500F", "https://i.ebayimg.com/00/s/MTIwMFgxNjAw/z/jmUAAOSwjW9cS1r4/$_32.JPG?set_id=880000500F", "https://i.ebayimg.com/00/s/MTIwMFgxNjAw/z/jX8AAOSwH2RcS1sC/$_32.JPG?set_id=880000500F", "https://i.ebayimg.com/00/s/MTIwMFgxNjAw/z/4-AAAOSwl1lcS1sJ/$_32.JPG?set_id=880000500F", "https://i.ebayimg.com/00/s/MTIwMFgxNjAw/z/k1YAAOSwCmFcS1sT/$_32.JPG?set_id=880000500F", "https://i.ebayimg.com/00/s/MTIwMFgxNjAw/z/qfcAAOSwmMNcS1sa/$_32.JPG?set_id=880000500F", "https://i.ebayimg.com/00/s/MTIwMFgxNjAw/z/hz0AAOSwFFVcS1sk/$_32.JPG?set_id=880000500F"], "PostalCode": "83823", "PrimaryCategoryID": "33034", "PrimaryCategoryName": "Musical Instruments & Gear:Guitars & Basses:Electric Guitars", "Quantity": 1, "Seller": {"UserID": "lindgran-6", "FeedbackRatingStar": "Turquoise", "FeedbackScore": 412, "PositiveFeedbackPercent": 100.0}, "BidCount": 1, "ConvertedCurrentPrice": {"Value": 3900.0, "CurrencyID": "USD"}, "CurrentPrice": {"Value": 3900.0, "CurrencyID": "USD"}, "HighBidder": {"UserID": "e***a", "FeedbackPrivate": false, "FeedbackRatingStar": "Turquoise", "FeedbackScore": 113}, "ListingStatus": "Completed", "QuantitySold": 1, "ShipToLocations": ["US"], "Site": "US", "TimeLeft": "PT0S", "Title": "Guitar Used ESPLTD JH.2 James Hetdfield \"84 of 200\"", "ItemSpecifics": {"NameValueList": [{"Name": "Brand", "Value": ["ESP"]}, {"Name": "String Configuration", "Value": ["6 String"]}, {"Name": "Model", "Value": ["ESP LTD JH.2"]}, {"Name": "Body Color", "Value": ["Black"]}]}, "HitCount": 2, "PrimaryCategoryIDPath": "619:3858:33034", "Country": "US", "ReturnPolicy": {"Refund": "Money Back", "ReturnsWithin": "30 Days", "ReturnsAccepted": "Returns Accepted", "ShippingCostPaidBy": "Buyer"}, "MinimumToBid": {"Value": 3950.0, "CurrencyID": "USD"}, "AutoPay": false, "PaymentAllowedSite": [], "IntegratedMerchantCreditCardEnabled": false, "HandlingTime": 3, "ConditionID": 3000, "ConditionDisplayName": "Used", "GlobalShipping": false, "QuantitySoldByPickupInStore": 0, "NewBestOffer": false}