{"BestOfferEnabled": false, "Description": "Ibanez Musician MC200. Very good condition. Works and plays well. It is a forty year old guitar. I have 10 gauge DiAddario strings on it. Mostly stayed in my studio. Please see photos, AUCTION WILL END IN SEVEN DAYS THEN ITEM WILL BE REMOVED AND LISTING ENDED", "ItemID": "183639911635", "EndTime": "2019-01-24T02:49:21.000Z", "StartTime": "2019-01-17T02:49:21.000Z", "ViewItemURLForNaturalSearch": "https://www.ebay.com/itm/Ibanez-Musician-MC200-/183639911635", "ListingType": "Chinese", "Location": "Corning, New York", "PaymentMethods": ["PayPal"], "GalleryURL": "https://thumbs4.ebaystatic.com/pict/1836399116358080_1.jpg", "PictureURL": ["https://i.ebayimg.com/00/s/MTYwMFgxMjAw/z/p-QAAOSwy3JcP-ua/$_12.JPG?set_id=880000500F", "https://i.ebayimg.com/00/s/MTYwMFgxMjAw/z/j4QAAOSwRZlcP-ud/$_12.JPG?set_id=880000500F", "https://i.ebayimg.com/00/s/MTYwMFgxMjAw/z/luAAAOSwxLFcP-uf/$_12.JPG?set_id=880000500F", "https://i.ebayimg.com/00/s/MTYwMFgxMjAw/z/hHYAAOSwgotcP-ui/$_12.JPG?set_id=880000500F", "https://i.ebayimg.com/00/s/MTYwMFgxMjAw/z/GUEAAOSw8kRcP-ul/$_12.JPG?set_id=880000500F", "https://i.ebayimg.com/00/s/MTIwMFgxNjAw/z/~kIAAOSwrAFcP-up/$_12.JPG?set_id=880000500F", "https://i.ebayimg.com/00/s/MTYwMFgxMjAw/z/0GcAAOSwsO5cP-ur/$_12.JPG?set_id=880000500F", "https://i.ebayimg.com/00/s/MTYwMFgxMjAw/z/gwQAAOSwNphcP-uu/$_12.JPG?set_id=880000500F", "https://i.ebayimg.com/00/s/MTIwMFgxNjAw/z/H-wAAOSwLnRcP-uw/$_12.JPG?set_id=880000500F", "https://i.ebayimg.com/00/s/MTIwMFgxNjAw/z/pMYAAOSwCXxcP-uz/$_12.JPG?set_id=880000500F", "https://i.ebayimg.com/00/s/MTYwMFgxMjAw/z/Er0AAOSwl7dcP-u1/$_12.JPG?set_id=880000500F"], "PostalCode": "14830", "PrimaryCategoryID": "33034", "PrimaryCategoryName": "Musical Instruments & Gear:Guitars & Basses:Electric Guitars", "Quantity": 1, "Seller": {"UserID": "lorevina_0", "FeedbackRatingStar": "Turquoise", "FeedbackScore": 212, "PositiveFeedbackPercent": 100.0}, "BidCount": 2, "ConvertedCurrentPrice": {"Value": 690.0, "CurrencyID": "USD"}, "CurrentPrice": {"Value": 690.0, "CurrencyID": "USD"}, "HighBidder": {"UserID": "l***e", "FeedbackPrivate": false, "FeedbackRatingStar": "Blue", "FeedbackScore": 71}, "ListingStatus": "Completed", "QuantitySold": 1, "ShipToLocations": ["US"], "Site": "US", "TimeLeft": "PT0S", "Title": "Ibanez Musician MC200", "ItemSpecifics": {"NameValueList": [{"Name": "Brand", "Value": ["Ibanez"]}]}, "HitCount": 182, "PrimaryCategoryIDPath": "619:3858:33034", "Country": "US", "ReturnPolicy": {"ReturnsAccepted": "ReturnsNotAccepted"}, "MinimumToBid": {"Value": 700.0, "CurrencyID": "USD"}, "AutoPay": false, "PaymentAllowedSite": [], "IntegratedMerchantCreditCardEnabled": false, "HandlingTime": 3, "ConditionID": 3000, "ConditionDisplayName": "Used", "GlobalShipping": false, "QuantitySoldByPickupInStore": 0, "NewBestOffer": false}