{"BestOfferEnabled": true, "Description": "I am \"thinning the herd\" A vintage and beautiful all original, with original case, Gibson L5-S. Plays and sounds great. Low Impedance pick-ups helps to create many different sounds", "ItemID": "113570321062", "EndTime": "2019-01-25T04:00:57.000Z", "StartTime": "2019-01-18T04:00:57.000Z", "ViewItemURLForNaturalSearch": "https://www.ebay.com/itm/1975-Gibson-L5-S-Cherry-Sunburst-very-good-condition-all-original-/113570321062", "ListingType": "Chinese", "Location": "State College, Pennsylvania", "PaymentMethods": ["PayPal"], "GalleryURL": "https://thumbs3.ebaystatic.com/pict/1135703210628080_1.jpg", "PictureURL": ["https://i.ebayimg.com/00/s/MTIwMFgxNjAw/z/RJIAAOSw~VBcHFvS/$_32.JPG?set_id=880000500F", "https://i.ebayimg.com/00/s/MTIwMFgxNjAw/z/6IkAAOSwV0VcHFvR/$_32.JPG?set_id=880000500F", "https://i.ebayimg.com/00/s/MTYwMFgxMjAw/z/Wa4AAOSwaSVcHFvR/$_32.JPG?set_id=880000500F", "https://i.ebayimg.com/00/s/MTIwMFgxNjAw/z/js0AAOSwI9FcHFvV/$_32.JPG?set_id=880000500F", "https://i.ebayimg.com/00/s/MTYwMFgxMjAw/z/yvcAAOSwxO9cHFvV/$_32.JPG?set_id=880000500F", "https://i.ebayimg.com/00/s/MTIwMFgxNjAw/z/nH8AAOSwP8dcHFvV/$_32.JPG?set_id=880000500F", "https://i.ebayimg.com/00/s/MTIwMFgxNjAw/z/SsoAAOSwADxcHFvU/$_32.JPG?set_id=880000500F", "https://i.ebayimg.com/00/s/MTIwMFgxNjAw/z/G-QAAOSwNqRcHFvR/$_32.JPG?set_id=880000500F", "https://i.ebayimg.com/00/s/MTIwMFgxNjAw/z/BBgAAOSwsDZcHFvR/$_32.JPG?set_id=880000500F", "https://i.ebayimg.com/00/s/MTIwMFgxNjAw/z/H7wAAOSwa~FcHFvR/$_32.JPG?set_id=880000500F", "https://i.ebayimg.com/00/s/MTIwMFgxNjAw/z/RAMAAOSwl5JcHFvV/$_32.JPG?set_id=880000500F"], "PostalCode": "16801", "PrimaryCategoryID": "33034", "PrimaryCategoryName": "Musical Instruments & Gear:Guitars & Basses:Electric Guitars", "Quantity": 1, "Seller": {"UserID": "twoknuckles", "FeedbackRatingStar": "Turquoise", "FeedbackScore": 422, "PositiveFeedbackPercent": 100.0}, "BidCount": 1, "ConvertedCurrentPrice": {"Value": 3800.0, "CurrencyID": "USD"}, "CurrentPrice": {"Value": 3800.0, "CurrencyID": "USD"}, "HighBidder": {"UserID": "0***a", "FeedbackPrivate": false, "FeedbackRatingStar": "None", "FeedbackScore": 1}, "ListingStatus": "Completed", "QuantitySold": 1, "ShipToLocations": ["US"], "Site": "US", "TimeLeft": "PT0S", "Title": "1975 Gibson L5-S Cherry Sunburst, very good condition, all original", "ItemSpecifics": {"NameValueList": [{"Name": "Brand", "Value": ["Gibson"]}, {"Name": "String Configuration", "Value": ["6 String"]}, {"Name": "Model", "Value": ["L-5 CES"]}, {"Name": "Right-/ Left-Handed", "Value": ["Right-Handed"]}, {"Name": "Country/Region of Manufacture", "Value": ["United States"]}, {"Name": "Body Type", "Value": ["Solid"]}, {"Name": "Body Color", "Value": ["Multicolor"]}, {"Name": "MPN", "Value": ["Does Not Apply"]}]}, "HitCount": 208, "PrimaryCategoryIDPath": "619:3858:33034", "Country": "US", "ReturnPolicy": {"Refund": "Money Back", "ReturnsWithin": "14 Days", "ReturnsAccepted": "Returns Accepted", "ShippingCostPaidBy": "Buyer"}, "MinimumToBid": {"Value": 3850.0, "CurrencyID": "USD"}, "AutoPay": false, "PaymentAllowedSite": [], "IntegratedMerchantCreditCardEnabled": false, "HandlingTime": 3, "ConditionID": 3000, "ConditionDisplayName": "Used", "GlobalShipping": false, "QuantitySoldByPickupInStore": 0, "NewBestOffer": false}