{"BestOfferEnabled": false, "Description": "GIBSON Ace Frehley KISS Electric Guitar and silver KISS strap, six (6) string. Condition is Used. No case but does have stand. Please ask questions and I'll try to answer. Shipped with USPS Retail Ground.", "ItemID": "264161975688", "EndTime": "2019-01-24T20:07:07.000Z", "StartTime": "2019-01-24T19:42:43.000Z", "ViewItemURLForNaturalSearch": "https://www.ebay.com/itm/Rare-GIBSON-Les-Paul-Ace-Frehley-KISS-Electric-Guitar-and-silver-KISS-strap-/264161975688", "ListingType": "Chinese", "Location": "Terre Haute, Indiana", "PaymentMethods": ["PayPal"], "GalleryURL": "https://thumbs1.ebaystatic.com/pict/2641619756888080_1.jpg", "PictureURL": ["https://i.ebayimg.com/00/s/MTYwMFg3Nzg=/z/AS8AAOSwcXhcShJq/$_12.JPG?set_id=880000500F", "https://i.ebayimg.com/00/s/MTYwMFg3Nzg=/z/GGwAAOSw0TBcShJ6/$_12.JPG?set_id=880000500F", "https://i.ebayimg.com/00/s/MTYwMFg3Nzg=/z/QeQAAOSwRWZcShKG/$_12.JPG?set_id=880000500F", "https://i.ebayimg.com/00/s/MTYwMFg3Nzg=/z/IaAAAOSwIbtcShKZ/$_12.JPG?set_id=880000500F", "https://i.ebayimg.com/00/s/MTYwMFg3Nzg=/z/aMIAAOSw0YlcShKj/$_12.JPG?set_id=880000500F", "https://i.ebayimg.com/00/s/MTU5OVgxMDEy/z/jNsAAOSw5tNcShLH/$_12.JPG?set_id=880000500F", "https://i.ebayimg.com/00/s/MTYwMFg3Nzg=/z/PfYAAOSwSfJcShPZ/$_12.JPG?set_id=880000500F"], "PostalCode": "47802", "PrimaryCategoryID": "33034", "PrimaryCategoryName": "Musical Instruments & Gear:Guitars & Basses:Electric Guitars", "Quantity": 1, "Seller": {"UserID": "queen.annes.lace", "FeedbackRatingStar": "Turquoise", "FeedbackScore": 458, "PositiveFeedbackPercent": 100.0}, "BidCount": 1, "ConvertedCurrentPrice": {"Value": 975.0, "CurrencyID": "USD"}, "CurrentPrice": {"Value": 975.0, "CurrencyID": "USD"}, "HighBidder": {"UserID": "s***s", "FeedbackPrivate": false, "FeedbackRatingStar": "Red", "FeedbackScore": 1635}, "ListingStatus": "Completed", "QuantitySold": 1, "ShipToLocations": ["US", "CA", "GB", "DK", "RO", "SK", "BG", "CZ", "FI", "HU", "LV", "LT", "MT", "EE", "AU", "GR", "PT", "CY", "SI", "JP", "CN", "SE", "KR", "ID", "TW", "TH", "BE", "FR", "HK", "IE", "NL", "PL", "ES", "IT", "DE", "AT", "BS", "IL", "MX", "NZ", "SG", "CH", "NO", "SA", "UA", "AE", "QA", "KW", "BH", "HR", "MY", "CL", "CO", "CR", "PA", "TT", "GT", "HN", "JM", "AG", "AW", "BZ", "DM", "GD", "KN", "LC", "MS", "TC", "BB", "BD", "BM", "BN", "BO", "EG", "GF", "GG", "GI", "GP", "IS", "JE", "JO", "KH", "KY", "LI", "LK", "LU", "MC", "MO", "MQ", "MV", "NI", "OM", "PK", "PY", "RE"], "Site": "US", "TimeLeft": "PT0S", "Title": "Rare GIBSON Les Paul Ace Frehley KISS Electric Guitar and silver KISS strap ", "ItemSpecifics": {"NameValueList": [{"Name": "Brand", "Value": ["Gibson"]}, {"Name": "Product Line", "Value": ["Gibson Les Paul"]}, {"Name": "String Configuration", "Value": ["6 String"]}, {"Name": "Body Color", "Value": ["Black"]}, {"Name": "MPN", "Value": ["Does Not Apply"]}, {"Name": "Features", "Value": ["Volume Knob", "With Pickup"]}]}, "HitCount": 17, "PrimaryCategoryIDPath": "619:3858:33034", "Country": "US", "ReturnPolicy": {"ReturnsAccepted": "ReturnsNotAccepted"}, "MinimumToBid": {"Value": 985.0, "CurrencyID": "USD"}, "AutoPay": true, "PaymentAllowedSite": [], "IntegratedMerchantCreditCardEnabled": false, "HandlingTime": 3, "ConditionID": 3000, "ConditionDisplayName": "Used", "GlobalShipping": true, "QuantitySoldByPickupInStore": 0, "NewBestOffer": false}