{"BestOfferEnabled": true, "Description": "Gibson Custom Shop Les Paul Axcess Electric Guitar Iced Tea Burst w/ Floyd Rose. Condition is Used. Shipped with USPS Parcel Select Ground.", "ItemID": "123608899539", "EndTime": "2019-01-24T15:00:12.000Z", "StartTime": "2019-01-23T15:00:12.000Z", "ViewItemURLForNaturalSearch": "https://www.ebay.com/itm/Gibson-Custom-Shop-Les-Paul-Axcess-2008-Guitar-Iced-Tea-Burst-w-Floyd-Rose-/123608899539", "ListingType": "Chinese", "Location": "Phoenix, Arizona", "PaymentMethods": ["PayPal"], "GalleryURL": "https://thumbs4.ebaystatic.com/pict/1236088995398080_1.jpg", "PictureURL": ["https://i.ebayimg.com/00/s/MTIzNFg2MTI=/z/6z4AAOSwiqBcQ0bi/$_12.JPG?set_id=880000500F", "https://i.ebayimg.com/00/s/MTYwMFgxMjAw/z/8sIAAOSwFAtcQ0bG/$_12.JPG?set_id=880000500F", "https://i.ebayimg.com/00/s/MTYwMFgxMjAw/z/9gkAAOSwr7ZcQ0bJ/$_12.JPG?set_id=880000500F", "https://i.ebayimg.com/00/s/MTYwMFgxMjAw/z/maMAAOSw3K1cQ0bP/$_12.JPG?set_id=880000500F", "https://i.ebayimg.com/00/s/MTYwMFgxMjAw/z/FSYAAOSwtaBcQ0bS/$_12.JPG?set_id=880000500F", "https://i.ebayimg.com/00/s/MTIwMFgxNjAw/z/eOEAAOSwRzZcQ0bo/$_12.JPG?set_id=880000500F", "https://i.ebayimg.com/00/s/MTIwMFgxNjAw/z/1OsAAOSwcdBcQ0b1/$_12.JPG?set_id=880000500F", "https://i.ebayimg.com/00/s/MTYwMFgxMjAw/z/3FcAAOSwKphcQ0be/$_12.JPG?set_id=880000500F"], "PostalCode": "85007", "PrimaryCategoryID": "33034", "PrimaryCategoryName": "Musical Instruments & Gear:Guitars & Basses:Electric Guitars", "Quantity": 1, "Seller": {"UserID": "kennys12340", "FeedbackRatingStar": "Turquoise", "FeedbackScore": 444, "PositiveFeedbackPercent": 100.0}, "BidCount": 9, "ConvertedCurrentPrice": {"Value": 2026.0, "CurrencyID": "USD"}, "CurrentPrice": {"Value": 2026.0, "CurrencyID": "USD"}, "HighBidder": {"UserID": "g***u", "FeedbackPrivate": false, "FeedbackRatingStar": "None", "FeedbackScore": 4}, "ListingStatus": "Completed", "QuantitySold": 1, "ShipToLocations": ["US"], "Site": "US", "TimeLeft": "PT0S", "Title": "Gibson Custom Shop Les Paul  Axcess 2008 Guitar Iced Tea Burst w/ Floyd Rose", "ItemSpecifics": {"NameValueList": [{"Name": "Product Line", "Value": ["Gibson Les Paul"]}, {"Name": "Brand", "Value": ["Gibson"]}, {"Name": "Model Year", "Value": ["2008"]}, {"Name": "String Configuration", "Value": ["6 String"]}, {"Name": "Model", "Value": ["Custom Shop Les Paul Axcess"]}, {"Name": "Type", "Value": ["Electric Guitar"]}, {"Name": "Country/Region of Manufacture", "Value": ["United States"]}, {"Name": "Body Color", "Value": ["Iced Tea Burst"]}, {"Name": "MPN", "Value": ["Does Not Apply"]}, {"Name": "Dexterity", "Value": ["Right-Handed"]}]}, "HitCount": 229, "PrimaryCategoryIDPath": "619:3858:33034", "Country": "US", "ReturnPolicy": {"ReturnsAccepted": "ReturnsNotAccepted"}, "MinimumToBid": {"Value": 2051.0, "CurrencyID": "USD"}, "AutoPay": false, "PaymentAllowedSite": [], "IntegratedMerchantCreditCardEnabled": false, "HandlingTime": 3, "ConditionID": 3000, "ConditionDisplayName": "Used", "GlobalShipping": false, "QuantitySoldByPickupInStore": 0, "NewBestOffer": false}