{"BestOfferEnabled": true, "Description": "Gibson Les Paul studio with EMG 81 and 85 active pickups. The guitar is in outstanding condition with no blemishes, sounds great. All pots work perfectly, no fret buzz. Gibson hardshell case is in same excellent condition. Comes with a strap and dunlop strap locks.", "ItemID": "254093291269", "EndTime": "2019-01-26T19:45:52.000Z", "StartTime": "2019-01-24T13:36:22.000Z", "ViewItemURLForNaturalSearch": "https://www.ebay.com/itm/Gibson-Les-Paul-Studio-Gibson-Hard-Shell-Case-/254093291269", "ListingType": "Chinese", "Location": "Conway, Arkansas", "PaymentMethods": ["PayPal"], "GalleryURL": "https://thumbs2.ebaystatic.com/pict/2540932912698080_1.jpg", "PictureURL": ["https://i.ebayimg.com/00/s/NjAwWDQ1MA==/z/VhwAAOSwkDtcLg6I/$_32.JPG?set_id=880000500F", "https://i.ebayimg.com/00/s/NjAwWDQ1MA==/z/1VAAAOSwEUdcLg6K/$_32.JPG?set_id=880000500F", "https://i.ebayimg.com/00/s/NjAwWDQ1MA==/z/FBkAAOSwXGRcLg6P/$_32.JPG?set_id=880000500F", "https://i.ebayimg.com/00/s/NjAwWDQ1MA==/z/sXwAAOSwxDJcLg6R/$_32.JPG?set_id=880000500F", "https://i.ebayimg.com/00/s/NjAwWDQ1MA==/z/jU0AAOSwAx9cLg6U/$_32.JPG?set_id=880000500F", "https://i.ebayimg.com/00/s/NjAwWDQ1MA==/z/i-oAAOSwqjhcLg6W/$_32.JPG?set_id=880000500F", "https://i.ebayimg.com/00/s/NjAwWDQ1MA==/z/r74AAOSwhEhcLg6a/$_32.JPG?set_id=880000500F", "https://i.ebayimg.com/00/s/NTQwWDcyMA==/z/GOoAAOSwXc9cLg6c/$_32.JPG?set_id=880000500F", "https://i.ebayimg.com/00/s/NTQwWDcyMA==/z/84QAAOSw~8JcLg6e/$_32.JPG?set_id=880000500F"], "PostalCode": "72034", "PrimaryCategoryID": "33034", "PrimaryCategoryName": "Musical Instruments & Gear:Guitars & Basses:Electric Guitars", "Quantity": 1, "Seller": {"UserID": "wkmk1605", "FeedbackRatingStar": "Yellow", "FeedbackScore": 49, "PositiveFeedbackPercent": 100.0}, "BidCount": 1, "ConvertedCurrentPrice": {"Value": 700.0, "CurrencyID": "USD"}, "CurrentPrice": {"Value": 700.0, "CurrencyID": "USD"}, "HighBidder": {"UserID": "f***l", "FeedbackPrivate": false, "FeedbackRatingStar": "Turquoise", "FeedbackScore": 237}, "ListingStatus": "Completed", "QuantitySold": 1, "ShipToLocations": ["US"], "Site": "US", "TimeLeft": "PT0S", "Title": "Gibson Les Paul Studio with Gibson Hard Shell Case", "ItemSpecifics": {"NameValueList": [{"Name": "Model Year", "Value": ["2012"]}, {"Name": "Model", "Value": ["Les Paul Studio"]}, {"Name": "Brand", "Value": ["Gibson"]}, {"Name": "Body Material", "Value": ["Maple", "Mahogany"]}, {"Name": "String Configuration", "Value": ["6 String"]}, {"Name": "Body Type", "Value": ["Solid"]}, {"Name": "MPN", "Value": ["LPST5HTSVCH3"]}]}, "HitCount": 46, "PrimaryCategoryIDPath": "619:3858:33034", "Country": "US", "ReturnPolicy": {"ReturnsAccepted": "ReturnsNotAccepted"}, "MinimumToBid": {"Value": 710.0, "CurrencyID": "USD"}, "ProductID": {"Value": "96926466", "Type": "Reference"}, "AutoPay": false, "PaymentAllowedSite": [], "IntegratedMerchantCreditCardEnabled": false, "HandlingTime": 3, "ConditionID": 3000, "ConditionDisplayName": "Used", "GlobalShipping": false, "QuantitySoldByPickupInStore": 0, "NewBestOffer": false}