{"BestOfferEnabled": true, "Description": "Purchased new from AMS just over 2 months ago. Awesome guitar, but I\u2019m never going to be anything other than a Strat/Tele guy, I guess. Specs and full descriptions can be found all over the internet. Condition is virtually brand new, only a few very light surface marks from normal use. No chips, dings, dents, scratches or gouges and everything functions properly. Features the new 85/15 S pickups. The stock tuners were a bit sketchy so I bought and installed a set of Grover 406C locking mini tuners which work perfectly. The stock tuners will be shipped with the guitar, of course. The trem bar and tools are in the gig bag, I just forgot to get them out. Everything it came with is included in this sale. AMS sells these new for $789.00.", "ItemID": "254089215587", "EndTime": "2019-01-25T02:05:23.000Z", "StartTime": "2019-01-22T15:06:06.000Z", "ViewItemURLForNaturalSearch": "https://www.ebay.com/itm/PRS-SE-Custom-24-Fire-Red-Burst-w-Grover-Locking-Tuners-Gig-Bag-2-Months-Old-/254089215587", "ListingType": "Chinese", "Location": "Elkton, Maryland", "PaymentMethods": ["PayPal"], "GalleryURL": "https://thumbs4.ebaystatic.com/pict/2540892155878080_1.jpg", "PictureURL": ["https://i.ebayimg.com/00/s/MTYwMFgxMTYw/z/qX8AAOSwgyZcQmwq/$_12.JPG?set_id=880000500F", "https://i.ebayimg.com/00/s/MTYwMFgxMjAw/z/a7kAAOSwVCpcQmwu/$_12.JPG?set_id=880000500F", "https://i.ebayimg.com/00/s/MTYwMFgxMjAw/z/NbsAAOSw8a9cQmwy/$_12.JPG?set_id=880000500F", "https://i.ebayimg.com/00/s/MTYwMFgxMjAw/z/ny0AAOSwgotcQ3ys/$_12.JPG?set_id=880000500F", "https://i.ebayimg.com/00/s/MTYwMFgxMjAw/z/QMsAAOSwjrFcQmwt/$_12.JPG?set_id=880000500F", "https://i.ebayimg.com/00/s/MTYwMFg4ODA=/z/iXYAAOSwcOZcQmw2/$_12.JPG?set_id=880000500F", "https://i.ebayimg.com/00/s/MTYwMFg5NzI=/z/D4UAAOSw~~5cQmwo/$_12.JPG?set_id=880000500F", "https://i.ebayimg.com/00/s/MTYwMFgxMTYy/z/WbsAAOSwUjVcQmw3/$_12.JPG?set_id=880000500F", "https://i.ebayimg.com/00/s/MTYwMFg3OTg=/z/-f8AAOSwd0pcQmw0/$_12.JPG?set_id=880000500F", "https://i.ebayimg.com/00/s/MTYwMFg3NDQ=/z/h4cAAOSw76JcQ3yq/$_12.JPG?set_id=880000500F", "https://i.ebayimg.com/00/s/MTYwMFg2OTQ=/z/wCIAAOSwr~9cQ3x8/$_12.JPG?set_id=880000500F", "https://i.ebayimg.com/00/s/MTYwMFg3MDI=/z/2BUAAOSw~D5cQ3x7/$_12.JPG?set_id=880000500F"], "PostalCode": "21921", "PrimaryCategoryID": "33034", "PrimaryCategoryName": "Musical Instruments & Gear:Guitars & Basses:Electric Guitars", "Quantity": 1, "Seller": {"UserID": "axissport", "FeedbackRatingStar": "Turquoise", "FeedbackScore": 410, "PositiveFeedbackPercent": 100.0}, "BidCount": 1, "ConvertedCurrentPrice": {"Value": 565.0, "CurrencyID": "USD"}, "CurrentPrice": {"Value": 565.0, "CurrencyID": "USD"}, "HighBidder": {"UserID": "j***o", "FeedbackPrivate": false, "FeedbackRatingStar": "Turquoise", "FeedbackScore": 138}, "ListingStatus": "Completed", "QuantitySold": 1, "ShipToLocations": ["US"], "Site": "US", "TimeLeft": "PT0S", "Title": "PRS SE Custom 24 Fire Red Burst w/Grover Locking Tuners & Gig Bag - 2 Months Old", "ItemSpecifics": {"NameValueList": [{"Name": "Brand", "Value": ["PRS"]}, {"Name": "Model Year", "Value": ["2018"]}, {"Name": "Non-Domestic Product", "Value": ["Yes"]}, {"Name": "Modified Item", "Value": ["Yes"]}, {"Name": "Model", "Value": ["SE Custom 24"]}, {"Name": "Right-/ Left-Handed", "Value": ["Right-Handed"]}, {"Name": "Modification Description", "Value": ["Installed Grover 406 C Locking Mini Tuners"]}, {"Name": "Body Color", "Value": ["Red Burst"]}, {"Name": "Features", "Value": ["Push/Pull Tone Pot For Coil Split"]}, {"Name": "Body Material", "Value": ["Mahogany"]}, {"Name": "String Configuration", "Value": ["6 String"]}, {"Name": "Body Type", "Value": ["Solid"]}, {"Name": "Size", "Value": ["Full Size"]}]}, "HitCount": 83, "PrimaryCategoryIDPath": "619:3858:33034", "Country": "US", "ReturnPolicy": {"ReturnsAccepted": "ReturnsNotAccepted"}, "MinimumToBid": {"Value": 575.0, "CurrencyID": "USD"}, "AutoPay": false, "PaymentAllowedSite": [], "IntegratedMerchantCreditCardEnabled": false, "HandlingTime": 2, "ConditionID": 3000, "ConditionDisplayName": "Used", "GlobalShipping": false, "QuantitySoldByPickupInStore": 0, "NewBestOffer": false}