{"BestOfferEnabled": false, "Description": "AWESOME! Gibson Les Paul Classic Custom 1972 Ebony Black . Condition is Used. Exceptionally clean and great sounding 2012 Gibson Les Paul Custom Classic. Grover tuners, baked maple fingerboard, and a stunning ebony finish. Overall in very good condition with no dings / dents. Comes with the original hardshell case.Almost stopped playing soon after purchase due to work and family responsibilities. Replaced recently with new SG. Year: 2012.Model: Les Paul Custom ClassicSerial: 105120304Finish: Ebony.Case: Original hardshell case.Weight: 9 pounds 2 ounces.Condition: Overall in excellent condition with negligible wear. ZERO dings / dents or buckle swirl. Case has two small spots where the vinyl was scratched off.", "ItemID": "173762895258", "EndTime": "2019-01-26T18:01:50.000Z", "StartTime": "2019-01-26T17:53:05.000Z", "ViewItemURLForNaturalSearch": "https://www.ebay.com/itm/AWESOME-Gibson-Les-Paul-Classic-Custom-2012-Ebony-Black-nearly-new-condition-/173762895258", "ListingType": "Chinese", "Location": "Wilson, North Carolina", "PaymentMethods": ["PayPal"], "GalleryURL": "https://thumbs3.ebaystatic.com/pict/1737628952588080_1.jpg", "PictureURL": ["https://i.ebayimg.com/00/s/MTE5NVgxNjAw/z/C14AAOSwI9FcTHxi/$_32.JPG?set_id=880000500F", "https://i.ebayimg.com/00/s/MTYwMFgxMTk1/z/juMAAOSwohFcTHxj/$_32.JPG?set_id=880000500F", "https://i.ebayimg.com/00/s/MTYwMFgxMTk1/z/R34AAOSwKphcTHxj/$_32.JPG?set_id=880000500F", "https://i.ebayimg.com/00/s/MTYwMFgxMTk1/z/UsUAAOSwcZ1cTHxj/$_32.JPG?set_id=880000500F", "https://i.ebayimg.com/00/s/MTYwMFgxMjAw/z/8JwAAOSwip5cTJ4L/$_32.JPG?set_id=880000500F"], "PostalCode": "27896", "PrimaryCategoryID": "33034", "PrimaryCategoryName": "Musical Instruments & Gear:Guitars & Basses:Electric Guitars", "Quantity": 1, "Seller": {"UserID": "s743bd", "FeedbackRatingStar": "Blue", "FeedbackScore": 81, "PositiveFeedbackPercent": 100.0}, "BidCount": 1, "ConvertedCurrentPrice": {"Value": 1650.0, "CurrencyID": "USD"}, "CurrentPrice": {"Value": 1650.0, "CurrencyID": "USD"}, "HighBidder": {"UserID": "d***o", "FeedbackPrivate": false, "FeedbackRatingStar": "Turquoise", "FeedbackScore": 130}, "ListingStatus": "Completed", "QuantitySold": 1, "ShipToLocations": ["US"], "Site": "US", "TimeLeft": "PT0S", "Title": "AWESOME! Gibson Les Paul Classic Custom 2012 Ebony Black - nearly new condition!", "ItemSpecifics": {"NameValueList": [{"Name": "Body Material", "Value": ["Ebony"]}, {"Name": "Brand", "Value": ["Gibson"]}, {"Name": "Product Line", "Value": ["Gibson Les Paul"]}, {"Name": "Model Year", "Value": ["1972"]}, {"Name": "String Configuration", "Value": ["6 String"]}, {"Name": "Model", "Value": ["Les Paul Custom"]}, {"Name": "Country/Region of Manufacture", "Value": ["United States"]}, {"Name": "Body Type", "Value": ["Solid"]}, {"Name": "MPN", "Value": ["Does Not Apply"]}, {"Name": "Body Color", "Value": ["Ebony"]}, {"Name": "Dexterity", "Value": ["Right-Handed"]}]}, "HitCount": 10, "PrimaryCategoryIDPath": "619:3858:33034", "Country": "US", "ReturnPolicy": {"ReturnsAccepted": "ReturnsNotAccepted"}, "MinimumToBid": {"Value": 1675.0, "CurrencyID": "USD"}, "AutoPay": false, "PaymentAllowedSite": [], "IntegratedMerchantCreditCardEnabled": false, "HandlingTime": 3, "ConditionID": 3000, "ConditionDisplayName": "Used", "GlobalShipping": false, "QuantitySoldByPickupInStore": 0, "NewBestOffer": false}