{"BestOfferEnabled": true, "Description": "USED EVH Wolfgang Standard Black WoodGrain Made In Indonesia CASE IS NOT INCLUDED Please note, this guitar has minor scratches on the front sides, and rear, not completely visible in the photos. None of these cosmetic issues effect the playability and sound of the guitar. Has Dunlop Strap Locks installed. It has been kept in a nonsmoking home Guitar is Sold AS-IS No warranty Allow 2 days of handling time Ships after full Payment via PayPal", "ItemID": "143097988691", "EndTime": "2019-01-24T03:44:42.000Z", "StartTime": "2019-01-20T20:22:36.000Z", "ViewItemURLForNaturalSearch": "https://www.ebay.com/itm/EVH-Wolfgang-Standard-No-Case-/143097988691", "ListingType": "Chinese", "Location": "Covington, Georgia", "PaymentMethods": ["PayPal"], "GalleryURL": "https://thumbs4.ebaystatic.com/pict/1430979886918080_1.jpg", "PictureURL": ["https://i.ebayimg.com/00/s/MTYwMFgxMjAw/z/snoAAOSwC~9cBIPR/$_12.JPG?set_id=880000500F", "https://i.ebayimg.com/00/s/MTYwMFgxMjAw/z/ZOYAAOSwC~BcBIPO/$_12.JPG?set_id=880000500F", "https://i.ebayimg.com/00/s/MTYwMFgxMjAw/z/3C0AAOSwWrxcBIPU/$_12.JPG?set_id=880000500F", "https://i.ebayimg.com/00/s/MTYwMFgxMjAw/z/emkAAOSwKphcBIPP/$_12.JPG?set_id=880000500F", "https://i.ebayimg.com/00/s/MTYwMFgxMjAw/z/pOEAAOSwdgxcBIPV/$_12.JPG?set_id=880000500F", "https://i.ebayimg.com/00/s/MTYwMFgxMjAw/z/XPkAAOSw7R9cBIPX/$_12.JPG?set_id=880000500F", "https://i.ebayimg.com/00/s/MTYwMFgxMjAw/z/jlUAAOSwb15cBIPW/$_12.JPG?set_id=880000500F", "https://i.ebayimg.com/00/s/MTYwMFgxMjAw/z/wV0AAOSwVEFcBIPZ/$_12.JPG?set_id=880000500F", "https://i.ebayimg.com/00/s/MTYwMFgxMjAw/z/gHYAAOSwySZcBIPa/$_12.JPG?set_id=880000500F"], "PostalCode": "30014", "PrimaryCategoryID": "33034", "PrimaryCategoryName": "Musical Instruments & Gear:Guitars & Basses:Electric Guitars", "Quantity": 1, "Seller": {"UserID": "teal247", "FeedbackRatingStar": "Turquoise", "FeedbackScore": 304, "PositiveFeedbackPercent": 100.0}, "BidCount": 1, "ConvertedCurrentPrice": {"Value": 300.0, "CurrencyID": "USD"}, "CurrentPrice": {"Value": 300.0, "CurrencyID": "USD"}, "HighBidder": {"UserID": "5***0", "FeedbackPrivate": false, "FeedbackRatingStar": "Turquoise", "FeedbackScore": 207}, "ListingStatus": "Completed", "QuantitySold": 1, "ShipToLocations": ["US"], "Site": "US", "TimeLeft": "PT0S", "Title": "EVH Wolfgang Standard, No Case", "ItemSpecifics": {"NameValueList": [{"Name": "Brand", "Value": ["EVH"]}, {"Name": "Product Line", "Value": ["EVH"]}, {"Name": "Model Year", "Value": ["2015"]}, {"Name": "Custom Bundle", "Value": ["No"]}, {"Name": "Non-Domestic Product", "Value": ["No"]}, {"Name": "String Configuration", "Value": ["6 String"]}, {"Name": "Model", "Value": ["EVH Wolfgang Standard"]}, {"Name": "Modified Item", "Value": ["No"]}, {"Name": "Right-/ Left-Handed", "Value": ["Right-Handed"]}, {"Name": "Country/Region of Manufacture", "Value": ["Indonesia"]}, {"Name": "Body Type", "Value": ["Solid"]}, {"Name": "Body Color", "Value": ["Black"]}]}, "HitCount": 143, "PrimaryCategoryIDPath": "619:3858:33034", "Country": "US", "ReturnPolicy": {"ReturnsAccepted": "ReturnsNotAccepted"}, "MinimumToBid": {"Value": 305.0, "CurrencyID": "USD"}, "AutoPay": false, "PaymentAllowedSite": [], "IntegratedMerchantCreditCardEnabled": false, "HandlingTime": 1, "ConditionID": 3000, "ConditionDisplayName": "Used", "GlobalShipping": false, "QuantitySoldByPickupInStore": 0, "NewBestOffer": false}