{"BestOfferEnabled": false, "Description": "This Les Paul has been incredibly well taken care of. Never dropped and always kept in a hard case. Please note, however, that this auction does NOT include the hard case. Please see photos for a better idea of condition!Please note, this auction includes only what is pictured. We provide free shipping, however shipping is only within the continental United States and we do not ship to PO boxes. If you have any questions or would like more detailed photos please do not hesitate to send me a message. Good luck to you and happy bidding!", "ItemID": "323655312061", "EndTime": "2019-01-25T16:52:19.000Z", "StartTime": "2019-01-18T16:52:19.000Z", "ViewItemURLForNaturalSearch": "https://www.ebay.com/itm/Gibson-Les-Paul-Studio-2005-Brown-BEAUTIFUL-FREE-SHIPPING-/323655312061", "ListingType": "Chinese", "Location": "Douglasville, Georgia", "PaymentMethods": ["PayPal"], "GalleryURL": "https://thumbs2.ebaystatic.com/pict/3236553120618080_1.jpg", "PictureURL": ["https://i.ebayimg.com/00/s/MTYwMFgxMjAw/z/Np8AAOSwisxcQgNm/$_12.JPG?set_id=880000500F", "https://i.ebayimg.com/00/s/MTYwMFgxMjAw/z/CeYAAOSw8~hcQgNk/$_12.JPG?set_id=880000500F", "https://i.ebayimg.com/00/s/MTYwMFgxMjAw/z/tx4AAOSwKXhcQgNs/$_12.JPG?set_id=880000500F", "https://i.ebayimg.com/00/s/MTYwMFgxMjAw/z/krQAAOSwC9hcQgNu/$_12.JPG?set_id=880000500F", "https://i.ebayimg.com/00/s/MTIwMFgxNjAw/z/6JAAAOSwyn1cQgNi/$_12.JPG?set_id=880000500F", "https://i.ebayimg.com/00/s/MTIwMFgxNjAw/z/KosAAOSwaJ9cQgNo/$_12.JPG?set_id=880000500F", "https://i.ebayimg.com/00/s/MTIwMFgxNjAw/z/s9cAAOSwi6dcQgNq/$_12.JPG?set_id=880000500F"], "PostalCode": "30134", "PrimaryCategoryID": "33034", "PrimaryCategoryName": "Musical Instruments & Gear:Guitars & Basses:Electric Guitars", "Quantity": 1, "Seller": {"UserID": "alpha14811", "FeedbackRatingStar": "Purple", "FeedbackScore": 945, "PositiveFeedbackPercent": 100.0, "TopRatedSeller": true}, "BidCount": 66, "ConvertedCurrentPrice": {"Value": 645.0, "CurrencyID": "USD"}, "CurrentPrice": {"Value": 645.0, "CurrencyID": "USD"}, "HighBidder": {"UserID": "2***1", "FeedbackPrivate": false, "FeedbackRatingStar": "Turquoise", "FeedbackScore": 155}, "ListingStatus": "Completed", "QuantitySold": 1, "ShipToLocations": ["US"], "Site": "US", "TimeLeft": "PT0S", "Title": "Gibson Les Paul Studio 2005 Brown BEAUTIFUL FREE SHIPPING!", "ItemSpecifics": {"NameValueList": [{"Name": "Brand", "Value": ["Gibson"]}, {"Name": "Model", "Value": ["Les Paul Studio"]}, {"Name": "Body Color", "Value": ["Brown"]}, {"Name": "Model Year", "Value": ["2005"]}, {"Name": "Product Line", "Value": ["Gibson Les Paul"]}]}, "HitCount": 726, "PrimaryCategoryIDPath": "619:3858:33034", "Country": "US", "ReturnPolicy": {"Refund": "Money Back", "ReturnsWithin": "14 Days", "ReturnsAccepted": "Returns Accepted", "ShippingCostPaidBy": "Buyer"}, "MinimumToBid": {"Value": 655.0, "CurrencyID": "USD"}, "AutoPay": false, "PaymentAllowedSite": [], "IntegratedMerchantCreditCardEnabled": false, "HandlingTime": 2, "ConditionID": 3000, "ConditionDisplayName": "Used", "GlobalShipping": false, "QuantitySoldByPickupInStore": 0, "NewBestOffer": false}