{"BestOfferEnabled": false, "Description": "Good condition 1997 Jackson DKMGT Dinky with EMG HZ's. The guitar does have gain boost that lets your solo's come thru over everyone else.Color is a cool see thru black. Rosewood neck has piranha inlays . The guitar has never been out and always in a smoke free climate controlled environment. Does have some dings that happened accidentally but it does not effect the performance. If you have any question just ask....Please use images for reference.", "ItemID": "153344727528", "EndTime": "2019-01-25T23:13:31.000Z", "StartTime": "2019-01-18T23:13:31.000Z", "ViewItemURLForNaturalSearch": "https://www.ebay.com/itm/Jackson-DKMGT-1997-EMG-HZ-pickups-/153344727528", "ListingType": "Chinese", "Location": "Stroudsburg, Pennsylvania", "PaymentMethods": ["PayPal"], "GalleryURL": "https://thumbs1.ebaystatic.com/pict/1533447275288080_1.jpg", "PictureURL": ["https://i.ebayimg.com/00/s/MTYwMFg5MTM=/z/FRoAAOSwjwZcORF-/$_57.JPG?set_id=8800005007", "https://i.ebayimg.com/00/s/MTYwMFgxNDE1/z/FREAAOSw5wFcORGE/$_57.JPG?set_id=8800005007", "https://i.ebayimg.com/00/s/MTYwMFgxMTk4/z/vFgAAOSwQqNcORGJ/$_57.JPG?set_id=8800005007", "https://i.ebayimg.com/00/s/MTQ2MVg5OTg=/z/srcAAOSwGD1cORGN/$_57.JPG?set_id=8800005007", "https://i.ebayimg.com/00/s/MTU2NFgxNjAw/z/Y3gAAOSwvERcORGW/$_57.JPG?set_id=8800005007", "https://i.ebayimg.com/00/s/MTYwMFg3NzA=/z/IR0AAOSw6JhcORGa/$_57.JPG?set_id=8800005007", "https://i.ebayimg.com/00/s/MTU2NFgxNjAw/z/E0QAAOSwAEFcORGf/$_57.JPG?set_id=8800005007"], "PostalCode": "18360", "PrimaryCategoryID": "33034", "PrimaryCategoryName": "Musical Instruments & Gear:Guitars & Basses:Electric Guitars", "Quantity": 1, "Seller": {"UserID": "aserif", "FeedbackRatingStar": "Turquoise", "FeedbackScore": 168, "PositiveFeedbackPercent": 97.3}, "BidCount": 2, "ConvertedCurrentPrice": {"Value": 265.0, "CurrencyID": "USD"}, "CurrentPrice": {"Value": 265.0, "CurrencyID": "USD"}, "HighBidder": {"UserID": "1***2", "FeedbackPrivate": false, "FeedbackRatingStar": "Turquoise", "FeedbackScore": 200}, "ListingStatus": "Completed", "QuantitySold": 1, "ShipToLocations": ["US"], "Site": "US", "TimeLeft": "PT0S", "Title": "Jackson DKMGT 1997 with EMG HZ pickups", "HitCount": 62, "PrimaryCategoryIDPath": "619:3858:33034", "Country": "US", "ReturnPolicy": {"ReturnsAccepted": "ReturnsNotAccepted"}, "MinimumToBid": {"Value": 270.0, "CurrencyID": "USD"}, "AutoPay": true, "PaymentAllowedSite": [], "IntegratedMerchantCreditCardEnabled": false, "HandlingTime": 3, "ConditionID": 3000, "ConditionDisplayName": "Used", "GlobalShipping": false, "QuantitySoldByPickupInStore": 0, "NewBestOffer": false}