{"BestOfferEnabled": false, "Description": "1995 Ibanez Electric 4-String Bass Guitar SR1200, Blue in TKL soft case Three scratches on front body - see photo. Additional dings/marks around edge primarily - nothing major, not too noticeable unless you're looking for them. Some scratch marks around the rear black cover as well. Otherwise in very nice condition. Made in 1995 - pickups are Ibanez AFRs Serial # C5083469 Comes with Planet Waves shoulder strap and TKL soft carry case Items come as Pictured Customers from Washinton State must pay 8.5% sales tax on items. We are a locally owned Pawn Shop, that opened our doors in Bellingham WA in 1989. We deal in mostly in 2nd hand merchandise. Please feel free to contact us with any questions or concerns. We try to answer questions ASAP, we also run a store at the same time, but can't always get to them immediatly Please be aware that items must be returned in the same condition they were purchased in. If an item is brand new sealed and returned opened a 15% restocking fee will be charged. I have had a lot of non-paying customers, so I require payment or contact from buyer within 3 days. I will open a case against any non paying customer. If you have less than 10 feedback please contact me before bidding. Bellingham Pawn Shop Located in Bellingham WA 360-671-3073 You may be interested in our other eBay listings. Powered by SixBit's eCommerce Solution", "ItemID": "113564436682", "EndTime": "2019-01-26T17:48:58.000Z", "StartTime": "2019-01-16T17:48:58.000Z", "ViewItemURLForNaturalSearch": "https://www.ebay.com/itm/1995-Ibanez-Electric-4-String-Bass-Guitar-SR1200-Blue-soft-case-NO-RESERVE-/113564436682", "ListingType": "Chinese", "Location": "Bellingham, Washington", "PaymentMethods": ["PayPal"], "GalleryURL": "https://thumbs3.ebaystatic.com/pict/1135644366828080_1.jpg", "PictureURL": ["https://i.ebayimg.com/00/s/MTA2NFgxNjAw/z/Jh8AAOSw4c5b~yW~/$_57.JPG?set_id=880000500F", "https://i.ebayimg.com/00/s/MTA2NFgxNjAw/z/8KoAAOSwhzhb~yXC/$_57.JPG?set_id=880000500F", "https://i.ebayimg.com/00/s/MTA2NFgxNjAw/z/~FEAAOSwhrpb~yXG/$_57.JPG?set_id=880000500F", "https://i.ebayimg.com/00/s/MTA2NFgxNjAw/z/NRIAAOSw27lb~yXI/$_57.JPG?set_id=880000500F", "https://i.ebayimg.com/00/s/MTA2NFgxNjAw/z/YokAAOSwQZVb~yXL/$_57.JPG?set_id=880000500F", "https://i.ebayimg.com/00/s/MTA2NFgxNjAw/z/nygAAOSwZBRb~yXO/$_57.JPG?set_id=880000500F", "https://i.ebayimg.com/00/s/MTA2NFgxNjAw/z/hMkAAOSwqiJb~yXR/$_57.JPG?set_id=880000500F", "https://i.ebayimg.com/00/s/MTA2NFgxNjAw/z/Z9UAAOSwPuRb~yXU/$_57.JPG?set_id=880000500F", "https://i.ebayimg.com/00/s/MTA2NFgxNjAw/z/1TcAAOSwWH1b~yXY/$_57.JPG?set_id=880000500F", "https://i.ebayimg.com/00/s/MTA2NFgxNjAw/z/oZUAAOSwtKlb~yXb/$_57.JPG?set_id=880000500F", "https://i.ebayimg.com/00/s/MTA2NFgxNjAw/z/YikAAOSworNb~yXe/$_57.JPG?set_id=880000500F", "https://i.ebayimg.com/00/s/MTA2NFgxNjAw/z/~HAAAOSwhrpb~yXh/$_57.JPG?set_id=880000500F"], "PostalCode": "98225", "PrimaryCategoryID": "33034", "PrimaryCategoryName": "Musical Instruments & Gear:Guitars & Basses:Electric Guitars", "Quantity": 1, "Seller": {"UserID": "bellinghampawn", "FeedbackRatingStar": "Green", "FeedbackScore": 8480, "PositiveFeedbackPercent": 100.0}, "BidCount": 2, "ConvertedCurrentPrice": {"Value": 350.0, "CurrencyID": "USD"}, "CurrentPrice": {"Value": 350.0, "CurrencyID": "USD"}, "HighBidder": {"UserID": "t***n", "FeedbackPrivate": false, "FeedbackRatingStar": "Turquoise", "FeedbackScore": 118}, "ListingStatus": "Completed", "QuantitySold": 1, "ShipToLocations": ["US"], "Site": "US", "TimeLeft": "PT0S", "Title": "1995 Ibanez Electric 4-String Bass Guitar SR1200, Blue in soft case *NO RESERVE*", "ItemSpecifics": {"NameValueList": [{"Name": "Brand", "Value": ["Ibanez"]}, {"Name": "MPN", "Value": ["Does Not Apply"]}, {"Name": "Model", "Value": ["SR1200"]}, {"Name": "String Configuration", "Value": ["4 String"]}, {"Name": "Body Color", "Value": ["Blue"]}, {"Name": "Model Year", "Value": ["1995"]}, {"Name": "Right-/ Left-Handed", "Value": ["Right-Handed"]}, {"Name": "Country/Region of Manufacture", "Value": ["Korea, Republic of"]}]}, "HitCount": 107, "PrimaryCategoryIDPath": "619:3858:33034", "Storefront": {"StoreURL": "https://stores.ebay.com/id=564617270", "StoreName": "bellinghampawn"}, "Country": "US", "ReturnPolicy": {"Refund": "Money back or replacement (buyer's choice)", "ReturnsWithin": "30 Days", "ReturnsAccepted": "Returns Accepted", "ShippingCostPaidBy": "Buyer", "InternationalReturnsAccepted": "ReturnsNotAccepted"}, "MinimumToBid": {"Value": 355.0, "CurrencyID": "USD"}, "AutoPay": false, "PaymentAllowedSite": [], "IntegratedMerchantCreditCardEnabled": false, "HandlingTime": 1, "ConditionID": 3000, "ConditionDisplayName": "Used", "ExcludeShipToLocation": ["Africa", "Asia", "Central America and Caribbean", "Europe", "Middle East", "Oceania", "Southeast Asia", "South America", "PO Box"], "GlobalShipping": false, "QuantitySoldByPickupInStore": 0, "NewBestOffer": false}