{"BestOfferEnabled": false, "Description": "Fender Modern Player Telecaster w/ Seymour Duncan Phat Cat P90 Pickup. Condition is Used. Shipped with USPS Parcel Select Ground. Shipping 48 states only. Any questions please ask. Plays absolutely great! Some great tones.", "ItemID": "323653652705", "EndTime": "2019-01-24T14:21:45.000Z", "StartTime": "2019-01-17T14:21:45.000Z", "ViewItemURLForNaturalSearch": "https://www.ebay.com/itm/Fender-Modern-Player-Telecaster-w-Seymour-Duncan-Phat-Cat-P90-Pickup-/323653652705", "ListingType": "Chinese", "Location": "Dexter, Missouri", "PaymentMethods": ["PayPal"], "GalleryURL": "https://thumbs2.ebaystatic.com/pict/3236536527058080_1.jpg", "PictureURL": ["https://i.ebayimg.com/00/s/MTYwMFgxMjAw/z/JpoAAOSwFGNcQI3i/$_12.JPG?set_id=880000500F", "https://i.ebayimg.com/00/s/MTYwMFgxMjAw/z/cQQAAOSw~~5cQI3s/$_12.JPG?set_id=880000500F", "https://i.ebayimg.com/00/s/MTYwMFgxMjAw/z/6AQAAOSwgadcQI39/$_12.JPG?set_id=880000500F", "https://i.ebayimg.com/00/s/MTYwMFgxMjAw/z/PRoAAOSwvwRcQI4G/$_12.JPG?set_id=880000500F", "https://i.ebayimg.com/00/s/MTYwMFgxMjAw/z/gKsAAOSwjfdcQI4S/$_12.JPG?set_id=880000500F", "https://i.ebayimg.com/00/s/MTYwMFgxMjAw/z/6hAAAOSwvGZcQI4f/$_12.JPG?set_id=880000500F", "https://i.ebayimg.com/00/s/MTYwMFgxMjAw/z/5b0AAOSwNepcQI4p/$_12.JPG?set_id=880000500F", "https://i.ebayimg.com/00/s/MTU5OVg3Nzg=/z/WC0AAOSwAThcQI4y/$_12.JPG?set_id=880000500F", "https://i.ebayimg.com/00/s/MTU5OVg3Nzg=/z/fjQAAOSwolpcQI42/$_12.JPG?set_id=880000500F", "https://i.ebayimg.com/00/s/MTU5OVg3Nzg=/z/bO8AAOSwPXFcQI46/$_12.JPG?set_id=880000500F", "https://i.ebayimg.com/00/s/MTU5OVg3Nzg=/z/sGEAAOSwh99cQI5E/$_12.JPG?set_id=880000500F", "https://i.ebayimg.com/00/s/MTU5OVg3Nzg=/z/GCMAAOSwU65cQI5N/$_12.JPG?set_id=880000500F"], "PostalCode": "63841", "PrimaryCategoryID": "33034", "PrimaryCategoryName": "Musical Instruments & Gear:Guitars & Basses:Electric Guitars", "Quantity": 1, "Seller": {"UserID": "michaelsterling92012", "FeedbackRatingStar": "Turquoise", "FeedbackScore": 222, "PositiveFeedbackPercent": 100.0}, "BidCount": 31, "ConvertedCurrentPrice": {"Value": 365.0, "CurrencyID": "USD"}, "CurrentPrice": {"Value": 365.0, "CurrencyID": "USD"}, "HighBidder": {"UserID": "m***a", "FeedbackPrivate": false, "FeedbackRatingStar": "Yellow", "FeedbackScore": 34}, "ListingStatus": "Completed", "QuantitySold": 1, "ShipToLocations": ["US"], "Site": "US", "TimeLeft": "PT0S", "Title": "Fender Modern Player Telecaster w/ Seymour Duncan Phat Cat P90 Pickup", "ItemSpecifics": {"NameValueList": [{"Name": "Body Material", "Value": ["Pine"]}, {"Name": "Brand", "Value": ["Fender"]}, {"Name": "Model", "Value": ["Modern Player"]}, {"Name": "String Configuration", "Value": ["6 String"]}, {"Name": "Body Type", "Value": ["Solid"]}, {"Name": "Dexterity", "Value": ["Right-Handed"]}, {"Name": "Body Color", "Value": ["Honeyburst"]}]}, "HitCount": 635, "PrimaryCategoryIDPath": "619:3858:33034", "Country": "US", "ReturnPolicy": {"ReturnsAccepted": "ReturnsNotAccepted"}, "MinimumToBid": {"Value": 370.0, "CurrencyID": "USD"}, "AutoPay": true, "PaymentAllowedSite": [], "IntegratedMerchantCreditCardEnabled": false, "HandlingTime": 3, "ConditionID": 3000, "ConditionDisplayName": "Used", "GlobalShipping": false, "QuantitySoldByPickupInStore": 0, "NewBestOffer": false}