{"BestOfferEnabled": true, "Description": "Innovative guitar with onboard instrument models, pickup models, and on-demand alternate tunings Included HD upgrade gives you even more HD instrument and HD pickup models than ever before Workbench HD software lets you fine-tune individual string pitch, volume, pickup position, and more Solid mahogany body and carved maple top offer rich tone with excellent note definition GraphTech nut and custom tuners give you top-notch tuning stability and reliability Completely designed by master luthier James Tyler, including custom-wound pickups Includes lithium-ion battery, switching power supply, and Workbench USB adapter The Line 6 JTV-59 James Tyler Variax is like a Pandora's box of tone! Comes with heavy padded line 6 gig bag that it originally comes with. One of the pockets has a broken zipper in case that's a deal breaker to some of you!", "ItemID": "202569203895", "EndTime": "2019-01-25T00:50:01.000Z", "StartTime": "2019-01-18T00:50:01.000Z", "ViewItemURLForNaturalSearch": "https://www.ebay.com/itm/James-Tyler-JTV-59-Variax-Tobacco-sunburst-w-locking-tuners-excellent-condition-/202569203895", "ListingType": "Chinese", "Location": "Mexico, New York", "PaymentMethods": ["PayPal"], "GalleryURL": "https://thumbs4.ebaystatic.com/pict/2025692038958080_1.jpg", "PictureURL": ["https://i.ebayimg.com/00/s/MTYwMFgxMjAw/z/LtMAAOSwjlVcNqTJ/$_12.JPG?set_id=880000500F", "https://i.ebayimg.com/00/s/MTYwMFgxMjAw/z/IQgAAOSwvwRcNqTP/$_12.JPG?set_id=880000500F", "https://i.ebayimg.com/00/s/MTYwMFgxMjAw/z/rZcAAOSw-elcNqUJ/$_12.JPG?set_id=880000500F", "https://i.ebayimg.com/00/s/MTYwMFgxMjAw/z/86IAAOSwPrdcQRgP/$_12.JPG?set_id=880000500F", "https://i.ebayimg.com/00/s/MTYwMFgxMjAw/z/YvwAAOSwkjJcQRgT/$_12.JPG?set_id=880000500F", "https://i.ebayimg.com/00/s/MTYwMFgxMjAw/z/3W4AAOSw~slcQRgX/$_12.JPG?set_id=880000500F", "https://i.ebayimg.com/00/s/MTYwMFgxMjAw/z/0ksAAOSwrQ5cQRgb/$_12.JPG?set_id=880000500F", "https://i.ebayimg.com/00/s/MTYwMFgxMjAw/z/afIAAOSwwDJcQRge/$_12.JPG?set_id=880000500F", "https://i.ebayimg.com/00/s/MTYwMFgxMjAw/z/PNoAAOSwfgNcQRgi/$_12.JPG?set_id=880000500F", "https://i.ebayimg.com/00/s/MTYwMFgxMjAw/z/UhkAAOSwjthcQRgl/$_12.JPG?set_id=880000500F", "https://i.ebayimg.com/00/s/MTYwMFgxMjAw/z/Ah4AAOSw8zNcQRgt/$_12.JPG?set_id=880000500F", "https://i.ebayimg.com/00/s/MTIwMFgxNjAw/z/xfIAAOSw5tNcQRhN/$_12.JPG?set_id=880000500F"], "PostalCode": "13114", "PrimaryCategoryID": "33034", "PrimaryCategoryName": "Musical Instruments & Gear:Guitars & Basses:Electric Guitars", "Quantity": 1, "Seller": {"UserID": "mcgillicuddy1eye", "FeedbackRatingStar": "None", "FeedbackScore": 8, "PositiveFeedbackPercent": 100.0}, "BidCount": 9, "ConvertedCurrentPrice": {"Value": 671.0, "CurrencyID": "USD"}, "CurrentPrice": {"Value": 671.0, "CurrencyID": "USD"}, "HighBidder": {"UserID": "r***j", "FeedbackPrivate": false, "FeedbackRatingStar": "Turquoise", "FeedbackScore": 438}, "ListingStatus": "Completed", "QuantitySold": 1, "ShipToLocations": ["US"], "Site": "US", "TimeLeft": "PT0S", "Title": "James Tyler JTV-59 Variax Tobacco  sunburst w/locking tuners excellent condition", "ItemSpecifics": {"NameValueList": [{"Name": "Brand", "Value": ["James Tyler"]}, {"Name": "Model Year", "Value": ["2011"]}, {"Name": "Model", "Value": ["JTV 59 Variax"]}, {"Name": "Modified Item", "Value": ["No"]}, {"Name": "Right-/ Left-Handed", "Value": ["Right-Handed"]}, {"Name": "Country/Region of Manufacture", "Value": ["Korea, Republic of"]}, {"Name": "Body Color", "Value": ["Tobacco Sunburst"]}, {"Name": "Dexterity", "Value": ["Right-Handed"]}, {"Name": "Features", "Value": ["Built-in Effects"]}, {"Name": "Body Material", "Value": ["Solid Wood"]}, {"Name": "Product Line", "Value": ["Variax"]}, {"Name": "String Configuration", "Value": ["6 String"]}, {"Name": "Body Type", "Value": ["Solid"]}, {"Name": "MPN", "Value": ["Does Not Apply"]}, {"Name": "Size", "Value": ["Full Size"]}]}, "HitCount": 411, "PrimaryCategoryIDPath": "619:3858:33034", "Country": "US", "ReturnPolicy": {"ReturnsAccepted": "ReturnsNotAccepted"}, "MinimumToBid": {"Value": 681.0, "CurrencyID": "USD"}, "AutoPay": false, "PaymentAllowedSite": [], "IntegratedMerchantCreditCardEnabled": false, "HandlingTime": 3, "ConditionID": 3000, "ConditionDisplayName": "Used", "GlobalShipping": false, "QuantitySoldByPickupInStore": 0, "NewBestOffer": false}