{"BestOfferEnabled": true, "Description": "Up for auction is this very nice 1999 American Deluxe HSS Stratocaster. This guitar is in Very Good condition. There are no significant flaws to the Transparent Red finish and only a few minor mars or dings, none of which can be seen except under close physical examination. There is some very light scratching above the pick guard towards the upper bout, and some belt rash on the back. Everything on this guitar is original equipment. To start, this guitar is an HSS or Humbucker, Single coil, Single Coil pickup configuration. The pick guard and Tremolo Spring Cover are 3 ply white. The controls and pickups are white. Standard is the Fender 5 way pick up selector switch. The pickups are original Fender Noiseless. The bridge is the fully adjustable solid metal bridge sections model as are used on the current American Elite series of Stratocasters, with a pop in tremolo bar and 2 point tremolo tailpiece. This particular guitar has a 9.5\" radius adjustable maple neck with rolled edges, highly detailed and finished medium frets and a beautiful dark Rosewood fingerboard with Abalone dot fret marker inlays. There is no discernible fret wear. It has Fender's MicroTIlt adjustment access in the heel plate. The nut is a Fender LSR roller nut. There is no fret wear. Up top, the tuning gears are polished locking machines. This guitar comes complete with Tremolo bar, Polishing Cloth, Neck, Bridge and heel Allen Adjusting wrenches, and a deluxe Fender Gig bag. And certainly, please feel free to ask any questions and good luck!", "ItemID": "323660584065", "EndTime": "2019-01-26T18:57:40.000Z", "StartTime": "2019-01-23T01:00:14.000Z", "ViewItemURLForNaturalSearch": "https://www.ebay.com/itm/1999-Fender-American-Deluxe-HSS-Stratocaster-w-Solid-Ash-Body-Trans-Red-/323660584065", "ListingType": "Chinese", "Location": "San Diego, California", "PaymentMethods": ["PayPal"], "GalleryURL": "https://thumbs2.ebaystatic.com/pict/3236605840658080_1.jpg", "PictureURL": ["https://i.ebayimg.com/00/s/MTYwMFgxMjAw/z/QhYAAOSw7OdcORe3/$_57.JPG?set_id=8800005007", "https://i.ebayimg.com/00/s/MTIwMFgxNjAw/z/XoEAAOSwGUpcORb7/$_57.JPG?set_id=8800005007", "https://i.ebayimg.com/00/s/MTIwMFgxNjAw/z/tmUAAOSwmE9cOReQ/$_57.JPG?set_id=8800005007", "https://i.ebayimg.com/00/s/MTIwMFgxNjAw/z/kkQAAOSwTEZcORcB/$_57.JPG?set_id=8800005007", "https://i.ebayimg.com/00/s/MTIwMFgxNjAw/z/td0AAOSw4ohcORcc/$_57.JPG?set_id=8800005007", "https://i.ebayimg.com/00/s/MTIwMFgxNjAw/z/U8YAAOSw1IhcORbg/$_57.JPG?set_id=8800005007", "https://i.ebayimg.com/00/s/MTIwMFgxNjAw/z/vl0AAOSwqnlcORcM/$_57.JPG?set_id=8800005007", "https://i.ebayimg.com/00/s/MTIwMFgxNjAw/z/seMAAOSwmE5cORbm/$_57.JPG?set_id=8800005007", "https://i.ebayimg.com/00/s/MTIwMFgxNjAw/z/tpAAAOSwKL5cORbW/$_57.JPG?set_id=8800005007", "https://i.ebayimg.com/00/s/MTIwMFgxNjAw/z/PLAAAOSw8PJcORa9/$_57.JPG?set_id=8800005007"], "PostalCode": "92128", "PrimaryCategoryID": "33034", "PrimaryCategoryName": "Musical Instruments & Gear:Guitars & Basses:Electric Guitars", "Quantity": 1, "Seller": {"UserID": "lenard4u", "FeedbackRatingStar": "Blue", "FeedbackScore": 63, "PositiveFeedbackPercent": 100.0}, "BidCount": 1, "ConvertedCurrentPrice": {"Value": 750.0, "CurrencyID": "USD"}, "CurrentPrice": {"Value": 750.0, "CurrencyID": "USD"}, "HighBidder": {"UserID": "i***p", "FeedbackPrivate": false, "FeedbackRatingStar": "Blue", "FeedbackScore": 68}, "ListingStatus": "Completed", "QuantitySold": 1, "ShipToLocations": ["US"], "Site": "US", "TimeLeft": "PT0S", "Title": "1999 Fender American Deluxe HSS Stratocaster w/ Solid Ash Body in Trans Red", "ItemSpecifics": {"NameValueList": [{"Name": "Brand", "Value": ["Fender"]}, {"Name": "Body Type", "Value": ["Solid"]}, {"Name": "String Configuration", "Value": ["6 String"]}, {"Name": "Body Material", "Value": ["Ash"]}, {"Name": "Model Year", "Value": ["1999"]}, {"Name": "Right-/ Left-Handed", "Value": ["Right-Handed"]}, {"Name": "Size", "Value": ["Full Size"]}, {"Name": "Product Line", "Value": ["Fender American Deluxe HSS"]}, {"Name": "Model", "Value": ["Stratocaster American Deluxe HSS"]}, {"Name": "Body Color", "Value": ["Transparent Red"]}]}, "HitCount": 89, "Subtitle": "1999 Am Deluxe Strat, 9.5\" Neck, Excellent Cond! ", "PrimaryCategoryIDPath": "619:3858:33034", "Country": "US", "ReturnPolicy": {"Refund": "Money Back", "ReturnsWithin": "14 Days", "ReturnsAccepted": "Returns Accepted", "ShippingCostPaidBy": "Buyer", "InternationalReturnsAccepted": "ReturnsNotAccepted"}, "MinimumToBid": {"Value": 760.0, "CurrencyID": "USD"}, "AutoPay": false, "PaymentAllowedSite": [], "IntegratedMerchantCreditCardEnabled": false, "HandlingTime": 1, "ConditionID": 3000, "ConditionDisplayName": "Used", "GlobalShipping": false, "QuantitySoldByPickupInStore": 0, "NewBestOffer": false}