{"BestOfferEnabled": false, "Description": "The Paul Reed Smith Hollowbody I electric guitar gives you great hollowbody tone in an easy-to-handle body size. It gives you incredible acoustic sound, as well as electric tones. Its oversize F-holes give it an authentic acoustic flavor, while the modified pickups give it less of a tendency to feed back than you might find in a hollowbody instrument. The Hollowbody I is made of solid woods throughout - no plywood - and the bridge is anchored in a sound post, not a long block, allowing the guitar to generate lots of tone and volume.Paul Reed Smith Hollowbody I Features: \u00b7 Maple top \u00b7 Sunburst Finish \u00b7 Carved mahogany back and sides \u00b7 Depth: 1 3/4\" at rim; 3\" at bridge \u00b7 Mahogany neck \u00b7 22 fret \u00b7 10\" radius \u00b7 Rosewood fretboard \u00b7 Wide-fat neck carve \u00b7 Standard inlays \u00b7 Headstock matches back and neck \u00b7 PRS stoptail \u00b7 14 to 1 low mass tuners \u00b7 Specially voiced McCarty Archtop pickups \u00b7 Volume and tone control \u00b7 3-way toggle pickup selector \u00b7 Includes Hardshell CaseThis instrument is flawless with no scratches. The 2 screws on the back stop tail have dings as shown in the picture, but that is it. On Jan-24-19 at 05:28:46 PST, seller added the following information: Buy It Now price of $2,100.00 has disappeared from my listing. It still remains. I am contacting EBay about this issue. Thank you for your interest. I will also ship based on actual and not estimated shipment cost to Buyer location.", "ItemID": "223331767458", "EndTime": "2019-01-25T18:16:18.000Z", "StartTime": "2019-01-18T18:16:18.000Z", "ViewItemURLForNaturalSearch": "https://www.ebay.com/itm/Paul-Reed-Smith-Hollowbody-/223331767458", "ListingType": "Chinese", "Location": "Webster, New York", "PaymentMethods": ["PayPal"], "GalleryURL": "https://thumbs3.ebaystatic.com/pict/2233317674588080_1.jpg", "PictureURL": ["https://i.ebayimg.com/00/s/MTYwMFgxMjAw/z/WEgAAOSwhexcQhIL/$_57.JPG?set_id=8800005007", "https://i.ebayimg.com/00/s/MTYwMFgxMjAw/z/NssAAOSwsDZcQhId/$_57.JPG?set_id=8800005007", "https://i.ebayimg.com/00/s/MTYwMFgxMjAw/z/vOEAAOSws2RcQhIx/$_57.JPG?set_id=8800005007", "https://i.ebayimg.com/00/s/MTYwMFgxMjAw/z/HSEAAOSw5vxcQhI3/$_57.JPG?set_id=8800005007", "https://i.ebayimg.com/00/s/MTYwMFgxMjAw/z/JjkAAOSwuQhcQhI7/$_57.JPG?set_id=8800005007", "https://i.ebayimg.com/00/s/MTYwMFgxMjAw/z/ljYAAOSwWN5cQhJD/$_57.JPG?set_id=8800005007", "https://i.ebayimg.com/00/s/MTYwMFgxMjAw/z/L5IAAOSwpzRcQhJO/$_57.JPG?set_id=8800005007", "https://i.ebayimg.com/00/s/MTYwMFgxMjAw/z/3aUAAOSw9m5cQhJT/$_57.JPG?set_id=8800005007", "https://i.ebayimg.com/00/s/MTYwMFgxMjAw/z/n5IAAOSwKSlcQhJd/$_57.JPG?set_id=8800005007", "https://i.ebayimg.com/00/s/MTYwMFgxMjAw/z/ZCcAAOSwMKxcQhJi/$_57.JPG?set_id=8800005007", "https://i.ebayimg.com/00/s/MTYwMFgxMjAw/z/TSkAAOSw1rpcQhKE/$_57.JPG?set_id=8800005007", "https://i.ebayimg.com/00/s/MTYwMFgxMjAw/z/okIAAOSw5EpcQhLt/$_57.JPG?set_id=8800005007"], "PostalCode": "14580", "PrimaryCategoryID": "33034", "PrimaryCategoryName": "Musical Instruments & Gear:Guitars & Basses:Electric Guitars", "Quantity": 1, "Seller": {"UserID": "rlaskow7951", "FeedbackRatingStar": "Yellow", "FeedbackScore": 32, "PositiveFeedbackPercent": 100.0}, "BidCount": 3, "ConvertedCurrentPrice": {"Value": 1414.0, "CurrencyID": "USD"}, "CurrentPrice": {"Value": 1414.0, "CurrencyID": "USD"}, "HighBidder": {"UserID": "k***i", "FeedbackPrivate": false, "FeedbackRatingStar": "Purple", "FeedbackScore": 995}, "ListingStatus": "Completed", "QuantitySold": 1, "ShipToLocations": ["US"], "Site": "US", "TimeLeft": "PT0S", "Title": "Paul Reed Smith Hollowbody I", "ItemSpecifics": {"NameValueList": [{"Name": "Brand", "Value": ["PRS"]}, {"Name": "Body Type", "Value": ["Semi-Hollow"]}, {"Name": "Model", "Value": ["PRS McCarty Hollowbody I"]}, {"Name": "Body Color", "Value": ["Sunburst"]}, {"Name": "String Configuration", "Value": ["6 String"]}, {"Name": "Features", "Value": ["double cut away"]}, {"Name": "Right-/ Left-Handed", "Value": ["Right-Handed"]}, {"Name": "Model Year", "Value": ["2008"]}, {"Name": "Country/Region of Manufacture", "Value": ["United States"]}]}, "HitCount": 275, "PrimaryCategoryIDPath": "619:3858:33034", "Country": "US", "ReturnPolicy": {"ReturnsAccepted": "ReturnsNotAccepted", "InternationalReturnsAccepted": "ReturnsNotAccepted"}, "MinimumToBid": {"Value": 1439.0, "CurrencyID": "USD"}, "AutoPay": true, "PaymentAllowedSite": [], "IntegratedMerchantCreditCardEnabled": false, "HandlingTime": 2, "ConditionID": 3000, "ConditionDisplayName": "Used", "ExcludeShipToLocation": ["Alaska/Hawaii", "US Protectorates", "APO/FPO", "Africa", "Central America and Caribbean", "Europe", "North America", "Oceania", "Southeast Asia", "South America", "RU", "AF", "AM", "AZ", "BD", "BT", "CN", "GE", "IN", "JP", "KZ", "KR", "KG", "MV", "MN", "NP", "PK", "LK", "TJ", "TM", "UZ", "PO Box"], "GlobalShipping": false, "ConditionDescription": "Exceptional. I consider it NEW", "QuantitySoldByPickupInStore": 0, "NewBestOffer": false}