{"BestOfferEnabled": false, "Description": "'95 Gibson Les Paul Studio Electric Guitar Ebony SeymourDuncanSethLoverPickups The finish shows wear in some spots, a couple dings on face edge (see photos for details), otherwise in very nice condition. We were told the frets have just been leveled and new Seymour Duncan Seth Lover Pickups were recently put on. Comes in nice hard black locking case, with key and guitar strap. Items come as Pictured Customers from Washinton State must pay 8.5% sales tax on items. We are a locally owned Pawn Shop, that opened our doors in Bellingham WA in 1989. We deal in mostly in 2nd hand merchandise. Please feel free to contact us with any questions or concerns. We try to answer questions ASAP, we also run a store at the same time, but can't always get to them immediatly Please be aware that items must be returned in the same condition they were purchased in. If an item is brand new sealed and returned opened a 15% restocking fee will be charged. I have had a lot of non-paying customers, so I require payment or contact from buyer within 3 days. I will open a case against any non paying customer. If you have less than 10 feedback please contact me before bidding. Bellingham Pawn Shop Located in Bellingham WA 360-671-3073 You may be interested in our other eBay listings. Powered by SixBit's eCommerce Solution", "ItemID": "113564439657", "EndTime": "2019-01-26T17:53:20.000Z", "StartTime": "2019-01-16T17:53:20.000Z", "ViewItemURLForNaturalSearch": "https://www.ebay.com/itm/1995-Gibson-Les-Paul-Studio-Electric-Guitar-Ebony-SethLoverPickups-NO-RESERVE-/113564439657", "ListingType": "Chinese", "Location": "Bellingham, Washington", "PaymentMethods": ["PayPal"], "GalleryURL": "https://thumbs2.ebaystatic.com/pict/1135644396578080_1.jpg", "PictureURL": ["https://i.ebayimg.com/00/s/MTA2NFgxNjAw/z/YskAAOSwQT5bmYxp/$_57.JPG?set_id=880000500F", "https://i.ebayimg.com/00/s/MTA2NFgxNjAw/z/blQAAOSwtHZbmYxs/$_57.JPG?set_id=880000500F", "https://i.ebayimg.com/00/s/MTA2NFgxNjAw/z/NXYAAOSw2~JbmYxv/$_57.JPG?set_id=880000500F", "https://i.ebayimg.com/00/s/MTA2NFgxNjAw/z/3UkAAOSwky1bmYxy/$_57.JPG?set_id=880000500F", "https://i.ebayimg.com/00/s/MTA2NFgxNjAw/z/HiIAAOSw51BbmYx2/$_57.JPG?set_id=880000500F", "https://i.ebayimg.com/00/s/MTA2NFgxNjAw/z/bnMAAOSwtHZbmYx5/$_57.JPG?set_id=880000500F", "https://i.ebayimg.com/00/s/MTA2NFgxNjAw/z/ULsAAOSwDftbmYx7/$_57.JPG?set_id=880000500F", "https://i.ebayimg.com/00/s/MTA2NFgxNjAw/z/HnkAAOSw0F9bmYx-/$_57.JPG?set_id=880000500F", "https://i.ebayimg.com/00/s/MTA2NFgxNjAw/z/91kAAOSwzi9bmYyB/$_57.JPG?set_id=880000500F", "https://i.ebayimg.com/00/s/MTA2NFgxNjAw/z/stcAAOSwGsdbmYyD/$_57.JPG?set_id=880000500F", "https://i.ebayimg.com/00/s/MTA2NFgxNjAw/z/PqsAAOSwiHRbmYyG/$_57.JPG?set_id=880000500F", "https://i.ebayimg.com/00/s/MTA2NFgxNjAw/z/h8oAAOSw435bmYyJ/$_57.JPG?set_id=880000500F"], "PostalCode": "98225", "PrimaryCategoryID": "33034", "PrimaryCategoryName": "Musical Instruments & Gear:Guitars & Basses:Electric Guitars", "Quantity": 1, "Seller": {"UserID": "bellinghampawn", "FeedbackRatingStar": "Green", "FeedbackScore": 8480, "PositiveFeedbackPercent": 100.0}, "BidCount": 11, "ConvertedCurrentPrice": {"Value": 637.36, "CurrencyID": "USD"}, "CurrentPrice": {"Value": 637.36, "CurrencyID": "USD"}, "HighBidder": {"UserID": "n***a", "FeedbackPrivate": false, "FeedbackRatingStar": "Purple", "FeedbackScore": 574}, "ListingStatus": "Completed", "QuantitySold": 1, "ShipToLocations": ["US"], "Site": "US", "TimeLeft": "PT0S", "Title": "1995 Gibson Les Paul Studio Electric Guitar Ebony SethLoverPickups *NO RESERVE*", "ItemSpecifics": {"NameValueList": [{"Name": "Brand", "Value": ["Gibson"]}, {"Name": "Body Type", "Value": ["Solid"]}, {"Name": "MPN", "Value": ["Does Not Apply"]}, {"Name": "Model", "Value": ["Les Paul"]}, {"Name": "String Configuration", "Value": ["6 String"]}, {"Name": "Body Color", "Value": ["Black"]}, {"Name": "Model Year", "Value": ["1995"]}, {"Name": "Right-/ Left-Handed", "Value": ["Right-Handed"]}, {"Name": "Country/Region of Manufacture", "Value": ["United States"]}]}, "HitCount": 912, "PrimaryCategoryIDPath": "619:3858:33034", "Storefront": {"StoreURL": "https://stores.ebay.com/id=564617270", "StoreName": "bellinghampawn"}, "Country": "US", "ReturnPolicy": {"Refund": "Money back or replacement (buyer's choice)", "ReturnsWithin": "30 Days", "ReturnsAccepted": "Returns Accepted", "ShippingCostPaidBy": "Buyer", "InternationalReturnsAccepted": "ReturnsNotAccepted"}, "MinimumToBid": {"Value": 647.36, "CurrencyID": "USD"}, "AutoPay": false, "PaymentAllowedSite": [], "IntegratedMerchantCreditCardEnabled": false, "HandlingTime": 1, "ConditionID": 3000, "ConditionDisplayName": "Used", "ExcludeShipToLocation": ["Africa", "Asia", "Central America and Caribbean", "Europe", "Middle East", "Oceania", "Southeast Asia", "South America", "PO Box"], "GlobalShipping": false, "QuantitySoldByPickupInStore": 0, "NewBestOffer": false}