{"BestOfferEnabled": false, "Description": "Hi. For auction is my Eric Johnson Fender Signature Strat. I have enjoyed it immensely but simply have accumulated too many musical toys so I am thinning the herd. It is exactly as it came from the factory; no alterations, no modifications, never taken apart. This is important to me, I think if EJ and Fender wanted this guitar differently than what it is they would have made it that way. It has been in my smoke free home it's entire life and is easily one of the best examples of a used Strat you'll find. There are no dents, dings or paint chips of any kind. Any scratches present are indistinguishable and can only be seen if looked for in light while tilting the guitar. The neck action is exactly what you would expect...fast. It comes with everything from the factory as seen in the pictures. The wah bar has never been screwed into the guitar nor has it ever had a guitar strap on it, no \"buckle rash\" or strap marks. It has a new set of EJ strings on it and is ready to play. In an effort provide good pictures I took photos of it both inside and outside. Feel free to ask any questions. When shipped I will wrap the case with bubble wrap top to bottom and box it appropriately. Thanks Shipping and sale to lower 48 only. No international shipping. Not exactly sure what the UPC code is on the listing - that was not added by me. I have this listed for sale locally, if sold locally I reserve the right to stop the auction at that time. Thanks", "ItemID": "192796697468", "EndTime": "2019-01-26T19:27:37.000Z", "StartTime": "2019-01-19T19:27:37.000Z", "ViewItemURLForNaturalSearch": "https://www.ebay.com/itm/Eric-Johnson-Fender-Stratocaster-Excellent-Condition-/192796697468", "ListingType": "Chinese", "Location": "Kingsport, Tennessee", "PaymentMethods": ["PayPal"], "GalleryURL": "https://thumbs1.ebaystatic.com/pict/1927966974688080_1.jpg", "PictureURL": ["https://i.ebayimg.com/00/s/MTU5OVgxMjAw/z/sl8AAOSwpppcQ1O-/$_32.JPG?set_id=880000500F", "https://i.ebayimg.com/00/s/MTU5OVgxMjAw/z/JpUAAOSw0vJcQ1PN/$_32.JPG?set_id=880000500F", "https://i.ebayimg.com/00/s/MTU5OVgxMjAw/z/WP8AAOSwMlNcQ1Pd/$_32.JPG?set_id=880000500F", "https://i.ebayimg.com/00/s/MTU5OVgxMjAw/z/MVsAAOSwGI5cQ1P3/$_32.JPG?set_id=880000500F", "https://i.ebayimg.com/00/s/MTU5OVgxMjAw/z/7~QAAOSwR0dcQ1QJ/$_32.JPG?set_id=880000500F", "https://i.ebayimg.com/00/s/MTU5OVgxMjAw/z/OREAAOSwrAFcQ1QY/$_32.JPG?set_id=880000500F", "https://i.ebayimg.com/00/s/MTU5OVgxMjAw/z/8SMAAOSwNqxcQ1Qt/$_32.JPG?set_id=880000500F", "https://i.ebayimg.com/00/s/MTU5OVgxMjAw/z/lmEAAOSwN11cQ1Q9/$_32.JPG?set_id=880000500F", "https://i.ebayimg.com/00/s/MTIwMFgxNTk5/z/TrcAAOSw7OdcQ1RN/$_32.JPG?set_id=880000500F", "https://i.ebayimg.com/00/s/MTIwMFgxNTk5/z/-1IAAOSwiqBcQ1RZ/$_32.JPG?set_id=880000500F", "https://i.ebayimg.com/00/s/MTIwMFgxNTk5/z/RaAAAOSwH1pcQ1R2/$_32.JPG?set_id=880000500F"], "PostalCode": "37663", "PrimaryCategoryID": "33034", "PrimaryCategoryName": "Musical Instruments & Gear:Guitars & Basses:Electric Guitars", "Quantity": 1, "Seller": {"UserID": "eroberts63", "FeedbackRatingStar": "Turquoise", "FeedbackScore": 319, "PositiveFeedbackPercent": 100.0}, "BidCount": 5, "ConvertedCurrentPrice": {"Value": 1275.0, "CurrencyID": "USD"}, "CurrentPrice": {"Value": 1275.0, "CurrencyID": "USD"}, "HighBidder": {"UserID": "8***n", "FeedbackPrivate": false, "FeedbackRatingStar": "Purple", "FeedbackScore": 982}, "ListingStatus": "Completed", "QuantitySold": 1, "ShipToLocations": ["US", "CA", "GB", "DK", "RO", "SK", "BG", "CZ", "FI", "HU", "LV", "LT", "MT", "EE", "AU", "GR", "PT", "CY", "SI", "JP", "CN", "SE", "KR", "ID", "TW", "TH", "BE", "FR", "HK", "IE", "NL", "PL", "ES", "IT", "DE", "AT", "BS", "IL", "MX", "NZ", "SG", "CH", "NO", "SA", "UA", "AE", "QA", "KW", "BH", "HR", "MY", "CO", "PA", "JM", "BB", "BD", "BM", "BN", "BO", "EG", "GF", "GG", "GI", "GP", "IS", "JE", "JO", "KH", "KY", "LI", "LK", "LU", "MC", "MO", "MQ", "MV", "NI", "OM", "PK", "PY", "RE"], "Site": "US", "TimeLeft": "PT0S", "Title": "\u00a0Eric Johnson Fender Stratocaster Excellent Condition", "ItemSpecifics": {"NameValueList": [{"Name": "Custom Bundle", "Value": ["No"]}, {"Name": "Modified Item", "Value": ["No"]}, {"Name": "Model", "Value": ["Stratocaster American Standard"]}, {"Name": "Right-/ Left-Handed", "Value": ["Right-Handed"]}, {"Name": "Brand", "Value": ["Fender"]}, {"Name": "Body Material", "Value": ["Alder"]}, {"Name": "String Configuration", "Value": ["6 String"]}, {"Name": "Body Type", "Value": ["Solid"]}, {"Name": "MPN", "Value": ["117700897"]}]}, "HitCount": 375, "PrimaryCategoryIDPath": "619:3858:33034", "Country": "US", "ReturnPolicy": {"ReturnsAccepted": "ReturnsNotAccepted"}, "MinimumToBid": {"Value": 1300.0, "CurrencyID": "USD"}, "ProductID": {"Value": "78656130", "Type": "Reference"}, "AutoPay": false, "PaymentAllowedSite": [], "IntegratedMerchantCreditCardEnabled": false, "HandlingTime": 3, "ConditionID": 3000, "ConditionDisplayName": "Used", "GlobalShipping": true, "QuantitySoldByPickupInStore": 0, "NewBestOffer": false}