{"BestOfferEnabled": false, "Description": "2009 Epiphone Custom Shop Les Paul Standard LTD Edition Grover tuners Gold colored hardware Worn Cherry in satin finish Preowned Great guitar and rare satin cherry finish. Just have others that I play more now. Includes the brand new soft case Suggest having it set up and gone over to your liking. One knob is little loose. I just haven\u2019t got a chance to tighten. Very clean with minimal signs of wear. See photos for details!!! Will be well packed and shipped fast!!! Thanks!!!!", "ItemID": "123601429400", "EndTime": "2019-01-25T20:17:41.000Z", "StartTime": "2019-01-18T20:17:41.000Z", "ViewItemURLForNaturalSearch": "https://www.ebay.com/itm/2009-Epiphone-Les-Paul-Standard-LTD-Ed-Worn-Cherry-Gold-Hardware-W-soft-Case-/123601429400", "ListingType": "Chinese", "Location": "Cleveland, Tennessee", "PaymentMethods": ["PayPal"], "GalleryURL": "https://thumbs1.ebaystatic.com/pict/1236014294008080_1.jpg", "PictureURL": ["https://i.ebayimg.com/00/s/MTYwMFgxMDgw/z/BBUAAOSwEvZcQjHw/$_12.JPG?set_id=880000500F", "https://i.ebayimg.com/00/s/MTYwMFgxMjAw/z/wlQAAOSw~2VcQibQ/$_12.JPG?set_id=880000500F", "https://i.ebayimg.com/00/s/MTYwMFgxMjAw/z/0~wAAOSwxrJcQibS/$_12.JPG?set_id=880000500F", "https://i.ebayimg.com/00/s/MTYwMFgxMjAw/z/PzIAAOSwseFcQjIf/$_12.JPG?set_id=880000500F", "https://i.ebayimg.com/00/s/MTYwMFgxMjAw/z/AzYAAOSwKwhcQjJO/$_12.JPG?set_id=880000500F", "https://i.ebayimg.com/00/s/MTYwMFgxNDMw/z/WLkAAOSw-V1cQibJ/$_12.JPG?set_id=880000500F", "https://i.ebayimg.com/00/s/MTIwMFgxNjAw/z/ZI8AAOSwZqlcQibT/$_12.JPG?set_id=880000500F", "https://i.ebayimg.com/00/s/MTYwMFgxMTQ0/z/jvcAAOSwYYpcQibL/$_12.JPG?set_id=880000500F", "https://i.ebayimg.com/00/s/MTYwMFgxNDIy/z/~B0AAOSwxDJcQibE/$_12.JPG?set_id=880000500F", "https://i.ebayimg.com/00/s/MTYwMFgxMjAw/z/qPYAAOSws7VcQibV/$_12.JPG?set_id=880000500F", "https://i.ebayimg.com/00/s/MTIwMFgxNjAw/z/ZvwAAOSw8zNcQibP/$_12.JPG?set_id=880000500F", "https://i.ebayimg.com/00/s/MTYwMFg4ODA=/z/A28AAOSw11BcQjGA/$_12.JPG?set_id=880000500F"], "PostalCode": "37311", "PrimaryCategoryID": "33034", "PrimaryCategoryName": "Musical Instruments & Gear:Guitars & Basses:Electric Guitars", "Quantity": 1, "Seller": {"UserID": "morriscatpuff", "FeedbackRatingStar": "Red", "FeedbackScore": 2149, "PositiveFeedbackPercent": 99.3}, "BidCount": 1, "ConvertedCurrentPrice": {"Value": 300.0, "CurrencyID": "USD"}, "CurrentPrice": {"Value": 300.0, "CurrencyID": "USD"}, "HighBidder": {"UserID": "b***r", "FeedbackPrivate": false, "FeedbackRatingStar": "None", "FeedbackScore": 1}, "ListingStatus": "Completed", "QuantitySold": 1, "ShipToLocations": ["US", "CA", "GB", "DK", "RO", "SK", "BG", "CZ", "FI", "HU", "LV", "LT", "MT", "EE", "AU", "GR", "PT", "CY", "SI", "JP", "CN", "SE", "KR", "ID", "TW", "TH", "BE", "FR", "HK", "IE", "NL", "PL", "ES", "IT", "DE", "AT", "BS", "IL", "MX", "NZ", "SG", "CH", "NO", "SA", "UA", "AE", "QA", "KW", "BH", "HR", "MY", "CL", "CO", "CR", "PA", "TT", "GT", "HN", "JM", "AG", "AW", "BZ", "DM", "GD", "KN", "LC", "MS", "TC", "BB", "BD", "BM", "BN", "BO", "EG", "GF", "GG", "GI", "GP", "IS", "JE", "JO", "KH", "KY", "LI", "LK", "LU", "MC", "MO", "MQ", "MV", "NI", "OM", "PK", "PY", "RE"], "Site": "US", "TimeLeft": "PT0S", "Title": "2009 Epiphone Les Paul Standard LTD Ed Worn Cherry Gold Hardware W/soft Case", "ItemSpecifics": {"NameValueList": [{"Name": "Brand", "Value": ["Epiphone"]}, {"Name": "Model", "Value": ["Custom"]}, {"Name": "Body Type", "Value": ["Solid"]}, {"Name": "Body Color", "Value": ["Worn Cherry"]}, {"Name": "Right-/ Left-Handed", "Value": ["Right-Handed"]}, {"Name": "Model Year", "Value": ["2009"]}]}, "HitCount": 183, "PrimaryCategoryIDPath": "619:3858:33034", "Storefront": {"StoreURL": "https://stores.ebay.com/id=65144630", "StoreName": "RUSTY&#39;S DUSTY VINTAGE GOLD"}, "Country": "US", "ReturnPolicy": {"ReturnsAccepted": "ReturnsNotAccepted"}, "MinimumToBid": {"Value": 305.0, "CurrencyID": "USD"}, "AutoPay": true, "PaymentAllowedSite": [], "IntegratedMerchantCreditCardEnabled": false, "HandlingTime": 1, "ConditionID": 3000, "ConditionDisplayName": "Used", "GlobalShipping": true, "QuantitySoldByPickupInStore": 0, "NewBestOffer": false}