{"BestOfferEnabled": true, "Description": "Used vintage white Fender Stratocaster parts guitar with vintage white EMG pickups HSS set from the early 80s. Guitar was put together using old Stratocaster parts to make an excellent sounding players guitar. Great feel and perfect for blues and hard rock. 21 frets. A new battery might be needed which is accessed by removing the pick guard. Ideal for gigs as in having the ability to get the tone you want while not worrying if it gets banged up while taking it around to different locations. Auction is for guitar only. No case or stand included. Please message any questions or offers. Guitar sold as is. All sales final. No returns.", "ItemID": "143102078719", "EndTime": "2019-01-25T20:46:20.000Z", "StartTime": "2019-01-24T03:50:58.000Z", "ViewItemURLForNaturalSearch": "https://www.ebay.com/itm/Vintage-White-Fender-Stratocaster-Parts-Guitar-EMG-Pickups-HSS-/143102078719", "ListingType": "Chinese", "Location": "Hagerstown, Maryland", "PaymentMethods": ["PayPal"], "GalleryURL": "https://thumbs4.ebaystatic.com/pict/1431020787198080_1.jpg", "PictureURL": ["https://i.ebayimg.com/00/s/OTk5WDc0OQ==/z/vcEAAOSw4P1awJ5W/$_12.JPG?set_id=880000500F", "https://i.ebayimg.com/00/s/OTk5WDc0OQ==/z/kEkAAOSwWGxawJ5Y/$_12.JPG?set_id=880000500F", "https://i.ebayimg.com/00/s/OTk5WDc0OQ==/z/tmYAAOSwda1awJ5b/$_12.JPG?set_id=880000500F", "https://i.ebayimg.com/00/s/OTk5WDc0OQ==/z/ZFcAAOSw35FawJ5d/$_12.JPG?set_id=880000500F", "https://i.ebayimg.com/00/s/OTk5WDc0OQ==/z/mFAAAOSw3MpawJ5h/$_12.JPG?set_id=880000500F", "https://i.ebayimg.com/00/s/OTk5WDc0OQ==/z/hfAAAOSwfaBawJ5i/$_12.JPG?set_id=880000500F", "https://i.ebayimg.com/00/s/OTk5WDc0OQ==/z/BHUAAOSwnCxawJ5j/$_12.JPG?set_id=880000500F", "https://i.ebayimg.com/00/s/OTk5WDc0OQ==/z/tlkAAOSwIrpawJ5l/$_12.JPG?set_id=880000500F", "https://i.ebayimg.com/00/s/OTk5WDc0OQ==/z/uw8AAOSwszpawKKQ/$_12.JPG?set_id=880000500F", "https://i.ebayimg.com/00/s/OTk5WDc0OQ==/z/1TwAAOSwKJtawKKR/$_12.JPG?set_id=880000500F", "https://i.ebayimg.com/00/s/OTk5WDc0OQ==/z/lOEAAOSwD99awKKU/$_12.JPG?set_id=880000500F"], "PostalCode": "21740", "PrimaryCategoryID": "33034", "PrimaryCategoryName": "Musical Instruments & Gear:Guitars & Basses:Electric Guitars", "Quantity": 1, "Seller": {"UserID": "jp1761", "FeedbackRatingStar": "Yellow", "FeedbackScore": 23, "PositiveFeedbackPercent": 100.0}, "BidCount": 1, "ConvertedCurrentPrice": {"Value": 605.0, "CurrencyID": "USD"}, "CurrentPrice": {"Value": 605.0, "CurrencyID": "USD"}, "HighBidder": {"UserID": "a***d", "FeedbackPrivate": false, "FeedbackRatingStar": "Turquoise", "FeedbackScore": 212}, "ListingStatus": "Completed", "QuantitySold": 1, "ShipToLocations": ["US", "CA", "GB", "DK", "RO", "SK", "BG", "CZ", "FI", "HU", "LV", "LT", "MT", "EE", "AU", "GR", "PT", "CY", "SI", "JP", "CN", "SE", "KR", "ID", "TW", "TH", "BE", "FR", "HK", "IE", "NL", "PL", "ES", "IT", "DE", "AT", "BS", "IL", "MX", "NZ", "SG", "CH", "NO", "SA", "UA", "AE", "QA", "KW", "BH", "HR", "MY", "CL", "CO", "CR", "PA", "TT", "GT", "HN", "JM", "BB", "BD", "BM", "BN", "BO", "EG", "GF", "GG", "GI", "GP", "IS", "JE", "JO", "KH", "KY", "LI", "LK", "LU", "MC", "MO", "MQ", "MV", "NI", "OM", "PK", "PY", "RE"], "Site": "US", "TimeLeft": "PT0S", "Title": "Vintage White Fender Stratocaster Parts Guitar With EMG Pickups HSS", "HitCount": 49, "PrimaryCategoryIDPath": "619:3858:33034", "Country": "US", "ReturnPolicy": {"ReturnsAccepted": "ReturnsNotAccepted", "InternationalReturnsAccepted": "ReturnsNotAccepted"}, "MinimumToBid": {"Value": 615.0, "CurrencyID": "USD"}, "AutoPay": false, "PaymentAllowedSite": [], "IntegratedMerchantCreditCardEnabled": false, "HandlingTime": 3, "ConditionID": 3000, "ConditionDisplayName": "Used", "GlobalShipping": true, "ConditionDescription": "Great playing condition", "QuantitySoldByPickupInStore": 0, "NewBestOffer": false}