{"BestOfferEnabled": true, "Description": "For sale is a Fender Stratocaster Plus Model 10-9500 purchased new in 1994. Fender/Lace Sensor pickups (blue, silver, red), Fender/Wilkinson roller nut, Deluxe American Standard tremolo. Hip-Shot Trem-Setter tremolo stabilizer. Made in USA. 6.93 pounds. Very good if not excellent condition. Close inspection reveals some pick guard scratching, and barely visible surficial scratches above the pick guard and elsewhere. The scratches won\u2019t show in pictures. There is a small chip in the paint near the neck joint (pictured). Slight visible fret wear that will disappear with light polishing. The guitar has been set up using mechanical basics: spring deflection measurements, string height and spring distance measurements, and string tension specs (pictured). Like Leo must have done it 70 years ago. The bridge plate is parallel to the face, so minimal upward tremolo bending, but it now stays in tune better than my fixed bridge guitars. All original except for hex-head 1.5\u201d and 2\u201d #10 tremolo claw screws. These make tension fine adjustment much easier. The original 1.5\u201d #10 Phillips head screws are included. Includes original case candy, manual, tags, hex keys, strap locks, tremolo bar, and strap. Fender Plus hard-shell case is in good shape but for 4 collapsed feet. It went through airport baggage a few times. Ships to a verifiable address CONUS only.", "ItemID": "183649053981", "EndTime": "2019-01-26T01:46:41.000Z", "StartTime": "2019-01-22T23:59:07.000Z", "ViewItemURLForNaturalSearch": "https://www.ebay.com/itm/Fender-American-Stratocaster-Plus-1994-/183649053981", "ListingType": "Chinese", "Location": "Richland, Washington", "PaymentMethods": ["PayPal"], "GalleryURL": "https://thumbs2.ebaystatic.com/pict/1836490539818080_1.jpg", "PictureURL": ["https://i.ebayimg.com/00/s/MTYwMFgxMjAw/z/P5QAAOSwoN5cPmmK/$_32.JPG?set_id=880000500F", "https://i.ebayimg.com/00/s/MTYwMFg5MDA=/z/wdgAAOSwb-1cPmSj/$_32.JPG?set_id=880000500F", "https://i.ebayimg.com/00/s/OTAwWDE2MDA=/z/csYAAOSwN3NcPmOq/$_32.JPG?set_id=880000500F", "https://i.ebayimg.com/00/s/OTAwWDE2MDA=/z/LbgAAOSwrAFcPmO4/$_32.JPG?set_id=880000500F", "https://i.ebayimg.com/00/s/OTAwWDE2MDA=/z/bKUAAOSwgGNcPmO~/$_32.JPG?set_id=880000500F", "https://i.ebayimg.com/00/s/MTYwMFgxMjAw/z/SVoAAOSwHrlcPmmU/$_32.JPG?set_id=880000500F", "https://i.ebayimg.com/00/s/OTAwWDE2MDA=/z/B1QAAOSwnh5cPmzY/$_32.JPG?set_id=880000500F", "https://i.ebayimg.com/00/s/MTYwMFgxMjAw/z/J~EAAOSwNBJcP4v~/$_32.JPG?set_id=880000500F", "https://i.ebayimg.com/00/s/NTQwWDk2MA==/z/uEUAAOSw1~pcQLIu/$_32.JPG?set_id=880000500F"], "PostalCode": "99352", "PrimaryCategoryID": "33034", "PrimaryCategoryName": "Musical Instruments & Gear:Guitars & Basses:Electric Guitars", "Quantity": 1, "Seller": {"UserID": "fballxl52009", "FeedbackRatingStar": "Yellow", "FeedbackScore": 16, "PositiveFeedbackPercent": 100.0}, "BidCount": 1, "ConvertedCurrentPrice": {"Value": 900.0, "CurrencyID": "USD"}, "CurrentPrice": {"Value": 900.0, "CurrencyID": "USD"}, "HighBidder": {"UserID": "i***p", "FeedbackPrivate": false, "FeedbackRatingStar": "Blue", "FeedbackScore": 68}, "ListingStatus": "Completed", "QuantitySold": 1, "ShipToLocations": ["US"], "Site": "US", "TimeLeft": "PT0S", "Title": "Fender American Stratocaster Plus 1994", "ItemSpecifics": {"NameValueList": [{"Name": "Brand", "Value": ["Fender"]}, {"Name": "Model Year", "Value": ["1994"]}, {"Name": "Model", "Value": ["Plus"]}, {"Name": "Right-/ Left-Handed", "Value": ["Right-Handed"]}, {"Name": "Country/Region of Manufacture", "Value": ["United States"]}, {"Name": "Body Color", "Value": ["Red"]}]}, "HitCount": 57, "PrimaryCategoryIDPath": "619:3858:33034", "Country": "US", "ReturnPolicy": {"ReturnsAccepted": "ReturnsNotAccepted"}, "MinimumToBid": {"Value": 910.0, "CurrencyID": "USD"}, "AutoPay": false, "PaymentAllowedSite": [], "IntegratedMerchantCreditCardEnabled": false, "HandlingTime": 3, "ConditionID": 3000, "ConditionDisplayName": "Used", "GlobalShipping": false, "QuantitySoldByPickupInStore": 0, "NewBestOffer": false}