{"BestOfferEnabled": false, "Description": "pre-owned", "ItemID": "143096563609", "EndTime": "2019-01-26T17:29:52.000Z", "StartTime": "2019-01-19T17:29:52.000Z", "ViewItemURLForNaturalSearch": "https://www.ebay.com/itm/fender-telecaster-california-series-97-98-serial-no-amxn713848-usa-/143096563609", "ListingType": "Chinese", "Location": "Grand Rapids, Michigan", "PaymentMethods": ["PayPal"], "GalleryURL": "https://thumbs2.ebaystatic.com/pict/1430965636098080_1.jpg", "PictureURL": ["https://i.ebayimg.com/00/s/NDgwWDY0MA==/z/MVAAAOSwUpFcOiG8/$_57.JPG?set_id=8800005007", "https://i.ebayimg.com/00/s/NDgwWDY0MA==/z/goIAAOSwqLRcOiHE/$_57.JPG?set_id=8800005007", "https://i.ebayimg.com/00/s/NDgwWDY0MA==/z/QPgAAOSwZ-9cOiHN/$_57.JPG?set_id=8800005007", "https://i.ebayimg.com/00/s/NDgwWDY0MA==/z/M7MAAOSwOKxcOiHW/$_57.JPG?set_id=8800005007", "https://i.ebayimg.com/00/s/NDgwWDY0MA==/z/iI4AAOSwm5xcOiHd/$_57.JPG?set_id=8800005007", "https://i.ebayimg.com/00/s/NDgwWDY0MA==/z/nccAAOSwqkRcOiHl/$_57.JPG?set_id=8800005007", "https://i.ebayimg.com/00/s/NDgwWDY0MA==/z/fIsAAOSw~odcOiHv/$_57.JPG?set_id=8800005007", "https://i.ebayimg.com/00/s/NDgwWDY0MA==/z/Id8AAOSw97hcOiH4/$_57.JPG?set_id=8800005007", "https://i.ebayimg.com/00/s/NDgwWDY0MA==/z/bEcAAOSwsqdcOiIA/$_57.JPG?set_id=8800005007", "https://i.ebayimg.com/00/s/NDgwWDY0MA==/z/M6sAAOSwzExcOiIU/$_57.JPG?set_id=8800005007", "https://i.ebayimg.com/00/s/NDgwWDY0MA==/z/Kf8AAOSwYX9cOiIc/$_57.JPG?set_id=8800005007", "https://i.ebayimg.com/00/s/NDgwWDY0MA==/z/5C0AAOSwCWNcOiIl/$_57.JPG?set_id=8800005007"], "PostalCode": "49508", "PrimaryCategoryID": "33034", "PrimaryCategoryName": "Musical Instruments & Gear:Guitars & Basses:Electric Guitars", "Quantity": 1, "Seller": {"UserID": "kentwoodoutlet-online", "FeedbackRatingStar": "Purple", "FeedbackScore": 741, "PositiveFeedbackPercent": 100.0, "TopRatedSeller": true}, "BidCount": 2, "ConvertedCurrentPrice": {"Value": 509.99, "CurrencyID": "USD"}, "CurrentPrice": {"Value": 509.99, "CurrencyID": "USD"}, "HighBidder": {"UserID": "g***e", "FeedbackPrivate": false, "FeedbackRatingStar": "None", "FeedbackScore": 5}, "ListingStatus": "Completed", "QuantitySold": 1, "ShipToLocations": ["US"], "Site": "US", "TimeLeft": "PT0S", "Title": "fender telecaster california series 97-98 serial no amxn713848 usa", "ItemSpecifics": {"NameValueList": [{"Name": "Brand", "Value": ["Fender"]}, {"Name": "Custom Bundle", "Value": ["No"]}, {"Name": "MPN", "Value": ["Does Not Apply"]}, {"Name": "With Bag", "Value": ["No"]}, {"Name": "Series", "Value": ["California"]}, {"Name": "Body Color", "Value": ["Red"]}]}, "HitCount": 342, "PrimaryCategoryIDPath": "619:3858:33034", "Country": "US", "ReturnPolicy": {"Refund": "Money back or replacement (buyer's choice)", "ReturnsWithin": "14 Days", "ReturnsAccepted": "Returns Accepted", "ShippingCostPaidBy": "Buyer"}, "MinimumToBid": {"Value": 519.99, "CurrencyID": "USD"}, "AutoPay": false, "PaymentAllowedSite": [], "IntegratedMerchantCreditCardEnabled": false, "HandlingTime": 3, "ConditionID": 3000, "ConditionDisplayName": "Used", "ExcludeShipToLocation": ["Africa", "Asia", "Central America and Caribbean", "Europe", "Middle East", "Oceania", "Southeast Asia", "South America"], "GlobalShipping": false, "ConditionDescription": "(see pictures)", "QuantitySoldByPickupInStore": 0, "NewBestOffer": false}