{"BestOfferEnabled": false, "Description": "Early 90s Epiphone Coronet. Teal with pearloid puckguard. Sounds good. See pictures for condition.", "ItemID": "233100561095", "EndTime": "2019-01-26T03:27:44.000Z", "StartTime": "2019-01-19T03:27:44.000Z", "ViewItemURLForNaturalSearch": "https://www.ebay.com/itm/Early-90s-Epiphone-Coronet-/233100561095", "ListingType": "Chinese", "Location": "Grove City, Ohio", "PaymentMethods": ["PayPal"], "GalleryURL": "https://thumbs4.ebaystatic.com/pict/2331005610958080_1.jpg", "PictureURL": ["https://i.ebayimg.com/00/s/MTYwMFgxMjAw/z/JsIAAOSwctJcHRfj/$_12.JPG?set_id=880000500F", "https://i.ebayimg.com/00/s/MTYwMFgxMjAw/z/86IAAOSwcOZcHRfq/$_12.JPG?set_id=880000500F", "https://i.ebayimg.com/00/s/MTYwMFgxMjAw/z/d3gAAOSwHSdcHRfl/$_12.JPG?set_id=880000500F", "https://i.ebayimg.com/00/s/MTYwMFgxMjAw/z/U0YAAOSwv0dcHRfn/$_12.JPG?set_id=880000500F", "https://i.ebayimg.com/00/s/MTYwMFgxMjAw/z/Cu4AAOSwxx1cHRfd/$_12.JPG?set_id=880000500F"], "PostalCode": "43123", "PrimaryCategoryID": "33034", "PrimaryCategoryName": "Musical Instruments & Gear:Guitars & Basses:Electric Guitars", "Quantity": 1, "Seller": {"UserID": "cspeicher5", "FeedbackRatingStar": "Turquoise", "FeedbackScore": 390, "PositiveFeedbackPercent": 100.0}, "BidCount": 1, "ConvertedCurrentPrice": {"Value": 250.0, "CurrencyID": "USD"}, "CurrentPrice": {"Value": 250.0, "CurrencyID": "USD"}, "HighBidder": {"UserID": "n***s", "FeedbackPrivate": false, "FeedbackRatingStar": "Green", "FeedbackScore": 5913}, "ListingStatus": "Completed", "QuantitySold": 1, "ShipToLocations": ["US"], "Site": "US", "TimeLeft": "PT0S", "Title": "Early 90s Epiphone Coronet", "ItemSpecifics": {"NameValueList": [{"Name": "Brand", "Value": ["Epiphone"]}, {"Name": "Model Year", "Value": ["1993"]}, {"Name": "Model", "Value": ["Coronet"]}, {"Name": "Country/Region of Manufacture", "Value": ["Korea, Republic of"]}, {"Name": "Body Color", "Value": ["Tweal"]}]}, "HitCount": 157, "PrimaryCategoryIDPath": "619:3858:33034", "Country": "US", "ReturnPolicy": {"ReturnsAccepted": "ReturnsNotAccepted"}, "MinimumToBid": {"Value": 255.0, "CurrencyID": "USD"}, "AutoPay": false, "PaymentAllowedSite": [], "IntegratedMerchantCreditCardEnabled": false, "HandlingTime": 2, "ConditionID": 3000, "ConditionDisplayName": "Used", "GlobalShipping": false, "QuantitySoldByPickupInStore": 0, "NewBestOffer": false}