{"BestOfferEnabled": false, "Description": "gibson les paul standard Tobaco sunburst. Condition is Very Gently used", "ItemID": "233101375750", "EndTime": "2019-01-26T19:14:48.000Z", "StartTime": "2019-01-19T19:14:48.000Z", "ViewItemURLForNaturalSearch": "https://www.ebay.com/itm/gibson-les-paul-standard-Tobaco-sunburst-/233101375750", "ListingType": "Chinese", "Location": "Truckee, California", "PaymentMethods": ["PayPal"], "GalleryURL": "https://thumbs3.ebaystatic.com/pict/2331013757508080_1.jpg", "PictureURL": ["https://i.ebayimg.com/00/s/MTYwMFgxMjAw/z/6qcAAOSwseFcQ3Ss/$_12.JPG?set_id=880000500F", "https://i.ebayimg.com/00/s/MTYwMFgxMjAw/z/wKkAAOSwt0dcQ3Rz/$_12.JPG?set_id=880000500F", "https://i.ebayimg.com/00/s/MTYwMFgxMjAw/z/-dYAAOSwWtFcQ3Sv/$_12.JPG?set_id=880000500F", "https://i.ebayimg.com/00/s/MTYwMFgxMjAw/z/I9wAAOSwKc1cQ3SX/$_12.JPG?set_id=880000500F", "https://i.ebayimg.com/00/s/MTYwMFgxMjAw/z/3Z4AAOSwmaJcQ3Sz/$_12.JPG?set_id=880000500F", "https://i.ebayimg.com/00/s/MTYwMFgxMjAw/z/wdkAAOSwM5tcQ3S5/$_12.JPG?set_id=880000500F", "https://i.ebayimg.com/00/s/MTYwMFgxMjAw/z/8sEAAOSwkAxcQ3S1/$_12.JPG?set_id=880000500F", "https://i.ebayimg.com/00/s/MTYwMFgxMjAw/z/SesAAOSwHDdcQ3SG/$_12.JPG?set_id=880000500F", "https://i.ebayimg.com/00/s/MTYwMFgxMjAw/z/y8cAAOSwq2xcQ3S9/$_12.JPG?set_id=880000500F", "https://i.ebayimg.com/00/s/MTYwMFgxMjAw/z/K4IAAOSwH2RcQ3S~/$_12.JPG?set_id=880000500F"], "PostalCode": "96161", "PrimaryCategoryID": "33034", "PrimaryCategoryName": "Musical Instruments & Gear:Guitars & Basses:Electric Guitars", "Quantity": 1, "Seller": {"UserID": "newriders", "FeedbackRatingStar": "Red", "FeedbackScore": 1249, "PositiveFeedbackPercent": 100.0}, "BidCount": 43, "ConvertedCurrentPrice": {"Value": 1430.0, "CurrencyID": "USD"}, "CurrentPrice": {"Value": 1430.0, "CurrencyID": "USD"}, "HighBidder": {"UserID": "e***9", "FeedbackPrivate": false, "FeedbackRatingStar": "Yellow", "FeedbackScore": 27}, "ListingStatus": "Completed", "QuantitySold": 1, "ShipToLocations": ["US"], "Site": "US", "TimeLeft": "PT0S", "Title": "gibson les paul standard Tobaco sunburst", "ItemSpecifics": {"NameValueList": [{"Name": "Brand", "Value": ["Gibson"]}, {"Name": "Model", "Value": ["Les Paul Standard"]}, {"Name": "Product Line", "Value": ["Gibson Les Paul"]}]}, "HitCount": 1589, "PrimaryCategoryIDPath": "619:3858:33034", "Country": "US", "ReturnPolicy": {"ReturnsAccepted": "ReturnsNotAccepted"}, "MinimumToBid": {"Value": 1455.0, "CurrencyID": "USD"}, "AutoPay": false, "PaymentAllowedSite": [], "IntegratedMerchantCreditCardEnabled": false, "HandlingTime": 2, "ConditionID": 3000, "ConditionDisplayName": "Used", "GlobalShipping": false, "QuantitySoldByPickupInStore": 0, "NewBestOffer": false}