{"BestOfferEnabled": false, "Description": "Fender USA 1991/92 Stratocaster Plus Candy Red w/ Case - Excellent Condition Item Description Up for sale is a Fender Stratocaster Plus, manufactured in the USA, in like a Candy Red finish, with original case, manuals, shoulder strap and whammy bar. This Guitar was made sometime in 1991 or 1992 according to the Guitar Dater Project. Overall in fairly good condition; there is a noticeable scratch on the front of the Guitar body. See photos for an accurate representation of condition. Shipping Details Shipping: Ships via UPS Ground for $35. Please contact seller for additional information regarding shipping.", "ItemID": "223330242184", "EndTime": "2019-01-25T01:30:19.000Z", "StartTime": "2019-01-18T01:30:19.000Z", "ViewItemURLForNaturalSearch": "https://www.ebay.com/itm/Fender-USA-Stratocaster-Plus-1991-92-Candy-Red-w-Case-Good-Condition-/223330242184", "ListingType": "Chinese", "Location": "Finksburg, Maryland", "PaymentMethods": ["PayPal"], "GalleryURL": "https://thumbs1.ebaystatic.com/pict/2233302421848080_1.jpg", "PictureURL": ["https://i.ebayimg.com/00/s/NjIyWDExNTI=/z/1wAAAOSwVNNcQNBR/$_12.JPG?set_id=880000500F", "https://i.ebayimg.com/00/s/NjIyWDEyMDg=/z/ZZcAAOSwQ5pcQNBe/$_12.JPG?set_id=880000500F", "https://i.ebayimg.com/00/s/NjIxWDExNTI=/z/MWoAAOSwozNcQNBm/$_12.JPG?set_id=880000500F", "https://i.ebayimg.com/00/s/NTU5WDEyODA=/z/0LUAAOSwVIZcQNC7/$_12.JPG?set_id=880000500F", "https://i.ebayimg.com/00/s/NjIyWDEyMjc=/z/oL4AAOSw-QxcQNDW/$_12.JPG?set_id=880000500F", "https://i.ebayimg.com/00/s/NTU5WDEyODA=/z/BJMAAOSw5r1cQNDg/$_12.JPG?set_id=880000500F", "https://i.ebayimg.com/00/s/NjA0WDEwNjg=/z/rYsAAOSwg0dcQNDr/$_12.JPG?set_id=880000500F", "https://i.ebayimg.com/00/s/NTU5WDEyODA=/z/IhkAAOSwDaBcQND1/$_12.JPG?set_id=880000500F", "https://i.ebayimg.com/00/s/NjE2WDEyODA=/z/7hEAAOSw5EpcQND~/$_12.JPG?set_id=880000500F", "https://i.ebayimg.com/00/s/NTU5WDEyODA=/z/i9YAAOSwzExcQNEU/$_12.JPG?set_id=880000500F", "https://i.ebayimg.com/00/s/NjIyWDEwNTQ=/z/mjQAAOSwDYdcQNEg/$_12.JPG?set_id=880000500F", "https://i.ebayimg.com/00/s/NjIxWDEyODA=/z/DA4AAOSwNe9cQNEp/$_12.JPG?set_id=880000500F"], "PostalCode": "21048", "PrimaryCategoryID": "33034", "PrimaryCategoryName": "Musical Instruments & Gear:Guitars & Basses:Electric Guitars", "Quantity": 1, "Seller": {"UserID": "b.best", "FeedbackRatingStar": "Purple", "FeedbackScore": 660, "PositiveFeedbackPercent": 97.8}, "BidCount": 1, "ConvertedCurrentPrice": {"Value": 925.0, "CurrencyID": "USD"}, "CurrentPrice": {"Value": 925.0, "CurrencyID": "USD"}, "HighBidder": {"UserID": "2***_", "FeedbackPrivate": true, "FeedbackRatingStar": "Turquoise", "FeedbackScore": 250}, "ListingStatus": "Completed", "QuantitySold": 1, "ShipToLocations": ["US", "CA", "GB", "DK", "RO", "SK", "BG", "CZ", "FI", "HU", "LV", "LT", "MT", "EE", "AU", "GR", "PT", "CY", "SI", "JP", "CN", "SE", "KR", "ID", "TW", "TH", "BE", "FR", "HK", "IE", "NL", "PL", "ES", "IT", "DE", "AT", "BS", "IL", "MX", "NZ", "SG", "CH", "NO", "SA", "UA", "AE", "QA", "KW", "BH", "HR", "MY", "CL", "CO", "CR", "PA", "TT", "GT", "HN", "JM", "BB", "BD", "BM", "BN", "BO", "EG", "GF", "GG", "GI", "GP", "IS", "JE", "JO", "KH", "KY", "LI", "LK", "LU", "MC", "MO", "MQ", "MV", "NI", "OM", "PK", "PY", "RE"], "Site": "US", "TimeLeft": "PT0S", "Title": "Fender USA Stratocaster Plus 1991/92 Candy Red w/ Case - Good Condition", "ItemSpecifics": {"NameValueList": [{"Name": "Model Year", "Value": ["1991"]}, {"Name": "Body Color", "Value": ["Red"]}, {"Name": "Brand", "Value": ["Fender"]}, {"Name": "Model", "Value": ["Plus"]}]}, "HitCount": 272, "PrimaryCategoryIDPath": "619:3858:33034", "Storefront": {"StoreURL": "https://stores.ebay.com/id=4708624", "StoreName": "Baltimore sBestPawn"}, "Country": "US", "ReturnPolicy": {"ReturnsAccepted": "ReturnsNotAccepted"}, "MinimumToBid": {"Value": 935.0, "CurrencyID": "USD"}, "AutoPay": false, "PaymentAllowedSite": [], "IntegratedMerchantCreditCardEnabled": false, "HandlingTime": 2, "ConditionID": 3000, "ConditionDisplayName": "Used", "GlobalShipping": true, "QuantitySoldByPickupInStore": 0, "NewBestOffer": false}