{"BestOfferEnabled": true, "Description": "Made in Korea serial c03052462 - Ibanez s series dxqm Missing whammy bar and pickup toggle plastic cap Needs new strings and set up. Cosmetically in great shape. Light oxidation", "ItemID": "264145292043", "EndTime": "2019-01-24T17:30:09.000Z", "StartTime": "2019-01-17T17:30:09.000Z", "ViewItemURLForNaturalSearch": "https://www.ebay.com/itm/Ibanez-S-470DXQM-Electric-Guitar-/264145292043", "ListingType": "Chinese", "Location": "Naples, Florida", "PaymentMethods": ["PayPal"], "GalleryURL": "https://thumbs4.ebaystatic.com/pict/2641452920438080_1.jpg", "PictureURL": ["https://i.ebayimg.com/00/s/MTYwMFgxMjAw/z/RK4AAOSwhfRcN4B4/$_12.JPG?set_id=880000500F", "https://i.ebayimg.com/00/s/MTYwMFgxMjAw/z/H2cAAOSwGcVcN4By/$_12.JPG?set_id=880000500F", "https://i.ebayimg.com/00/s/MTYwMFgxMjAw/z/PysAAOSwXTVcN4B7/$_12.JPG?set_id=880000500F", "https://i.ebayimg.com/00/s/MTYwMFgxMjAw/z/VjkAAOSwsZhcN4Bw/$_12.JPG?set_id=880000500F", "https://i.ebayimg.com/00/s/MTYwMFgxMjAw/z/AlEAAOSwtaBcN4B0/$_12.JPG?set_id=880000500F"], "PostalCode": "34120", "PrimaryCategoryID": "33034", "PrimaryCategoryName": "Musical Instruments & Gear:Guitars & Basses:Electric Guitars", "Quantity": 1, "Seller": {"UserID": "bilpoga_0", "FeedbackRatingStar": "Yellow", "FeedbackScore": 26, "PositiveFeedbackPercent": 95.7}, "BidCount": 4, "ConvertedCurrentPrice": {"Value": 280.0, "CurrencyID": "USD"}, "CurrentPrice": {"Value": 280.0, "CurrencyID": "USD"}, "HighBidder": {"UserID": "1***2", "FeedbackPrivate": false, "FeedbackRatingStar": "Turquoise", "FeedbackScore": 200}, "ListingStatus": "Completed", "QuantitySold": 1, "ShipToLocations": ["US"], "Site": "US", "TimeLeft": "PT0S", "Title": "Ibanez S 470DXQM Electric Guitar", "ItemSpecifics": {"NameValueList": [{"Name": "Brand", "Value": ["Ibanez"]}, {"Name": "Model", "Value": ["S470DXQM"]}, {"Name": "Body Material", "Value": ["Maple", "Mahogany"]}, {"Name": "String Configuration", "Value": ["6 String"]}, {"Name": "Body Type", "Value": ["Solid"]}]}, "HitCount": 382, "PrimaryCategoryIDPath": "619:3858:33034", "Country": "US", "ReturnPolicy": {"Refund": "Money Back", "ReturnsWithin": "30 Days", "ReturnsAccepted": "Returns Accepted", "ShippingCostPaidBy": "Buyer"}, "MinimumToBid": {"Value": 285.0, "CurrencyID": "USD"}, "ProductID": {"Value": "78607071", "Type": "Reference"}, "AutoPay": false, "PaymentAllowedSite": [], "IntegratedMerchantCreditCardEnabled": false, "HandlingTime": 2, "ConditionID": 3000, "ConditionDisplayName": "Used", "GlobalShipping": false, "QuantitySoldByPickupInStore": 0, "NewBestOffer": false}