{"BestOfferEnabled": false, "Description": "Up for auction is a 2015 Les Paul Studio in Desert Burst. This guitar shows some signs of use... see photos for details and fret condition. Also, this guitar has had the bridge pickup removed, but later reinstalled after trying a different bridge pickup. No other electronics/switched have been changed or modified from factory condition. Details about this guitar:Has G-Force turning system with charger and battery...Installed new updated zero-nut with hard coating from GibsonIncludes extra strings setsIncludes original paperwork and toolsGood luck bidding! Just have too many guitars sitting around! US lower 48 shipping only. Buyer pays actual shipping cost. Shipping weight is 23 lbs.", "ItemID": "233102403315", "EndTime": "2019-01-25T15:36:27.000Z", "StartTime": "2019-01-20T15:36:27.000Z", "ViewItemURLForNaturalSearch": "https://www.ebay.com/itm/2015-Gibson-Les-Paul-Studio-Desert-Burst-/233102403315", "ListingType": "Chinese", "Location": "Bemidji, Minnesota", "PaymentMethods": ["PayPal"], "GalleryURL": "https://thumbs4.ebaystatic.com/pict/2331024033158080_1.jpg", "PictureURL": ["https://i.ebayimg.com/00/s/MTA2OVgxNjAw/z/VqgAAOSwuHdcRJMs/$_57.JPG?set_id=8800005007", "https://i.ebayimg.com/00/s/MTA2OVgxNjAw/z/MxIAAOSwpFtcRJMv/$_57.JPG?set_id=8800005007", "https://i.ebayimg.com/00/s/MTA2OVgxNjAw/z/lR4AAOSw0YlcRJMy/$_57.JPG?set_id=8800005007", "https://i.ebayimg.com/00/s/MTA2OVgxNjAw/z/irIAAOSwXFRcRJM0/$_57.JPG?set_id=8800005007", "https://i.ebayimg.com/00/s/MTA2OVgxNjAw/z/oAYAAOSwAEFcRJM2/$_57.JPG?set_id=8800005007", "https://i.ebayimg.com/00/s/MTA2OVgxNjAw/z/p60AAOSwi6dcRJM4/$_57.JPG?set_id=8800005007", "https://i.ebayimg.com/00/s/MTA2OVgxNjAw/z/FUQAAOSwWtFcRJM6/$_57.JPG?set_id=8800005007", "https://i.ebayimg.com/00/s/MTA2OVgxNjAw/z/OawAAOSwtpJcRJM9/$_57.JPG?set_id=8800005007", "https://i.ebayimg.com/00/s/MTA2OVgxNjAw/z/uqYAAOSwpRxcRJNA/$_57.JPG?set_id=8800005007"], "PostalCode": "56601", "PrimaryCategoryID": "33034", "PrimaryCategoryName": "Musical Instruments & Gear:Guitars & Basses:Electric Guitars", "Quantity": 1, "Seller": {"UserID": "xxxnt-picco", "FeedbackRatingStar": "Turquoise", "FeedbackScore": 409, "PositiveFeedbackPercent": 100.0}, "BidCount": 6, "ConvertedCurrentPrice": {"Value": 560.0, "CurrencyID": "USD"}, "CurrentPrice": {"Value": 560.0, "CurrencyID": "USD"}, "HighBidder": {"UserID": "a***l", "FeedbackPrivate": false, "FeedbackRatingStar": "Green", "FeedbackScore": 5310}, "ListingStatus": "Completed", "QuantitySold": 1, "ShipToLocations": ["US"], "Site": "US", "TimeLeft": "PT0S", "Title": "2015 Gibson Les Paul Studio in Desert Burst", "ItemSpecifics": {"NameValueList": [{"Name": "Brand", "Value": ["Gibson"]}, {"Name": "MPN", "Value": ["Does Not Apply"]}]}, "HitCount": 735, "PrimaryCategoryIDPath": "619:3858:33034", "Country": "US", "ReturnPolicy": {"ReturnsAccepted": "ReturnsNotAccepted", "InternationalReturnsAccepted": "ReturnsNotAccepted"}, "MinimumToBid": {"Value": 570.0, "CurrencyID": "USD"}, "AutoPay": false, "PaymentAllowedSite": [], "IntegratedMerchantCreditCardEnabled": false, "HandlingTime": 2, "ConditionID": 3000, "ConditionDisplayName": "Used", "GlobalShipping": false, "QuantitySoldByPickupInStore": 0, "NewBestOffer": false}