{"BestOfferEnabled": false, "Description": "Schecter Diamon Series classic. Condition is Used. Dont have key for case", "ItemID": "202569309479", "EndTime": "2019-01-25T03:45:21.000Z", "StartTime": "2019-01-18T03:45:21.000Z", "ViewItemURLForNaturalSearch": "https://www.ebay.com/itm/Schecter-Diamon-Series-classic-/202569309479", "ListingType": "Chinese", "Location": "Dallas, Texas", "PaymentMethods": ["PayPal"], "GalleryURL": "https://thumbs4.ebaystatic.com/pict/2025693094798080_1.jpg", "PictureURL": ["https://i.ebayimg.com/00/s/MTYwMFgxMjAw/z/aMoAAOSwPPFcQUnZ/$_12.JPG?set_id=880000500F", "https://i.ebayimg.com/00/s/MTYwMFgxMjAw/z/A2kAAOSwJtJcQUno/$_12.JPG?set_id=880000500F", "https://i.ebayimg.com/00/s/MTYwMFgxMjAw/z/d5gAAOSwGPNcQUn6/$_12.JPG?set_id=880000500F", "https://i.ebayimg.com/00/s/MTYwMFgxMjAw/z/JiQAAOSwY4JcQUoN/$_12.JPG?set_id=880000500F", "https://i.ebayimg.com/00/s/MTYwMFgxMjAw/z/G4EAAOSw-k5cQUoY/$_12.JPG?set_id=880000500F", "https://i.ebayimg.com/00/s/MTYwMFgxMjAw/z/XnEAAOSwKphcQUom/$_12.JPG?set_id=880000500F", "https://i.ebayimg.com/00/s/MTIwMFgxNjAw/z/u6YAAOSwAopcQUpB/$_12.JPG?set_id=880000500F", "https://i.ebayimg.com/00/s/MTYwMFgxMjAw/z/Jg0AAOSw2hxcQUpP/$_12.JPG?set_id=880000500F", "https://i.ebayimg.com/00/s/MTYwMFgxMjAw/z/WIMAAOSw8~NcQUpr/$_12.JPG?set_id=880000500F", "https://i.ebayimg.com/00/s/MTIwMFgxNjAw/z/mMYAAOSws0pcQUrQ/$_12.JPG?set_id=880000500F", "https://i.ebayimg.com/00/s/MTIwMFgxNjAw/z/sc4AAOSwd7FcQUrk/$_12.JPG?set_id=880000500F"], "PostalCode": "75211", "PrimaryCategoryID": "33034", "PrimaryCategoryName": "Musical Instruments & Gear:Guitars & Basses:Electric Guitars", "Quantity": 1, "Seller": {"UserID": "cheque904", "FeedbackRatingStar": "Turquoise", "FeedbackScore": 377, "PositiveFeedbackPercent": 100.0}, "BidCount": 14, "ConvertedCurrentPrice": {"Value": 275.0, "CurrencyID": "USD"}, "CurrentPrice": {"Value": 275.0, "CurrencyID": "USD"}, "HighBidder": {"UserID": "s***o", "FeedbackPrivate": false, "FeedbackRatingStar": "Red", "FeedbackScore": 1458}, "ListingStatus": "Completed", "QuantitySold": 1, "ShipToLocations": ["US", "CA", "GB", "DK", "RO", "SK", "BG", "CZ", "FI", "HU", "LV", "LT", "MT", "EE", "AU", "GR", "PT", "CY", "SI", "JP", "CN", "SE", "KR", "ID", "TW", "TH", "BE", "FR", "HK", "IE", "NL", "PL", "ES", "IT", "DE", "AT", "BS", "IL", "MX", "NZ", "SG", "CH", "NO", "SA", "UA", "AE", "QA", "KW", "BH", "HR", "MY", "CL", "CO", "CR", "DO", "PA", "TT", "GT", "SV", "HN", "JM", "AG", "AW", "BZ", "DM", "GD", "KN", "LC", "MS", "TC", "BB", "BD", "BM", "BN", "BO", "EG", "GF", "GG", "GI", "GP", "IS", "JE", "JO", "KH", "KY", "LI", "LK", "LU", "MC", "MO", "MQ", "MV", "NI", "OM", "PK", "PY", "RE"], "Site": "US", "TimeLeft": "PT0S", "Title": "Schecter Diamon Series classic", "ItemSpecifics": {"NameValueList": [{"Name": "Brand", "Value": ["Schecter"]}, {"Name": "Model", "Value": ["Classic"]}, {"Name": "Body Type", "Value": ["Classical"]}]}, "HitCount": 387, "PrimaryCategoryIDPath": "619:3858:33034", "Country": "US", "ReturnPolicy": {"ReturnsAccepted": "ReturnsNotAccepted"}, "MinimumToBid": {"Value": 280.0, "CurrencyID": "USD"}, "AutoPay": false, "PaymentAllowedSite": [], "IntegratedMerchantCreditCardEnabled": false, "HandlingTime": 2, "ConditionID": 3000, "ConditionDisplayName": "Used", "GlobalShipping": true, "QuantitySoldByPickupInStore": 0, "NewBestOffer": false}