{"BestOfferEnabled": false, "Description": "For sale is a 2008/2009 Epiphone faded cherry Firebird guitar redone in seafoam green. Not sure what year it is, it's been so long since I bought it. So I refinished this about two years ago in seafoam green using products from Guitar Re-Ranch and finished with a lite nitrocellulose finish to give it kind of a vintage relic vibe. It dose have a headstock repair. I bought it damaged and repaired it myself and the repair is solid. You can kind of see it in the photos. It has a few nicks here and there but it gives it character. The one issue the guitar has it might have to have the wiring connections checked. It appears to not work when the switch is in the middle position. It works fine in the neck and bridge position. I would check it myself but the guitar is with my son in Kansas and I'm in California. So that being said, the pickups are after market Korean made humbucker size P-90's. Gibson Truss Rod cover has been added.It's equipped with....Tone Man 50's wiring harnessTone Pro's metric locking bridge and tailpieceSteinberger gearless tuners.The tuners alone on the guitar are worth $200 plus!! The parts alone are worth more than the guitar.Comes with Epiphone OHSC. The guitar will ship from Manhattan Kansas. Ships to lower 48 only.", "ItemID": "163494046811", "EndTime": "2019-01-25T20:45:24.000Z", "StartTime": "2019-01-18T20:45:24.000Z", "ViewItemURLForNaturalSearch": "https://www.ebay.com/itm/Epiphone-2008-2009-Firebird-guitar-/163494046811", "ListingType": "Chinese", "Location": "Soulsbyville, California", "PaymentMethods": ["PayPal"], "GalleryURL": "https://thumbs4.ebaystatic.com/pict/1634940468118080_1.jpg", "PictureURL": ["https://i.ebayimg.com/00/s/NjQwWDQ4MA==/z/-J0AAOSwP85cQi9c/$_57.JPG?set_id=8800005007", "https://i.ebayimg.com/00/s/NDgwWDY0MA==/z/558AAOSwIApcQi9l/$_57.JPG?set_id=8800005007", "https://i.ebayimg.com/00/s/NDc5WDY0MA==/z/BGUAAOSwIqxcQi9w/$_57.JPG?set_id=8800005007", "https://i.ebayimg.com/00/s/NjQwWDQ4MA==/z/JrcAAOSwmaJcQi-T/$_57.JPG?set_id=8800005007", "https://i.ebayimg.com/00/s/NjQwWDQ4MA==/z/b8UAAOSwaJ9cQi-k/$_57.JPG?set_id=8800005007", "https://i.ebayimg.com/00/s/NjQwWDQ4MA==/z/BBgAAOSwPGtcQi-9/$_57.JPG?set_id=8800005007", "https://i.ebayimg.com/00/s/NDgwWDY0MA==/z/R3cAAOSwIABcQi~K/$_57.JPG?set_id=8800005007", "https://i.ebayimg.com/00/s/NDgwWDY0MA==/z/V0cAAOSwckZcQi~X/$_57.JPG?set_id=8800005007", "https://i.ebayimg.com/00/s/NDgwWDY0MA==/z/FsgAAOSw7C5cQi~i/$_57.JPG?set_id=8800005007", "https://i.ebayimg.com/00/s/NDgwWDY0MA==/z/iUEAAOSwR0dcQjAD/$_57.JPG?set_id=8800005007", "https://i.ebayimg.com/00/s/MTYwMFgxMjAw/z/VbYAAOSw5AhcQ3hH/$_57.JPG?set_id=8800005007", "https://i.ebayimg.com/00/s/MTYwMFgxMjAw/z/wgQAAOSwmvpcQ3hr/$_57.JPG?set_id=8800005007"], "PostalCode": "95372", "PrimaryCategoryID": "33034", "PrimaryCategoryName": "Musical Instruments & Gear:Guitars & Basses:Electric Guitars", "Quantity": 1, "Seller": {"UserID": "april8160", "FeedbackRatingStar": "Turquoise", "FeedbackScore": 226, "PositiveFeedbackPercent": 100.0}, "BidCount": 2, "ConvertedCurrentPrice": {"Value": 380.0, "CurrencyID": "USD"}, "CurrentPrice": {"Value": 380.0, "CurrencyID": "USD"}, "HighBidder": {"UserID": "b***o", "FeedbackPrivate": false, "FeedbackRatingStar": "Turquoise", "FeedbackScore": 453}, "ListingStatus": "Completed", "QuantitySold": 1, "ShipToLocations": ["US"], "Site": "US", "TimeLeft": "PT0S", "Title": "Epiphone 2008/2009 Firebird guitar", "ItemSpecifics": {"NameValueList": [{"Name": "Brand", "Value": ["Epiphone"]}, {"Name": "MPN", "Value": ["Does Not Apply"]}, {"Name": "String Configuration", "Value": ["6 String"]}, {"Name": "Body Type", "Value": ["Solid"]}, {"Name": "Body Color", "Value": ["Seafoam Green"]}, {"Name": "Body Material", "Value": ["Mahogany"]}, {"Name": "Right-/ Left-Handed", "Value": ["Right-Handed"]}, {"Name": "Model Year", "Value": ["2008/2009 ?"]}, {"Name": "Country/Region of Manufacture", "Value": ["China"]}]}, "HitCount": 276, "PrimaryCategoryIDPath": "619:3858:33034", "Country": "US", "ReturnPolicy": {"ReturnsAccepted": "ReturnsNotAccepted", "InternationalReturnsAccepted": "ReturnsNotAccepted"}, "MinimumToBid": {"Value": 385.0, "CurrencyID": "USD"}, "AutoPay": false, "PaymentAllowedSite": [], "IntegratedMerchantCreditCardEnabled": false, "HandlingTime": 3, "ConditionID": 3000, "ConditionDisplayName": "Used", "ExcludeShipToLocation": ["Alaska/Hawaii", "US Protectorates", "APO/FPO", "Africa", "Asia", "Central America and Caribbean", "Europe", "Middle East", "Oceania", "Southeast Asia", "South America"], "GlobalShipping": false, "QuantitySoldByPickupInStore": 0, "NewBestOffer": false}