{"BestOfferEnabled": true, "Description": "Gibson ES-339 Studio Guitar-Hollow Body. Condition is Used. Some pick scratches. No dents or dings. Used very little. Mostly for practice in my smoke-free home. I am retiring from playing and liquidating my gear. This comes as pictured, with a hard shell case, matching leather strap and COA(Made in Memphis,Tn.). I replaced the original bridge with a roller bridge for better intonation and staying in tune. But will ship with the original bridge as well. A great playing guitar. To the winning bidder, I will throw in a brand new, in the box, Hercules Guitar stand. Remember....Free Shipping as well!", "ItemID": "223329028158", "EndTime": "2019-01-24T00:48:56.000Z", "StartTime": "2019-01-17T00:48:56.000Z", "ViewItemURLForNaturalSearch": "https://www.ebay.com/itm/Gibson-ES-339-Studio-Guitar-Hollow-Body-/223329028158", "ListingType": "Chinese", "Location": "Fulton, New York", "PaymentMethods": ["PayPal"], "GalleryURL": "https://thumbs3.ebaystatic.com/pict/2233290281588080_1.jpg", "PictureURL": ["https://i.ebayimg.com/00/s/MTYwMFgxMjAw/z/GpIAAOSw259cP8rg/$_32.JPG?set_id=880000500F", "https://i.ebayimg.com/00/s/MTYwMFgxMjAw/z/1hwAAOSwTxhcP8ry/$_32.JPG?set_id=880000500F", "https://i.ebayimg.com/00/s/MTYwMFgxMjAw/z/4XUAAOSwEp5cP8sB/$_32.JPG?set_id=880000500F", "https://i.ebayimg.com/00/s/MTYwMFgxMjAw/z/1PAAAOSwyn1cP8sS/$_32.JPG?set_id=880000500F", "https://i.ebayimg.com/00/s/MTYwMFgxMjAw/z/KfMAAOSw4sNcP8sn/$_32.JPG?set_id=880000500F", "https://i.ebayimg.com/00/s/MTIwMFgxNjAw/z/tzUAAOSwhEhcP8s5/$_32.JPG?set_id=880000500F", "https://i.ebayimg.com/00/s/MTYwMFgxMjAw/z/y84AAOSw6S9cP8tJ/$_32.JPG?set_id=880000500F", "https://i.ebayimg.com/00/s/MTYwMFgxMjAw/z/Du4AAOSw~5dcP8tY/$_32.JPG?set_id=880000500F", "https://i.ebayimg.com/00/s/MTYwMFgxMjAw/z/FZcAAOSwCWNcP8to/$_32.JPG?set_id=880000500F", "https://i.ebayimg.com/00/s/MTYwMFgxMjAw/z/-soAAOSworNcP8t5/$_32.JPG?set_id=880000500F", "https://i.ebayimg.com/00/s/MTYwMFgxMjAw/z/F6cAAOSwpLdcP8uN/$_32.JPG?set_id=880000500F", "https://i.ebayimg.com/00/s/MTYwMFgxMjAw/z/0qUAAOSwleRcP8uz/$_32.JPG?set_id=880000500F"], "PostalCode": "13069", "PrimaryCategoryID": "33034", "PrimaryCategoryName": "Musical Instruments & Gear:Guitars & Basses:Electric Guitars", "Quantity": 1, "Seller": {"UserID": "crai_mcki", "FeedbackRatingStar": "Yellow", "FeedbackScore": 16, "PositiveFeedbackPercent": 100.0}, "BidCount": 1, "ConvertedCurrentPrice": {"Value": 900.0, "CurrencyID": "USD"}, "CurrentPrice": {"Value": 900.0, "CurrencyID": "USD"}, "HighBidder": {"UserID": "a***r", "FeedbackPrivate": false, "FeedbackRatingStar": "Blue", "FeedbackScore": 74}, "ListingStatus": "Completed", "QuantitySold": 1, "ShipToLocations": ["US"], "Site": "US", "TimeLeft": "PT0S", "Title": "Gibson ES-339 Studio Guitar-Hollow Body", "ItemSpecifics": {"NameValueList": [{"Name": "Brand", "Value": ["Gibson"]}, {"Name": "Product Line", "Value": ["Gibson ES"]}, {"Name": "Model", "Value": ["ES-339"]}, {"Name": "Body Type", "Value": ["Hollow"]}]}, "HitCount": 331, "PrimaryCategoryIDPath": "619:3858:33034", "Country": "US", "ReturnPolicy": {"ReturnsAccepted": "ReturnsNotAccepted"}, "MinimumToBid": {"Value": 910.0, "CurrencyID": "USD"}, "AutoPay": false, "PaymentAllowedSite": [], "IntegratedMerchantCreditCardEnabled": false, "HandlingTime": 3, "ConditionID": 3000, "ConditionDisplayName": "Used", "GlobalShipping": false, "QuantitySoldByPickupInStore": 0, "NewBestOffer": false}