{"BestOfferEnabled": false, "Description": "DescriptionCheck out my other items! Be sure to add me to your favo rites list! PLEASE READ THE WHOLE DESCRIPTION IT WILL ANSWER MOST QUESTIONS. ALSO ANY DEFECTS NOT MENTIONED BUT VISIBLE IN THE PICTURES WILL BE CONSIDERED AS DESCRIBED. For sale now we have a Fender Stratocaster with Lake Placid Blue paint. This guitar is American as pictured and advertised. The guitar was manufactured in between 1993-94 when dating it by the serial number. The guitar has great clear sound and is in proper working order. It is used so there are signs of use such as scratches, dents and some paint chipping. The guitar comes with a tweed guitar case. The case is not Fender but it fits the Stratocaster properly with no wiggling. Start your bidding today while you still have the chance. Please do not forget to check out all of the photos prior to purchase. Payment\u00b7 Buyer has 3 days from close of auction to make arrangements for payment.\u00b7 California Residents Pay 7.75% sales tax, No exceptions.IF BUYER DOES NOT PAY AFTER WINNING ITEM, WE WILL OPEN AN UNPAID BUYER CASE AGAINST YOU!!!Shipping\u00b7 International shipping: Expedited shipping only, Please provide a phone number for shipments, Large items will not be shipped internationally. Ex. Anything with over 8inches x8inches x8inches dimensions will not be shipped; Domestic anywhere in the 50 statesFlat Rate Shipping is only for the lower 48 of the United States. Please message for details on how much it will cost to ship to any of the other States or Territories. Any Fees or duties for shipping outside the US must be paid by the customer! \u00b7 Local pick up always available (no pickup charge of course)\u00b7 Most items shipped within 24 hours through UPS ground but please give us a maximum of 72 hours.\u00b7 Smaller items shipped via USPS priority. Insurance is always included in every shipment!Terms of Sale\u00b7 We sell in both auction and buy it now formats. If the item is in an auction format please do not ask us for a buy it now price.\u00b7 Only what you see pictured is what you get\u00b7 If it is not listed in the auction it is not included, that means manuals, software, cables and anything that may attach to the product being sold for auction.\u00b7 All Sales are FINAL no returns accepted. Items can only be returned if the item is not as described or if the item arrives broken due to the shipping process, we do not offer a partial refund for items only full refund if the item is not as described.\u00b7 Zero feedback? Please email beforehand at ask seller question.\u00b7 All items are used conditions range from Fare to Mint\u00b7 As-Is items means no returns no exceptions.\u00b7 Not Satisfied with your purchase, Contact us before leaving negative feedback; we will resolve any problems.\u00b7 Positive Feedback is left after Positive feedback is received.About UsInland580 is just a small division of our main company Inland Jewelry and Loan; we are a pawn shop that has been in business since 1992 we have 7 locations in southern California primarily in the Inland Empire. Since we are a pawnshop we offer second hand merchandise, though for eBay we try to offer only our best merchandise. From time to time we do offer brand new and broken items different rules apply to those auctions. We strive for excellence so if you are not satisfied with your transaction please contact us before leaving negative feedback; we try our best to work with our customers so that the transactions come out fair for both parties. Thank you and happy bidding. Contact Us\u00b7 Questions? Please send them to ask seller a question.\u00b7 No questions will be answered through hotmail.", "ItemID": "401688710346", "EndTime": "2019-01-24T20:20:46.000Z", "StartTime": "2019-01-17T20:20:46.000Z", "ViewItemURLForNaturalSearch": "https://www.ebay.com/itm/Fender-Stratocaster-Lake-Placid-Blue-Electric-Guitar-American-USA-1993-94-/401688710346", "ListingType": "Chinese", "Location": "Upland, California", "PaymentMethods": ["PayPal", "CashOnPickup"], "GalleryURL": "https://thumbs3.ebaystatic.com/pict/4016887103468080_1.jpg", "PictureURL": ["https://i.ebayimg.com/00/s/MTYwMFgxMjAw/z/eLwAAOSwfvtcQOLb/$_57.JPG?set_id=8800005007", "https://i.ebayimg.com/00/s/MTYwMFgxMjAw/z/994AAOSwuA9cQOLo/$_57.JPG?set_id=8800005007", "https://i.ebayimg.com/00/s/MTYwMFgxMjAw/z/qd0AAOSwvERcQOL3/$_57.JPG?set_id=8800005007", "https://i.ebayimg.com/00/s/MTYwMFgxMjAw/z/QnwAAOSwf29cQOML/$_57.JPG?set_id=8800005007", "https://i.ebayimg.com/00/s/MTYwMFgxMjAw/z/EjEAAOSws7VcQOMW/$_57.JPG?set_id=8800005007", "https://i.ebayimg.com/00/s/MTYwMFgxMjAw/z/wIUAAOSwoEFcQOM-/$_57.JPG?set_id=8800005007", "https://i.ebayimg.com/00/s/MTYwMFgxMjAw/z/H8kAAOSw5r1cQONJ/$_57.JPG?set_id=8800005007", "https://i.ebayimg.com/00/s/MTYwMFgxMjAw/z/ObAAAOSwO-hcQONV/$_57.JPG?set_id=8800005007", "https://i.ebayimg.com/00/s/MTYwMFgxMjAw/z/26EAAOSwxJ9cQONi/$_57.JPG?set_id=8800005007", "https://i.ebayimg.com/00/s/MTIwMFgxNjAw/z/jqQAAOSw8NNcQOJM/$_57.JPG?set_id=8800005007"], "PostalCode": "91786", "PrimaryCategoryID": "33034", "PrimaryCategoryName": "Musical Instruments & Gear:Guitars & Basses:Electric Guitars", "Quantity": 1, "Seller": {"UserID": "inland580", "FeedbackRatingStar": "Green", "FeedbackScore": 5813, "PositiveFeedbackPercent": 99.5, "TopRatedSeller": true}, "BidCount": 20, "ConvertedCurrentPrice": {"Value": 519.0, "CurrencyID": "USD"}, "CurrentPrice": {"Value": 519.0, "CurrencyID": "USD"}, "HighBidder": {"UserID": "i***l", "FeedbackPrivate": false, "FeedbackRatingStar": "Yellow", "FeedbackScore": 41}, "ListingStatus": "Completed", "QuantitySold": 1, "ShipToLocations": ["US"], "Site": "US", "TimeLeft": "PT0S", "Title": "Fender Stratocaster Lake Placid Blue Electric Guitar American USA 1993-94", "ItemSpecifics": {"NameValueList": [{"Name": "Brand", "Value": ["Fender"]}, {"Name": "Model", "Value": ["Stratocaster"]}, {"Name": "MPN", "Value": ["Does Not Apply"]}, {"Name": "String Configuration", "Value": ["6 String"]}, {"Name": "Model Year", "Value": ["1993-94"]}]}, "HitCount": 1063, "PrimaryCategoryIDPath": "619:3858:33034", "Storefront": {"StoreURL": "https://stores.ebay.com/id=86864600", "StoreName": "inland580"}, "Country": "US", "ReturnPolicy": {"Refund": "Money Back", "ReturnsWithin": "30 Days", "ReturnsAccepted": "Returns Accepted", "ShippingCostPaidBy": "Seller", "InternationalReturnsAccepted": "ReturnsNotAccepted"}, "MinimumToBid": {"Value": 529.0, "CurrencyID": "USD"}, "AutoPay": false, "PaymentAllowedSite": [], "IntegratedMerchantCreditCardEnabled": false, "HandlingTime": 1, "ConditionID": 3000, "ConditionDisplayName": "Used", "ExcludeShipToLocation": ["US Protectorates", "Africa", "Asia", "Central America and Caribbean", "Europe", "Middle East", "North America", "Oceania", "Southeast Asia", "South America"], "TopRatedListing": true, "GlobalShipping": false, "ConditionDescription": "This item is used so it does have signs of wear. There are lines through the head stock as well as lines down the pick guard as pictured. There is pick guard scratches and marks. There is several areas where the paint is chipped off. Scratches and dents. The guitar definitely has been played frequently. It comes as pictured. So please be sure to check out all of the photos and use the zoom option for close ups. The guitar still plays and sounds great. Neck is straight.", "QuantitySoldByPickupInStore": 0, "NewBestOffer": false}