{"BestOfferEnabled": false, "Description": "Track Page Views WithAuctiva's FREE Counter", "ItemID": "372571263704", "EndTime": "2019-01-25T02:59:38.000Z", "StartTime": "2019-01-18T02:59:38.000Z", "ViewItemURLForNaturalSearch": "https://www.ebay.com/itm/GRETSCH-G2655T-STREAMLINER-CENTER-BLOCK-JR-SEMI-HOLLOW-BIGSBY-BROAD-TRON-GUITAR-/372571263704", "ListingType": "Chinese", "Location": "Whittier, California", "PaymentMethods": ["PayPal"], "GalleryURL": "https://thumbs1.ebaystatic.com/pict/3725712637048080_1.jpg", "PictureURL": ["https://i.ebayimg.com/00/s/MTAyNFgzNDU=/z/4s0AAOSwcOZcQUEb/$_1.JPG?set_id=880000500F", "https://i.ebayimg.com/00/s/MTAyM1gzMzk=/z/5f0AAOSwH4dcQUEb/$_1.JPG?set_id=880000500F", "https://i.ebayimg.com/00/s/MTAyNFg1ODU=/z/JNUAAOSwwfFcQUEb/$_1.JPG?set_id=880000500F", "https://i.ebayimg.com/00/s/MTAyNFg3MDM=/z/LUgAAOSw0vJcQUEb/$_1.JPG?set_id=880000500F", "https://i.ebayimg.com/00/s/MjU2WDEyODA=/z/8U4AAOSw851cQUEb/$_1.JPG?set_id=880000500F", "https://i.ebayimg.com/00/s/MjM1WDEyODA=/z/AyEAAOSwlLlcQUEc/$_1.JPG?set_id=880000500F", "https://i.ebayimg.com/00/s/Njk0WDEyODA=/z/-fYAAOSw8kRcQUEc/$_1.JPG?set_id=880000500F", "https://i.ebayimg.com/00/s/MTAyNFgxMjMx/z/xM8AAOSwakJcQUEc/$_1.JPG?set_id=880000500F", "https://i.ebayimg.com/00/s/ODU4WDEyODA=/z/IDsAAOSwD1pcQUEc/$_1.JPG?set_id=880000500F", "https://i.ebayimg.com/00/s/MTAyM1gxMTg1/z/AB8AAOSwqRlcQUEc/$_1.JPG?set_id=880000500F", "https://i.ebayimg.com/00/s/Njk0WDEyODA=/z/1coAAOSwE~ZcQUEc/$_1.JPG?set_id=880000500F"], "PostalCode": "90601", "PrimaryCategoryID": "33034", "PrimaryCategoryName": "Musical Instruments & Gear:Guitars & Basses:Electric Guitars", "Quantity": 1, "Seller": {"UserID": "artspawnshop", "FeedbackRatingStar": "YellowShooting", "FeedbackScore": 13286, "PositiveFeedbackPercent": 100.0, "TopRatedSeller": true}, "BidCount": 2, "ConvertedCurrentPrice": {"Value": 319.99, "CurrencyID": "USD"}, "CurrentPrice": {"Value": 319.99, "CurrencyID": "USD"}, "HighBidder": {"UserID": "0***a", "FeedbackPrivate": false, "FeedbackRatingStar": "None", "FeedbackScore": 4}, "ListingStatus": "Completed", "QuantitySold": 1, "ShipToLocations": ["US", "Europe", "CA"], "Site": "US", "TimeLeft": "PT0S", "Title": "GRETSCH G2655T STREAMLINER CENTER BLOCK JR. SEMI-HOLLOW BIGSBY BROAD TRON GUITAR", "ItemSpecifics": {"NameValueList": [{"Name": "Brand", "Value": ["Gretsch"]}, {"Name": "Body Type", "Value": ["Semi-Hollow"]}, {"Name": "MPN", "Value": ["G2655T"]}, {"Name": "Model", "Value": ["Streamliner"]}, {"Name": "String Configuration", "Value": ["6 String"]}, {"Name": "Dexterity", "Value": ["Right-Handed"]}, {"Name": "Body Color", "Value": ["Candy Apple Red"]}, {"Name": "Body Material", "Value": ["Solid Wood"]}, {"Name": "Model Year", "Value": ["2017"]}, {"Name": "Soundboard Style", "Value": ["Archtop"]}, {"Name": "Features", "Value": ["Volume Knob", "With Pickup"]}, {"Name": "Product Line", "Value": ["Streamliner"]}, {"Name": "Right-/ Left-Handed", "Value": ["Right-Handed"]}]}, "HitCount": 299, "PrimaryCategoryIDPath": "619:3858:33034", "Storefront": {"StoreURL": "https://stores.ebay.com/id=16834671", "StoreName": "Art&#39;s Pawn Shop"}, "Country": "US", "ReturnPolicy": {"Refund": "Money Back", "ReturnsWithin": "30 Days", "ReturnsAccepted": "Returns Accepted", "ShippingCostPaidBy": "Buyer"}, "MinimumToBid": {"Value": 324.99, "CurrencyID": "USD"}, "AutoPay": false, "PaymentAllowedSite": [], "IntegratedMerchantCreditCardEnabled": false, "HandlingTime": 1, "ConditionID": 3000, "ConditionDisplayName": "Used", "ExcludeShipToLocation": ["Africa", "Asia", "Central America and Caribbean", "Middle East", "Oceania", "Southeast Asia", "South America", "BM", "MX", "PM", "RU", "AL", "AD", "AT", "BY", "BE", "BA", "BG", "HR", "CY", "CZ", "DK", "EE", "FI", "GI", "GG", "HU", "IS", "JE", "LV", "LI", "LT", "LU", "MK", "MT", "MD", "MC", "ME", "NL", "NO", "PL", "PT", "RO", "SM", "RS", "SK", "SI", "SJ", "UA", "VA"], "GlobalShipping": false, "ConditionDescription": "In great shape!!! Just some minor cosmetic wear on this one!!! Has been tested and plays beautifully!!!", "QuantitySoldByPickupInStore": 0, "NewBestOffer": false}