{"BestOfferEnabled": false, "Description": "Epiphone Les Paul Custom PRO Electric Guitar Alpine White w/ Case The king of solid body guitars, the Les Paul Custom made its debut in 1954 after the initial success of the Les Paul Goldtop. Les Paul himself suggested black as a great color for a new Les Paul because it looked \"classy\" and went well with a tuxedo on stage. Now with its ebony or antique white finish, the Les Paul Custom has often been referred to as the \"tuxedo\" Les Paul. And with its gold appointments, fully bound body, neck and headstock and mother-of-pearl inlays, we think you'll agree that the Epiphone Les Paul Custom is \"dressed to kill\". Now featuring ProBucker 2 and ProBucker 3 humbucking pickups, gold hardware, multi-binding on body (top and back), neck and headstock as well as split-diamond pearloid headstock and fretboard inlays, it's as gorgeous as it is deadly.Features Body Body shape: Single cutaway Body type: Solid body Body material: Solid wood Top wood: Maple Veneer Body wood: Mahogany Body finish: Gloss Orientation: Right handed Neck Neck shape: SlimTaper D Neck wood: Mahogany Joint: Set-in Scale length: 24.75\" Truss rod: Standard Neck finish: Satin Fretboard Material: Rosewood Radius: 12\" Fret size: Medium jumbo Number of frets: 22 Inlays: Pearl block Nut width: 1.68\" (42.67mm) Pickups Configuration: HH Neck: ProBucker 2 Middle: Not applicable Bridge: ProBucker 3 Brand: Epiphone Active or passive pickups: Passive Series or parallel: Series Piezo: No Active EQ: No Special electronics: Push/pull phase series switch, Push-pull coil splitting Controls Control layout: Volume 1, volume 2, tone 1, tone 2 Pickup switch: 3-way Coil tap or split: Coil split Kill switch: No Hardware Bridge type: Fixed Bridge design: Tune-o-matic Tailpiece: Stopbar Tuning machines: Grover Color: Gold Other Number of strings: 6-string Special features: Pickups", "ItemID": "202569146200", "EndTime": "2019-01-24T22:51:05.000Z", "StartTime": "2019-01-17T22:51:05.000Z", "ViewItemURLForNaturalSearch": "https://www.ebay.com/itm/Epiphone-Les-Paul-Custom-PRO-Electric-Guitar-Alpine-White-w-Case-/202569146200", "ListingType": "Chinese", "Location": "Memphis, Tennessee", "PaymentMethods": ["PayPal"], "GalleryURL": "https://thumbs1.ebaystatic.com/pict/2025691462008080_1.jpg", "PictureURL": ["https://i.ebayimg.com/00/s/NTAwWDE4NA==/z/yf4AAOSwK9ZcP6ot/$_57.JPG?set_id=8800005007", "https://i.ebayimg.com/00/s/NTE5WDUyNg==/z/Ei8AAOSweCpcP6um/$_57.PNG?set_id=8800005007", "https://i.ebayimg.com/00/s/ODk3WDE1NDc=/z/nUEAAOSw2TVcSKWY/$_57.JPG?set_id=8800005007", "https://i.ebayimg.com/00/s/OTY4WDE1NjM=/z/9IMAAOSwc9VcSKYH/$_57.JPG?set_id=8800005007", "https://i.ebayimg.com/00/s/MTA4OVgxNTg3/z/wA4AAOSwF7lcSKZT/$_57.JPG?set_id=8800005007", "https://i.ebayimg.com/00/s/MTYwMFgxMjAw/z/ssoAAOSwjrFcSKal/$_57.JPG?set_id=8800005007", "https://i.ebayimg.com/00/s/MTYwMFgxMjAw/z/zUsAAOSw0~pcSKbH/$_57.JPG?set_id=8800005007", "https://i.ebayimg.com/00/s/MTYwMFgxMjAw/z/DA0AAOSwVCpcSKbx/$_57.JPG?set_id=8800005007", "https://i.ebayimg.com/00/s/MTYwMFgxMjAw/z/1IsAAOSwbWJcSKcR/$_57.JPG?set_id=8800005007", "https://i.ebayimg.com/00/s/MTIwMFgxNjAw/z/YJUAAOSwLnRcSKZ~/$_57.JPG?set_id=8800005007"], "PostalCode": "38104", "PrimaryCategoryID": "33034", "PrimaryCategoryName": "Musical Instruments & Gear:Guitars & Basses:Electric Guitars", "Quantity": 1, "Seller": {"UserID": "happyhoc", "FeedbackRatingStar": "Red", "FeedbackScore": 1397, "PositiveFeedbackPercent": 98.1}, "BidCount": 3, "ConvertedCurrentPrice": {"Value": 355.0, "CurrencyID": "USD"}, "CurrentPrice": {"Value": 355.0, "CurrencyID": "USD"}, "HighBidder": {"UserID": "a***-", "FeedbackPrivate": false, "FeedbackRatingStar": "None", "FeedbackScore": 0}, "ListingStatus": "Completed", "QuantitySold": 1, "ShipToLocations": ["US"], "Site": "US", "TimeLeft": "PT0S", "Title": "Epiphone Les Paul Custom PRO Electric Guitar Alpine White w/ Case", "ItemSpecifics": {"NameValueList": [{"Name": "Brand", "Value": ["Epiphone"]}, {"Name": "Body Color", "Value": ["White"]}, {"Name": "Body Material", "Value": ["Mahogany"]}, {"Name": "Body Type", "Value": ["Solid"]}, {"Name": "String Configuration", "Value": ["6 String"]}, {"Name": "Features", "Value": ["With Pickup"]}, {"Name": "Right-/ Left-Handed", "Value": ["Right-Handed"]}, {"Name": "MPN", "Value": ["ENCTAWGH1"]}, {"Name": "Inventory #", "Value": ["429521"]}, {"Name": "Model", "Value": ["Custom"]}]}, "HitCount": 224, "PrimaryCategoryIDPath": "619:3858:33034", "Storefront": {"StoreURL": "https://stores.ebay.com/id=84852204", "StoreName": "Happy Hocker"}, "Country": "US", "ReturnPolicy": {"ReturnsAccepted": "ReturnsNotAccepted"}, "MinimumToBid": {"Value": 360.0, "CurrencyID": "USD"}, "AutoPay": true, "PaymentAllowedSite": [], "IntegratedMerchantCreditCardEnabled": false, "HandlingTime": 3, "ConditionID": 3000, "ConditionDisplayName": "Used", "ExcludeShipToLocation": ["Alaska/Hawaii", "US Protectorates", "APO/FPO", "Africa", "Asia", "Central America and Caribbean", "Europe", "Middle East", "Oceania", "Southeast Asia", "South America"], "GlobalShipping": false, "ConditionDescription": "Beautiful condition! Bonus - case is included!", "QuantitySoldByPickupInStore": 0, "NewBestOffer": false}