{"BestOfferEnabled": false, "Description": "2003 RICKENBACKER 650C COLORADO MODEL ELECTRIC GUITAR WITH ORIGINAL HARD CASE. SUPERIOR MADE IN USA QUALITY. !!! NO RESERVE !!! MEANS ANY BID CAN WIN. THIS 2003 RICKENBACKER 650C COLORADO ELECTRIC GUITAR IS IN EXCELLENT PLAYING AND COSMETIC CONDITION. IT WAS ALWAYS VERY GENTLY PLAYED AND SHOWS SOME VERY MINIMAL SIGNS OF WEAR FROM NORMAL USE, YET NO DAMAGE AT ALL. A FEW TINY SURFACE SCRATCHES (PICTURED) ON THE BACK AND SIDES, BUT NO BUCKLE RASH, NO CHIPS OR DINGS, AND NO PICK SCRATCHES. THE FRETS SHOW SOME MINOR WEAR, BUT THEY ARE STILL IN VERY GOOD SHAPE WITH PLENTY OF LIFE LEFT IN THEM. ALL THE ELECTRONICS WORK PERFECTLY AS INTENDED AND ALL THE HARDWARE IS IMMACULATE. THIS GUITAR HAS A BEAUTIFUL RESONANCE AND SUSTAIN. SET UP WITH NEW 10's AND MEDIUM FAST ACTION, IT PLAYS BEAUTIFULLY AND SOUNDS KILLER. INCLUDES THE ORIGINAL HARD SHELL CASE PICTURED IN VERY GOOD CONDITION. THE SERIAL # IS: 03 24177. YOU ARE WELCOME TO READ MY DESCRIPTION, AND PLEASE BID, ONLY IF YOU ARE CONTENT WITH MY DESCRIPTION AND AGREE WITH ALL THE TERMS (BELOW). PLEASE ASK ANY QUESTIONS BEFORE YOU BID. THE SHIPPING (INCLUDING INSURANCE) IS $60 WITHIN CANADA, $80 TO THE USA. YOU CAN PICK IT UP AND SAVE ON SHIPPING. I DON'T END MY AUCTIONS EARLY. The shipping from West Coast Canada is more expensive than within USA and is based on my best estimate. I do not charge any handling fee or shipping supplies. You pay the ACTUAL SHIPPING ONLY and if the factual shipping cost is lower, please contact me and I will gladly refund the difference.", "ItemID": "202568068548", "EndTime": "2019-01-24T04:00:04.000Z", "StartTime": "2019-01-17T04:00:04.000Z", "ViewItemURLForNaturalSearch": "https://www.ebay.com/itm/2003-USA-RICKENBACKER-650C-COLORADO-ELECTRIC-GUITAR-ORIGINAL-HARD-CASE-/202568068548", "ListingType": "Chinese", "Location": "Vancouver, British Columbia", "PaymentMethods": ["PayPal"], "GalleryURL": "https://thumbs1.ebaystatic.com/pict/2025680685488080_1.jpg", "PictureURL": ["https://i.ebayimg.com/00/s/NTI0WDk1MA==/z/W20AAOSwnWpcJ8sK/$_57.JPG?set_id=8800005007", "https://i.ebayimg.com/00/s/NzY1WDE2MDA=/z/EdQAAOSwi1lcJ88w/$_57.JPG?set_id=8800005007", "https://i.ebayimg.com/00/s/Njg1WDE1OTk=/z/A8kAAOSwHGJcJ88x/$_57.JPG?set_id=8800005007", "https://i.ebayimg.com/00/s/MTYwMFgxMDY2/z/azMAAOSwZddcJ8sD/$_57.JPG?set_id=8800005007", "https://i.ebayimg.com/00/s/OTUwWDU1Mg==/z/GzsAAOSwQH5cJ8vt/$_57.JPG?set_id=8800005007", "https://i.ebayimg.com/00/s/MTA2NlgxNjAw/z/IBoAAOSwPWtcJ8sG/$_57.JPG?set_id=8800005007", "https://i.ebayimg.com/00/s/MTA2NlgxNjAw/z/cbsAAOSwwqVcJ8sJ/$_57.JPG?set_id=8800005007", "https://i.ebayimg.com/00/s/Mzk1WDk1MA==/z/erAAAOSwvapcJ8sL/$_57.JPG?set_id=8800005007", "https://i.ebayimg.com/00/s/OTUwWDYzMw==/z/4ucAAOSw~D5cJ8s6/$_57.JPG?set_id=8800005007", "https://i.ebayimg.com/00/s/MTA2NlgxNjAw/z/PI4AAOSwPA1cJ8tn/$_57.JPG?set_id=8800005007", "https://i.ebayimg.com/00/s/MTYwMFgxMDY2/z/LjEAAOSwsqdcJ8u0/$_57.JPG?set_id=8800005007", "https://i.ebayimg.com/00/s/NDE4WDk1MA==/z/DJ8AAOSwyspcJ8-T/$_57.JPG?set_id=8800005007"], "PostalCode": "V5Y3H5", "PrimaryCategoryID": "33034", "PrimaryCategoryName": "Musical Instruments & Gear:Guitars & Basses:Electric Guitars", "Quantity": 1, "Seller": {"UserID": "bytememotors", "FeedbackRatingStar": "Purple", "FeedbackScore": 692, "PositiveFeedbackPercent": 100.0}, "BidCount": 35, "ConvertedCurrentPrice": {"Value": 871.0, "CurrencyID": "USD"}, "CurrentPrice": {"Value": 871.0, "CurrencyID": "USD"}, "HighBidder": {"UserID": "e***e", "FeedbackPrivate": false, "FeedbackRatingStar": "Yellow", "FeedbackScore": 19}, "ListingStatus": "Completed", "QuantitySold": 1, "ShipToLocations": ["US", "CA"], "Site": "US", "TimeLeft": "PT0S", "Title": "2003 USA RICKENBACKER 650C COLORADO ELECTRIC GUITAR + ORIGINAL HARD CASE", "ItemSpecifics": {"NameValueList": [{"Name": "Brand", "Value": ["Rickenbacker"]}, {"Name": "Body Type", "Value": ["Solid"]}, {"Name": "Body Color", "Value": ["Black"]}, {"Name": "Model", "Value": ["650C COLORADO"]}, {"Name": "String Configuration", "Value": ["6 String"]}, {"Name": "Model Year", "Value": ["2003"]}, {"Name": "Country/Region of Manufacture", "Value": ["United States"]}, {"Name": "Right-/ Left-Handed", "Value": ["Right-Handed"]}]}, "HitCount": 611, "PrimaryCategoryIDPath": "619:3858:33034", "Country": "CA", "ReturnPolicy": {"ReturnsAccepted": "ReturnsNotAccepted", "InternationalReturnsAccepted": "ReturnsNotAccepted"}, "MinimumToBid": {"Value": 881.0, "CurrencyID": "USD"}, "AutoPay": false, "PaymentAllowedSite": [], "IntegratedMerchantCreditCardEnabled": false, "HandlingTime": 1, "ConditionID": 3000, "ConditionDisplayName": "Used", "ExcludeShipToLocation": ["Africa", "RU", "AL", "AD", "BY", "BA", "BG", "HR", "CY", "CZ", "EE", "GI", "GR", "GG", "HU", "JE", "LV", "LT", "MK", "MT", "MD", "ME", "PL", "RO", "SM", "RS", "SK", "SI", "SJ", "UA", "BH", "IQ", "JO", "KW", "LB", "OM", "QA", "SA", "TR", "AE", "YE"], "GlobalShipping": false, "ConditionDescription": "USED GUITAR IN EXCELLENT PLAYING AND COSMETIC CONDITION WITH ONLY A FEW MINOR SURFACE SCRATCHES", "QuantitySoldByPickupInStore": 0, "NewBestOffer": false}