{"BestOfferEnabled": false, "Description": "Essentially new. I purchased as a demo and it showed no signs of wear at all. I played it for about 2 hours and haven't touched it since. See pictures; it still has the pick guard sticker on it. The only thing that indicates that it's not brand new are a few smudges on the metal. Includes the sweet strap! Will ship USPS Parcel to save on cost. Can upgrade to Express at buyers cost.", "ItemID": "292927593075", "EndTime": "2019-01-26T01:23:01.000Z", "StartTime": "2019-01-21T01:23:01.000Z", "ViewItemURLForNaturalSearch": "https://www.ebay.com/itm/Fender-Squier-Classic-Vibe-50s-Telecaster-Maple-Vintage-Blonde-Mint-Condition-/292927593075", "ListingType": "Chinese", "Location": "Silverdale, Washington", "PaymentMethods": ["PayPal"], "GalleryURL": "https://thumbs4.ebaystatic.com/pict/2929275930758080_1.jpg", "PictureURL": ["https://i.ebayimg.com/00/s/MTYwMFgxMDYz/z/kssAAOSwFGNcRR3j/$_32.JPG?set_id=880000500F", "https://i.ebayimg.com/00/s/MTYwMFgxMDYz/z/7d8AAOSwdrdcRR3j/$_32.JPG?set_id=880000500F", "https://i.ebayimg.com/00/s/MTA2M1gxNjAw/z/EGgAAOSw5cZcRR3h/$_32.JPG?set_id=880000500F", "https://i.ebayimg.com/00/s/MTYwMFgxMDYz/z/Ue4AAOSw5i5cRR3h/$_32.JPG?set_id=880000500F", "https://i.ebayimg.com/00/s/MTYwMFgxMDYz/z/qy0AAOSw~JFcRR3i/$_32.JPG?set_id=880000500F", "https://i.ebayimg.com/00/s/MTA2M1gxNjAw/z/XLYAAOSwMlNcRR3i/$_32.JPG?set_id=880000500F", "https://i.ebayimg.com/00/s/MTA2M1gxNjAw/z/eNkAAOSwKdpcRR3h/$_32.JPG?set_id=880000500F", "https://i.ebayimg.com/00/s/MTA2M1gxNjAw/z/J9QAAOSwS3lcRR3i/$_32.JPG?set_id=880000500F", "https://i.ebayimg.com/00/s/MTYwMFgxMDYz/z/dxoAAOSwcXhcRR3i/$_32.JPG?set_id=880000500F", "https://i.ebayimg.com/00/s/MTYwMFgxMDYz/z/y-0AAOSw0TBcRR3i/$_32.JPG?set_id=880000500F", "https://i.ebayimg.com/00/s/MTYwMFgxMDYz/z/uzsAAOSwuARcRR3j/$_32.JPG?set_id=880000500F"], "PostalCode": "98315", "PrimaryCategoryID": "33034", "PrimaryCategoryName": "Musical Instruments & Gear:Guitars & Basses:Electric Guitars", "Quantity": 1, "Seller": {"UserID": "denimchickn", "FeedbackRatingStar": "Turquoise", "FeedbackScore": 341, "PositiveFeedbackPercent": 100.0}, "BidCount": 18, "ConvertedCurrentPrice": {"Value": 310.0, "CurrencyID": "USD"}, "CurrentPrice": {"Value": 310.0, "CurrencyID": "USD"}, "HighBidder": {"UserID": "r***n", "FeedbackPrivate": false, "FeedbackRatingStar": "Blue", "FeedbackScore": 69}, "ListingStatus": "Completed", "QuantitySold": 1, "ShipToLocations": ["US", "CA", "GB", "DK", "RO", "SK", "BG", "CZ", "FI", "HU", "LV", "LT", "MT", "EE", "AU", "GR", "PT", "CY", "SI", "JP", "CN", "SE", "KR", "ID", "TW", "TH", "BE", "FR", "HK", "IE", "NL", "PL", "ES", "IT", "DE", "AT", "BS", "IL", "MX", "NZ", "SG", "CH", "NO", "SA", "UA", "AE", "QA", "KW", "BH", "HR", "MY", "CL", "CO", "CR", "PA", "TT", "GT", "HN", "JM", "AG", "AW", "BZ", "DM", "GD", "KN", "LC", "MS", "TC", "BB", "BD", "BM", "BN", "BO", "EG", "GF", "GG", "GI", "GP", "IS", "JE", "JO", "KH", "KY", "LI", "LK", "LU", "MC", "MO", "MQ", "MV", "NI", "OM", "PK", "PY", "RE"], "Site": "US", "TimeLeft": "PT0S", "Title": "Fender Squier Classic Vibe 50s Telecaster Maple - Vintage Blonde Mint Condition", "ItemSpecifics": {"NameValueList": [{"Name": "Body Material", "Value": ["Maple"]}, {"Name": "Brand", "Value": ["Squier"]}, {"Name": "Model", "Value": ["Vintage"]}, {"Name": "Body Type", "Value": ["Classical"]}, {"Name": "Body Color", "Value": ["White"]}, {"Name": "MPN", "Value": ["0303025507"]}]}, "HitCount": 564, "PrimaryCategoryIDPath": "619:3858:33034", "Country": "US", "ReturnPolicy": {"ReturnsAccepted": "ReturnsNotAccepted"}, "MinimumToBid": {"Value": 315.0, "CurrencyID": "USD"}, "AutoPay": true, "PaymentAllowedSite": [], "IntegratedMerchantCreditCardEnabled": false, "HandlingTime": 3, "ConditionID": 3000, "ConditionDisplayName": "Used", "GlobalShipping": true, "QuantitySoldByPickupInStore": 0, "NewBestOffer": false}