{"BestOfferEnabled": false, "Description": "G&L ASAT Classic Electric Guitar - Natural Orange Finish Item Description Up for sale is a G&L -Guitars by Leo- ASAT Classic Electric Guitar, in a Orange Natural wood Finish. Includes a hardcase for travel. Overall in excellent - near pristine condition; there are some extremely minor marks, mostly to the finish, that are incredibly hard to discern (some might just be dust particles that wont clean off).\u00a0 See photos for an accurate representation of condition. Shipping Details Shipping: Ships via UPS Ground for $30. Please contact seller for additional information regarding shipping.", "ItemID": "202568779755", "EndTime": "2019-01-25T01:30:32.000Z", "StartTime": "2019-01-18T01:30:32.000Z", "ViewItemURLForNaturalSearch": "https://www.ebay.com/itm/G-L-USA-ASAT-Classic-Electric-Guitar-Orange-Natural-Wood-Finish-w-Case-Nice-/202568779755", "ListingType": "Chinese", "Location": "Finksburg, Maryland", "PaymentMethods": ["PayPal"], "GalleryURL": "https://thumbs4.ebaystatic.com/pict/2025687797558080_1.jpg", "PictureURL": ["https://i.ebayimg.com/00/s/NTU5WDEyODA=/z/fWoAAOSwQqNcQJhW/$_12.JPG?set_id=880000500F", "https://i.ebayimg.com/00/s/NjIyWDExNTM=/z/sYEAAOSwP85cQJhk/$_12.JPG?set_id=880000500F", "https://i.ebayimg.com/00/s/NTU5WDEyODA=/z/zJMAAOSw7OdcQJhv/$_12.JPG?set_id=880000500F", "https://i.ebayimg.com/00/s/NTU5WDEyNDA=/z/ORgAAOSwJ~xcQJh6/$_12.JPG?set_id=880000500F", "https://i.ebayimg.com/00/s/NTU5WDEyODA=/z/PxIAAOSwb15cQJiE/$_12.JPG?set_id=880000500F", "https://i.ebayimg.com/00/s/NTU4WDExNTI=/z/m~wAAOSwkjJcQJif/$_12.JPG?set_id=880000500F", "https://i.ebayimg.com/00/s/NjIyWDEyNjI=/z/2b4AAOSwoURcQJit/$_12.JPG?set_id=880000500F", "https://i.ebayimg.com/00/s/NjIyWDExNTI=/z/T3YAAOSwFtNcQJi0/$_12.JPG?set_id=880000500F", "https://i.ebayimg.com/00/s/NTU5WDEyODA=/z/zXkAAOSw2zRcQJi-/$_12.JPG?set_id=880000500F", "https://i.ebayimg.com/00/s/NTU5WDEyODA=/z/5x8AAOSwhrpcQJjI/$_12.JPG?set_id=880000500F", "https://i.ebayimg.com/00/s/NjIyWDEyODA=/z/tI8AAOSw0rdcQJjR/$_12.JPG?set_id=880000500F", "https://i.ebayimg.com/00/s/NjE4WDEyNjU=/z/VBcAAOSwWI5cQJjr/$_12.JPG?set_id=880000500F"], "PostalCode": "21048", "PrimaryCategoryID": "33034", "PrimaryCategoryName": "Musical Instruments & Gear:Guitars & Basses:Electric Guitars", "Quantity": 1, "Seller": {"UserID": "b.best", "FeedbackRatingStar": "Purple", "FeedbackScore": 660, "PositiveFeedbackPercent": 97.8}, "BidCount": 15, "ConvertedCurrentPrice": {"Value": 866.0, "CurrencyID": "USD"}, "CurrentPrice": {"Value": 866.0, "CurrencyID": "USD"}, "HighBidder": {"UserID": "r***d", "FeedbackPrivate": false, "FeedbackRatingStar": "Blue", "FeedbackScore": 99}, "ListingStatus": "Completed", "QuantitySold": 1, "ShipToLocations": ["US", "CA", "GB", "DK", "RO", "SK", "BG", "CZ", "FI", "HU", "LV", "LT", "MT", "EE", "AU", "GR", "PT", "CY", "SI", "JP", "CN", "SE", "KR", "ID", "TW", "TH", "BE", "FR", "HK", "IE", "NL", "PL", "ES", "IT", "DE", "AT", "BS", "IL", "MX", "NZ", "SG", "CH", "NO", "SA", "UA", "AE", "QA", "KW", "BH", "HR", "MY", "CL", "CO", "CR", "PA", "TT", "GT", "HN", "JM", "BB", "BD", "BM", "BN", "BO", "EG", "GF", "GG", "GI", "GP", "IS", "JE", "JO", "KH", "KY", "LI", "LK", "LU", "MC", "MO", "MQ", "MV", "NI", "OM", "PK", "PY", "RE"], "Site": "US", "TimeLeft": "PT0S", "Title": "G&L USA ASAT Classic Electric Guitar - Orange Natural Wood Finish w/ Case - Nice", "ItemSpecifics": {"NameValueList": [{"Name": "Body Type", "Value": ["Solid"]}, {"Name": "Brand", "Value": ["G&L"]}, {"Name": "Body Material", "Value": ["Alder", "Ash", "Maple"]}, {"Name": "String Configuration", "Value": ["6 String"]}, {"Name": "MPN", "Value": ["GL T A CB 3TS"]}]}, "HitCount": 737, "PrimaryCategoryIDPath": "619:3858:33034", "Storefront": {"StoreURL": "https://stores.ebay.com/id=4708624", "StoreName": "Baltimore sBestPawn"}, "Country": "US", "ReturnPolicy": {"ReturnsAccepted": "ReturnsNotAccepted"}, "MinimumToBid": {"Value": 876.0, "CurrencyID": "USD"}, "ProductID": {"Value": "78630729", "Type": "Reference"}, "AutoPay": false, "PaymentAllowedSite": [], "IntegratedMerchantCreditCardEnabled": false, "HandlingTime": 2, "ConditionID": 3000, "ConditionDisplayName": "Used", "GlobalShipping": true, "QuantitySoldByPickupInStore": 0, "NewBestOffer": false}