{"BestOfferEnabled": false, "Description": "Peavey Impact 1 Electric Guitar US Made. Excellent condition. One small area on body with blemishes. Tiny nick by humbucker all pictured. You can see them well in pictures. Only one is larger than a rice grain. Other than that, it\u2019s perfect. Original Kahler equipment \u201cfine tune\u201d roller bridge. Slick player, zero buzz. String lock let\u2019s you hammer and bend with zero detune. \u2014-Comes with original injection molded case, tools and paperwork. \u2014- **For sale locally. If you don\u2019t want to miss out on it, use the buy it now. I will remove post if I\u2019m offered $550 by a local buyer.** Shipped with USPS Priority Mail. Thank you!On Jan-24-19 at 07:50:12 PST, seller added the following information: ****PLEASE DISREGARD THE DESCRIPTION IN THE BOX AT THE TOP. THIS IS NOT A JF1 HOLLOW BODY GUITAR. PLEASE REFER ONLY TO PHOTOS AND TO MY DESCRIPTION ABOVE THIS LINE AND BELOW THE COOKIE CUTTER EBAY DESCRIPTION. THIS IS A SOLID BODY, US MADE, PEAVEY IMACT 1 FULLY ELECTRIC GUITAR.****", "ItemID": "183643812046", "EndTime": "2019-01-26T17:49:21.000Z", "StartTime": "2019-01-19T17:49:21.000Z", "ViewItemURLForNaturalSearch": "https://www.ebay.com/itm/Peavey-Impact-1-Electric-Guitar-US-Made-No-Reserve-/183643812046", "ListingType": "Chinese", "Location": "Freeport, Florida", "PaymentMethods": ["PayPal"], "GalleryURL": "https://thumbs3.ebaystatic.com/pict/1836438120468080_1.jpg", "PictureURL": ["https://i.ebayimg.com/00/s/MTIwMFgxNjAw/z/y8sAAOSwsqdcQ1jH/$_12.JPG?set_id=880000500F", "https://i.ebayimg.com/00/s/MTIwMFgxNjAw/z/St8AAOSws0pcQ1jT/$_12.JPG?set_id=880000500F", "https://i.ebayimg.com/00/s/MTIwMFgxNjAw/z/BukAAOSwlt9cQ1is/$_12.JPG?set_id=880000500F", "https://i.ebayimg.com/00/s/MTIwMFgxNjAw/z/zYIAAOSwWrNcQ1io/$_12.JPG?set_id=880000500F", "https://i.ebayimg.com/00/s/MTYwMFgxMjAw/z/X~QAAOSwhspcQ1jm/$_12.JPG?set_id=880000500F", "https://i.ebayimg.com/00/s/MTYwMFgxMjAw/z/tWkAAOSw2hxcQ1iq/$_12.JPG?set_id=880000500F", "https://i.ebayimg.com/00/s/MTIwMFgxNjAw/z/QgQAAOSwhEhcQ1j2/$_12.JPG?set_id=880000500F", "https://i.ebayimg.com/00/s/MTYwMFgxMjAw/z/LZoAAOSwoN5cQ1im/$_12.JPG?set_id=880000500F", "https://i.ebayimg.com/00/s/MTIwMFgxNjAw/z/G0QAAOSwpFtcQ1rG/$_12.JPG?set_id=880000500F", "https://i.ebayimg.com/00/s/MTYwMFgxMjAw/z/b5AAAOSwi6dcQ1rU/$_12.JPG?set_id=880000500F", "https://i.ebayimg.com/00/s/MTIwMFgxNjAw/z/qrwAAOSwQ5pcQ1sQ/$_12.JPG?set_id=880000500F"], "PostalCode": "32439", "PrimaryCategoryID": "33034", "PrimaryCategoryName": "Musical Instruments & Gear:Guitars & Basses:Electric Guitars", "Quantity": 1, "Seller": {"UserID": "strutting_duck", "FeedbackRatingStar": "Turquoise", "FeedbackScore": 332, "PositiveFeedbackPercent": 100.0}, "BidCount": 39, "ConvertedCurrentPrice": {"Value": 260.0, "CurrencyID": "USD"}, "CurrentPrice": {"Value": 260.0, "CurrencyID": "USD"}, "HighBidder": {"UserID": "m***i", "FeedbackPrivate": false, "FeedbackRatingStar": "Turquoise", "FeedbackScore": 137}, "ListingStatus": "Completed", "QuantitySold": 1, "ShipToLocations": ["US", "CA", "GB", "DK", "RO", "SK", "BG", "CZ", "FI", "HU", "LV", "LT", "MT", "EE", "AU", "GR", "PT", "CY", "SI", "JP", "CN", "SE", "KR", "ID", "TW", "TH", "BE", "FR", "HK", "IE", "NL", "PL", "ES", "IT", "DE", "AT", "BS", "IL", "MX", "NZ", "SG", "CH", "NO", "SA", "UA", "AE", "QA", "KW", "BH", "HR", "MY", "CL", "CO", "CR", "DO", "PA", "TT", "GT", "SV", "HN", "JM", "AG", "AW", "BZ", "DM", "GD", "KN", "LC", "MS", "TC", "BB", "BD", "BM", "BN", "BO", "EG", "GF", "GG", "GI", "GP", "IS", "JE", "JO", "KH", "KY", "LI", "LK", "LU", "MC", "MO", "MQ", "MV", "NI", "OM", "PK", "PY", "RE"], "Site": "US", "TimeLeft": "PT0S", "Title": "Peavey Impact 1 Electric Guitar US Made (No Reserve)", "ItemSpecifics": {"NameValueList": [{"Name": "Custom Bundle", "Value": ["Yes"]}, {"Name": "Right-/ Left-Handed", "Value": ["Right-Handed"]}, {"Name": "Country/Region of Manufacture", "Value": ["United States"]}, {"Name": "Body Type", "Value": ["Solid"]}, {"Name": "Body Color", "Value": ["Red"]}, {"Name": "Features", "Value": ["Volume Knob", "With Pickup"]}, {"Name": "Brand", "Value": ["Peavey"]}, {"Name": "String Configuration", "Value": ["6 String"]}, {"Name": "MPN", "Value": ["532220", "532230", "532240"]}, {"Name": "MPN", "Value": ["532220"]}]}, "HitCount": 696, "PrimaryCategoryIDPath": "619:3858:33034", "Country": "US", "ReturnPolicy": {"Refund": "Money Back", "ReturnsWithin": "14 Days", "ReturnsAccepted": "Returns Accepted", "ShippingCostPaidBy": "Buyer"}, "MinimumToBid": {"Value": 265.0, "CurrencyID": "USD"}, "ProductID": {"Value": "137002694", "Type": "Reference"}, "AutoPay": true, "PaymentAllowedSite": [], "IntegratedMerchantCreditCardEnabled": false, "HandlingTime": 3, "ConditionID": 3000, "ConditionDisplayName": "Used", "GlobalShipping": true, "QuantitySoldByPickupInStore": 0, "NewBestOffer": false}