{"BestOfferEnabled": false, "Description": "American sunburst strat with maple neck in good playing and cosmetic condition sounds good plays really well, pretty much everything a strat should be comes with manual allen wrenches tremolo arm and a extra white tip and a spare tremolo arm, she has some nicks and dings and honest playwear but she is gig ready ,will be packed securely their is no case, however for an additional $30.00 their is a Padded fender gig bag in excellent condition available these are the bags that fender made for the strat's and or telecaster very nice gig bag not a thin junky dust cover. Thanks for looking ,i ship only to the lower 48 states. Just add the $30.00 to your purchase if you choose to take the gig bag...On Jan-23-19 at 16:55:41 PST, seller added the following information: Just to update i will include the padded fender gig to the winner of the auction so please ignore the added $30.00 the strat will be packed in this nice gig bag , Thanks for looking!", "ItemID": "123599379591", "EndTime": "2019-01-24T16:22:18.000Z", "StartTime": "2019-01-17T16:22:18.000Z", "ViewItemURLForNaturalSearch": "https://www.ebay.com/itm/1999-Fender-american-standard-stratocaster-very-good-condition-/123599379591", "ListingType": "Chinese", "Location": "Hedgesville, West Virginia", "PaymentMethods": ["PayPal"], "GalleryURL": "https://thumbs4.ebaystatic.com/pict/1235993795918080_1.jpg", "PictureURL": ["https://i.ebayimg.com/00/s/MTYwMFgxMjAw/z/ybEAAOSwj5BcQKbH/$_57.JPG?set_id=8800005007", "https://i.ebayimg.com/00/s/MTYwMFgxMjAw/z/EwQAAOSw4ohcQKbj/$_57.JPG?set_id=8800005007", "https://i.ebayimg.com/00/s/MTYwMFgxMjAw/z/CwMAAOSw11BcQKb7/$_57.JPG?set_id=8800005007", "https://i.ebayimg.com/00/s/MTYwMFgxMjAw/z/pKUAAOSw~2VcQKcS/$_57.JPG?set_id=8800005007", "https://i.ebayimg.com/00/s/MTYwMFgxMjAw/z/o-8AAOSw8U9cQKcq/$_57.JPG?set_id=8800005007", "https://i.ebayimg.com/00/s/MTYwMFgxMjAw/z/YuIAAOSwg-tcQKc-/$_57.JPG?set_id=8800005007", "https://i.ebayimg.com/00/s/MTYwMFgxMjAw/z/4AgAAOSwfepcQKdR/$_57.JPG?set_id=8800005007", "https://i.ebayimg.com/00/s/MTYwMFgxMjAw/z/a4wAAOSwg0dcQKdl/$_57.JPG?set_id=8800005007"], "PostalCode": "25427", "PrimaryCategoryID": "33034", "PrimaryCategoryName": "Musical Instruments & Gear:Guitars & Basses:Electric Guitars", "Quantity": 1, "Seller": {"UserID": "29-i-wish", "FeedbackRatingStar": "Turquoise", "FeedbackScore": 272, "PositiveFeedbackPercent": 100.0}, "BidCount": 20, "ConvertedCurrentPrice": {"Value": 555.0, "CurrencyID": "USD"}, "CurrentPrice": {"Value": 555.0, "CurrencyID": "USD"}, "HighBidder": {"UserID": "k***p", "FeedbackPrivate": false, "FeedbackRatingStar": "Turquoise", "FeedbackScore": 428}, "ListingStatus": "Completed", "QuantitySold": 1, "ShipToLocations": ["US"], "Site": "US", "TimeLeft": "PT0S", "Title": "1999 Fender american standard stratocaster in very good condition!", "ItemSpecifics": {"NameValueList": [{"Name": "Brand", "Value": ["Fender"]}, {"Name": "Product Line", "Value": ["American Standard"]}, {"Name": "Series", "Value": ["American Standard"]}, {"Name": "Model Year", "Value": ["1999"]}, {"Name": "Body Type", "Value": ["Solid"]}, {"Name": "Body Color", "Value": ["3 color sunburst"]}, {"Name": "Model", "Value": ["american standard"]}, {"Name": "String Configuration", "Value": ["6 String"]}, {"Name": "Body Material", "Value": ["Alder"]}, {"Name": "Soundboard Style", "Value": ["Flat Top"]}, {"Name": "Right-/ Left-Handed", "Value": ["Right-Handed"]}, {"Name": "Country/Region of Manufacture", "Value": ["United States"]}]}, "HitCount": 629, "PrimaryCategoryIDPath": "619:3858:33034", "Country": "US", "ReturnPolicy": {"ReturnsAccepted": "ReturnsNotAccepted", "InternationalReturnsAccepted": "ReturnsNotAccepted"}, "MinimumToBid": {"Value": 565.0, "CurrencyID": "USD"}, "AutoPay": true, "PaymentAllowedSite": [], "IntegratedMerchantCreditCardEnabled": false, "HandlingTime": 3, "ConditionID": 3000, "ConditionDisplayName": "Used", "GlobalShipping": false, "ConditionDescription": "1999 sunburst american stratocaster in very good condition she has dings and marks and playwear but nothing that affects the sound and playability...", "QuantitySoldByPickupInStore": 0, "NewBestOffer": false}