{"BestOfferEnabled": false, "Description": "Beautiful guitar played only a few times and always in the security of my living room. Like new, no major scratches or blemishes. I purchased this guitar new. I planned to hang on to it for a long time as an investment but I now need the money and must sell it. The double-cutaway (GRETSCH) RED G5623 Electromatic\u00ae Center-Block Bono\u201cSignature\u201d Model puts Bono\u2019s personalized stamp on Gretsch new thinline spruce center-block design, which delivers \u201chigh gain-friendly\u201d tone and greater control over the kind of feedback players want. Other premium features include a bound arched maple top with bound soundholes, maple sides and arched back (also bound), maple neck, 22-fret bound rosewood fingerboard with Neo-Classic\u2122 \u201cthumbnail\u201d inlays, dual \u201cBlack Top\u201dFilterTron\u2122 pickups with three-position toggle switching, and master volume and tone controls, anchored Adjusto-Matic\u2122 bridge with \u201cG\u201d-cutout tailpiece,Grover\u00ae deluxe tuners, chrome hardware and deluxe case. Gretsch and Bono join forces once again for a new signature guitar model,the GRETSCH RED. Bearing the special RED logo adorned on the pickguard and truss rod cover, every guitar sold will raise money for the Global Fund to AIDS, tuberculosis and malaria.", "ItemID": "264148376656", "EndTime": "2019-01-25T23:09:10.000Z", "StartTime": "2019-01-18T23:09:10.000Z", "ViewItemURLForNaturalSearch": "https://www.ebay.com/itm/Gretsch-G5623-RED-Electromatic-Bono-Signature-Model-Hard-Shell-Case-/264148376656", "ListingType": "Chinese", "Location": "Huntington Beach, California", "PaymentMethods": ["PayPal"], "GalleryURL": "https://thumbs1.ebaystatic.com/pict/2641483766568080_1.jpg", "PictureURL": ["https://i.ebayimg.com/00/s/MTYwMFgxMjAw/z/zl4AAOSwkvtb5K0D/$_32.JPG?set_id=880000500F", "https://i.ebayimg.com/00/s/MTIwMFgxNjAw/z/kZIAAOSw3T5b5K0D/$_32.JPG?set_id=880000500F", "https://i.ebayimg.com/00/s/MTYwMFgxMjAw/z/OHMAAOSwhhlb5K0D/$_32.JPG?set_id=880000500F", "https://i.ebayimg.com/00/s/MTYwMFgxMjAw/z/7-kAAOSwRDpb5K0C/$_32.JPG?set_id=880000500F", "https://i.ebayimg.com/00/s/MTYwMFgxMjAw/z/97oAAOSwkFZb5K0D/$_32.JPG?set_id=880000500F", "https://i.ebayimg.com/00/s/MTYwMFgxMjAw/z/9HoAAOSwdr1b5K0B/$_32.JPG?set_id=880000500F", "https://i.ebayimg.com/00/s/MTYwMFgxMjAw/z/v4cAAOSwGD1b5K0D/$_32.JPG?set_id=880000500F", "https://i.ebayimg.com/00/s/MTYwMFgxMjAw/z/z0sAAOSwi-db5K0B/$_32.JPG?set_id=880000500F"], "PostalCode": "92648", "PrimaryCategoryID": "33034", "PrimaryCategoryName": "Musical Instruments & Gear:Guitars & Basses:Electric Guitars", "Quantity": 1, "Seller": {"UserID": "dryturn1", "FeedbackRatingStar": "Blue", "FeedbackScore": 72, "PositiveFeedbackPercent": 100.0}, "BidCount": 2, "ConvertedCurrentPrice": {"Value": 395.0, "CurrencyID": "USD"}, "CurrentPrice": {"Value": 395.0, "CurrencyID": "USD"}, "HighBidder": {"UserID": "r***m", "FeedbackPrivate": false, "FeedbackRatingStar": "Turquoise", "FeedbackScore": 280}, "ListingStatus": "Completed", "QuantitySold": 1, "ShipToLocations": ["US"], "Site": "US", "TimeLeft": "PT0S", "Title": "Gretsch G5623 RED Electromatic Bono Signature Model with Hard Shell Case", "ItemSpecifics": {"NameValueList": [{"Name": "Body Material", "Value": ["Maple"]}, {"Name": "Brand", "Value": ["Gretsch"]}, {"Name": "Non-Domestic Product", "Value": ["Yes"]}, {"Name": "Model Year", "Value": ["2014"]}, {"Name": "Model", "Value": ["G5623"]}, {"Name": "String Configuration", "Value": ["6 String"]}, {"Name": "Right-/ Left-Handed", "Value": ["Right-Handed"]}, {"Name": "Soundboard Style", "Value": ["Archtop"]}, {"Name": "Country/Region of Manufacture", "Value": ["Korea, Republic of"]}, {"Name": "Body Type", "Value": ["Semi-Hollow"]}, {"Name": "Body Color", "Value": ["Red"]}, {"Name": "Features", "Value": ["Volume Knob", "With Pickup"]}]}, "HitCount": 81, "PrimaryCategoryIDPath": "619:3858:33034", "Country": "US", "ReturnPolicy": {"ReturnsAccepted": "ReturnsNotAccepted", "InternationalReturnsAccepted": "ReturnsNotAccepted"}, "MinimumToBid": {"Value": 400.0, "CurrencyID": "USD"}, "AutoPay": false, "PaymentAllowedSite": [], "IntegratedMerchantCreditCardEnabled": false, "HandlingTime": 3, "ConditionID": 3000, "ConditionDisplayName": "Used", "GlobalShipping": false, "QuantitySoldByPickupInStore": 0, "NewBestOffer": false}