{"BestOfferEnabled": false, "Description": "70's Ventura semi-hollow electric guitar w/OHC. I've installed Gibson Epiphone Humbucker pickups, trapeze tailpiece and tune-o-matic bridge (no holes were drilled), and I'll include original working pickups, whammy bar and floating bridge and pick guard so it can easily be returned to its original state. Only minor finish cracks and chips as seen in the pictures but overall in very good shape for a 50 year old guitar. Slim neck plays smooth. Tuners are originals and work great. Frets are a bit worn but all function as they should and the original chip board hard case is in good shape as well. I'm out of room in my guitar racks so this classic needs a new home. Sold as is, no returns so please ask any questions you have before bidding. Thanks!", "ItemID": "323656866667", "EndTime": "2019-01-26T15:46:32.000Z", "StartTime": "2019-01-19T15:46:32.000Z", "ViewItemURLForNaturalSearch": "https://www.ebay.com/itm/70s-Ventura-semi-hollow-electric-guitar-w-OHC-upgrades-plus-original-parts-/323656866667", "ListingType": "Chinese", "Location": "Worley, Idaho", "PaymentMethods": ["PayPal"], "GalleryURL": "https://thumbs4.ebaystatic.com/pict/3236568666678080_1.jpg", "PictureURL": ["https://i.ebayimg.com/00/s/MTYwMFg3MDc=/z/~v8AAOSwF0VcQk0m/$_32.JPG?set_id=880000500F", "https://i.ebayimg.com/00/s/MTIwMFgxNjAw/z/htwAAOSwmE5cQk09/$_32.JPG?set_id=880000500F", "https://i.ebayimg.com/00/s/MTIwMFgxNjAw/z/3V8AAOSw5AhcQk1N/$_32.JPG?set_id=880000500F", "https://i.ebayimg.com/00/s/MTIwMFgxNjAw/z/xtAAAOSwfBlcQk1Y/$_32.JPG?set_id=880000500F", "https://i.ebayimg.com/00/s/MTIwMFgxNjAw/z/Ld0AAOSwj5BcQk10/$_32.JPG?set_id=880000500F", "https://i.ebayimg.com/00/s/MTIwMFgxNjAw/z/0A4AAOSwWI5cQk2H/$_32.JPG?set_id=880000500F", "https://i.ebayimg.com/00/s/MTIwMFgxNjAw/z/eA8AAOSwNXtcQk2X/$_32.JPG?set_id=880000500F", "https://i.ebayimg.com/00/s/MTIwMFgxNjAw/z/iSAAAOSwvpVcQk2r/$_32.JPG?set_id=880000500F", "https://i.ebayimg.com/00/s/MTIwMFgxNjAw/z/ZZkAAOSwJ~xcQk28/$_32.JPG?set_id=880000500F", "https://i.ebayimg.com/00/s/MTIwMFgxNjAw/z/JHUAAOSwAopcQk3P/$_32.JPG?set_id=880000500F"], "PostalCode": "83876", "PrimaryCategoryID": "33034", "PrimaryCategoryName": "Musical Instruments & Gear:Guitars & Basses:Electric Guitars", "Quantity": 1, "Seller": {"UserID": "lkff_us_ci8hhs", "FeedbackRatingStar": "Yellow", "FeedbackScore": 37, "PositiveFeedbackPercent": 100.0}, "BidCount": 2, "ConvertedCurrentPrice": {"Value": 299.0, "CurrencyID": "USD"}, "CurrentPrice": {"Value": 299.0, "CurrencyID": "USD"}, "HighBidder": {"UserID": "b***k", "FeedbackPrivate": false, "FeedbackRatingStar": "Turquoise", "FeedbackScore": 362}, "ListingStatus": "Completed", "QuantitySold": 1, "ShipToLocations": ["US"], "Site": "US", "TimeLeft": "PT0S", "Title": "70's Ventura semi-hollow electric guitar w/OHC_upgrades_ plus original parts", "ItemSpecifics": {"NameValueList": [{"Name": "Body Material", "Value": ["Maple"]}, {"Name": "Brand", "Value": ["VENTURA"]}, {"Name": "Model", "Value": ["ES-335"]}, {"Name": "String Configuration", "Value": ["6 String"]}, {"Name": "Right-/ Left-Handed", "Value": ["Right-Handed"]}, {"Name": "Country/Region of Manufacture", "Value": ["Japan"]}, {"Name": "Body Type", "Value": ["Semi-Hollow"]}, {"Name": "Body Color", "Value": ["Red"]}]}, "HitCount": 53, "PrimaryCategoryIDPath": "619:3858:33034", "Country": "US", "ReturnPolicy": {"ReturnsAccepted": "ReturnsNotAccepted"}, "MinimumToBid": {"Value": 304.0, "CurrencyID": "USD"}, "AutoPay": true, "PaymentAllowedSite": [], "IntegratedMerchantCreditCardEnabled": false, "HandlingTime": 3, "ConditionID": 3000, "ConditionDisplayName": "Used", "GlobalShipping": false, "QuantitySoldByPickupInStore": 0, "NewBestOffer": false}