{"BestOfferEnabled": false, "Description": "Fender Telecaster Custom Electric GuitarCrafted in China, SN: CGF1412441 Guitar in good working and physical condition, see pictures.Comes with a soft gig bag. #31206", "ItemID": "113565536522", "EndTime": "2019-01-25T03:00:31.000Z", "StartTime": "2019-01-18T03:00:31.000Z", "ViewItemURLForNaturalSearch": "https://www.ebay.com/itm/Fender-Telecaster-Custom-Electric-Guitar-/113565536522", "ListingType": "Chinese", "Location": "Los Angeles, California", "PaymentMethods": ["PayPal"], "GalleryURL": "https://thumbs3.ebaystatic.com/pict/1135655365228080_1.jpg", "PictureURL": ["https://i.ebayimg.com/00/s/MTYwMFgxMjAw/z/SewAAOSwuMRb-bfN/$_12.JPG?set_id=880000500F", "https://i.ebayimg.com/00/s/MTYwMFgxMjAw/z/qoMAAOSwk4Rb-bfP/$_12.JPG?set_id=880000500F", "https://i.ebayimg.com/00/s/MTYwMFgxMjAw/z/JVkAAOSwCXFb-bfS/$_12.JPG?set_id=880000500F", "https://i.ebayimg.com/00/s/MTYwMFgxMjAw/z/wUUAAOSwIbtb-bfT/$_12.JPG?set_id=880000500F", "https://i.ebayimg.com/00/s/MTYwMFgxMjAw/z/QQUAAOSwgNFb-bfW/$_12.JPG?set_id=880000500F", "https://i.ebayimg.com/00/s/MTYwMFgxMjAw/z/rgYAAOSwT2Bb-bfY/$_12.JPG?set_id=880000500F", "https://i.ebayimg.com/00/s/MTYwMFgxMjAw/z/PbUAAOSwH2Vb-bfZ/$_12.JPG?set_id=880000500F", "https://i.ebayimg.com/00/s/MTYwMFgxMjAw/z/-HkAAOSwQZVb-bfb/$_12.JPG?set_id=880000500F", "https://i.ebayimg.com/00/s/MTYwMFgxMjAw/z/vZQAAOSwWI5b-bfd/$_12.JPG?set_id=880000500F", "https://i.ebayimg.com/00/s/MTYwMFgxMjAw/z/dP0AAOSwb8Bb-bff/$_12.JPG?set_id=880000500F", "https://i.ebayimg.com/00/s/MTYwMFgxMjAw/z/yVwAAOSwyPFb-bfh/$_12.JPG?set_id=880000500F", "https://i.ebayimg.com/00/s/MTYwMFgxMjAw/z/-qMAAOSwzXJb-bfj/$_12.JPG?set_id=880000500F"], "PostalCode": "90004", "PrimaryCategoryID": "33034", "PrimaryCategoryName": "Musical Instruments & Gear:Guitars & Basses:Electric Guitars", "Quantity": 1, "Seller": {"UserID": "la-top", "FeedbackRatingStar": "Purple", "FeedbackScore": 598, "PositiveFeedbackPercent": 98.6, "TopRatedSeller": true}, "BidCount": 6, "ConvertedCurrentPrice": {"Value": 268.0, "CurrencyID": "USD"}, "CurrentPrice": {"Value": 268.0, "CurrencyID": "USD"}, "HighBidder": {"UserID": "m***e", "FeedbackPrivate": false, "FeedbackRatingStar": "None", "FeedbackScore": 6}, "ListingStatus": "Completed", "QuantitySold": 1, "ShipToLocations": ["US", "CA", "GB", "DK", "RO", "SK", "BG", "CZ", "FI", "HU", "LV", "LT", "MT", "EE", "AU", "GR", "PT", "CY", "SI", "JP", "CN", "SE", "KR", "ID", "TW", "TH", "BE", "FR", "HK", "IE", "NL", "PL", "ES", "IT", "DE", "AT", "BS", "IL", "MX", "NZ", "SG", "CH", "NO", "SA", "UA", "AE", "QA", "KW", "BH", "HR", "MY", "CL", "CO", "CR", "PA", "TT", "GT", "HN", "JM", "AG", "AW", "BZ", "DM", "GD", "KN", "LC", "MS", "TC", "BB", "BD", "BM", "BN", "BO", "EG", "GF", "GG", "GI", "GP", "IS", "JE", "JO", "KH", "KY", "LI", "LK", "LU", "MC", "MO", "MQ", "MV", "NI", "OM", "PK", "PY", "RE"], "Site": "US", "TimeLeft": "PT0S", "Title": "Fender Telecaster Custom Electric Guitar", "ItemSpecifics": {"NameValueList": [{"Name": "Country/Region of Manufacture", "Value": ["Japan"]}, {"Name": "Brand", "Value": ["Fender"]}, {"Name": "Body Material", "Value": ["Alder"]}, {"Name": "String Configuration", "Value": ["6 String"]}, {"Name": "Body Type", "Value": ["Solid"]}, {"Name": "MPN", "Value": ["137502306"]}]}, "HitCount": 511, "PrimaryCategoryIDPath": "619:3858:33034", "Country": "US", "ReturnPolicy": {"Refund": "Money Back", "ReturnsWithin": "30 Days", "ReturnsAccepted": "Returns Accepted", "ShippingCostPaidBy": "Buyer", "InternationalReturnsAccepted": "ReturnsNotAccepted"}, "MinimumToBid": {"Value": 273.0, "CurrencyID": "USD"}, "ProductID": {"Value": "78607821", "Type": "Reference"}, "AutoPay": false, "PaymentAllowedSite": [], "IntegratedMerchantCreditCardEnabled": false, "HandlingTime": 4, "ConditionID": 3000, "ConditionDisplayName": "Used", "GlobalShipping": true, "ConditionDescription": "Guitar in good working and physical condition, see pictures.", "QuantitySoldByPickupInStore": 0, "NewBestOffer": false}