{"BestOfferEnabled": false, "Description": "This NO RESERVE AUCTION is for a FENDER JAGUAR ELECTRIC GUITAR MADE IN JAPAN W/ GIG BAG. This item is Previously Lightly Used, and in Great Condition. This auction includes the Guitar and Gig Bag. As I am not the original owner of this Guitar I am not sure of the exact age. From what I can find from the Serial number it either could be made from 1994-1995 or 2007-2010. This Guitar does show some signs of wear. There are minor dings on the front and back, as well as some scratches and larger marks on the back and bottom edge. There is only minor fret wear. I do have additional pictures if needed. If you have any questions, email me. See the pictures for actual item up for auction here. Please check our feedback. Thousands of customers can't be wrong. Bid with confidence & remember this auction comes with a 30 day money back guarantee (-shipping/insurance). The shipping/handling/insurance will be $45.75 for this item. Shipping cost posted is based on the lower 48 states. I sell only quality merchandise. This NO RESERVE Auction is starting at $.99 cents. NO ZERO FEEDBACK (0) BIDS ACCEPTED. NO EXCEPTIONS, GOOD LUCK!!!!!!!!!!!!My Policies:Shipping based on the lower 48 states. All payments must be received within 7 days. U.S. sales only.Illinois residents and all items picked up in person are subject to a local 6.85% sales tax. Powered by SixBit's eCommerce Solution", "ItemID": "372568180310", "EndTime": "2019-01-25T04:04:08.000Z", "StartTime": "2019-01-15T04:04:08.000Z", "ViewItemURLForNaturalSearch": "https://www.ebay.com/itm/FENDER-JAGUAR-ELECTRIC-GUITAR-MADE-JAPAN-W-GIG-BAG-/372568180310", "ListingType": "Chinese", "Location": "Collinsville, Illinois", "PaymentMethods": ["PayPal", "VisaMC", "Discover"], "GalleryURL": "https://thumbs3.ebaystatic.com/pict/3725681803108080_1.jpg", "PictureURL": ["https://i.ebayimg.com/00/s/MTIwMFgxNjAw/z/mTQAAOSwZNtcCcOA/$_57.JPG?set_id=880000500F", "https://i.ebayimg.com/00/s/MTIwMFgxNjAw/z/-HkAAOSwtutcCcOE/$_57.JPG?set_id=880000500F", "https://i.ebayimg.com/00/s/MTIwMFgxNjAw/z/rwgAAOSwvcFcCcOI/$_57.JPG?set_id=880000500F", "https://i.ebayimg.com/00/s/MTIwMFgxNjAw/z/WQYAAOSwU65cCcOM/$_57.JPG?set_id=880000500F", "https://i.ebayimg.com/00/s/MTIwMFgxNjAw/z/5TYAAOSwXitcCcOP/$_57.JPG?set_id=880000500F", "https://i.ebayimg.com/00/s/MTIwMFgxNjAw/z/1YkAAOSwiwZcCcOT/$_57.JPG?set_id=880000500F", "https://i.ebayimg.com/00/s/MTIwMFgxNjAw/z/GKsAAOSwAx9cCcOV/$_57.JPG?set_id=880000500F", "https://i.ebayimg.com/00/s/MTIwMFgxNjAw/z/9MwAAOSwcnJcCcOY/$_57.JPG?set_id=880000500F", "https://i.ebayimg.com/00/s/MTIwMFgxNjAw/z/g28AAOSw6~pcCcOb/$_57.JPG?set_id=880000500F", "https://i.ebayimg.com/00/s/MTIwMFgxNjAw/z/l-YAAOSwnh9cCcOe/$_57.JPG?set_id=880000500F", "https://i.ebayimg.com/00/s/MTIwMFgxNjAw/z/HE8AAOSwNX1cCcOh/$_57.JPG?set_id=880000500F", "https://i.ebayimg.com/00/s/MTIwMFgxNjAw/z/ou8AAOSwxZxcCcOl/$_57.JPG?set_id=880000500F"], "PostalCode": "62234", "PrimaryCategoryID": "33034", "PrimaryCategoryName": "Musical Instruments & Gear:Guitars & Basses:Electric Guitars", "Quantity": 1, "Seller": {"UserID": "pawnmast", "FeedbackRatingStar": "Green", "FeedbackScore": 8544, "PositiveFeedbackPercent": 100.0, "TopRatedSeller": true}, "BidCount": 27, "ConvertedCurrentPrice": {"Value": 695.0, "CurrencyID": "USD"}, "CurrentPrice": {"Value": 695.0, "CurrencyID": "USD"}, "HighBidder": {"UserID": "2***2", "FeedbackPrivate": false, "FeedbackRatingStar": "Turquoise", "FeedbackScore": 401}, "ListingStatus": "Completed", "QuantitySold": 1, "ShipToLocations": ["US"], "Site": "US", "TimeLeft": "PT0S", "Title": "FENDER JAGUAR ELECTRIC GUITAR MADE IN JAPAN W/ GIG BAG ", "HitCount": 777, "PrimaryCategoryIDPath": "619:3858:33034", "Country": "US", "ReturnPolicy": {"Refund": "Money Back", "ReturnsWithin": "30 Days", "ReturnsAccepted": "Returns Accepted", "ShippingCostPaidBy": "Buyer"}, "MinimumToBid": {"Value": 705.0, "CurrencyID": "USD"}, "AutoPay": false, "PaymentAllowedSite": [], "IntegratedMerchantCreditCardEnabled": false, "HandlingTime": 3, "ConditionID": 3000, "ConditionDisplayName": "Used", "ExcludeShipToLocation": ["Alaska/Hawaii", "US Protectorates", "APO/FPO", "Africa", "Asia", "Central America and Caribbean", "Europe", "Middle East", "North America", "Oceania", "Southeast Asia", "South America"], "GlobalShipping": false, "ConditionDescription": "This auction is for a FENDER JAGUAR ELECTRIC GUITAR MADE IN JAPAN W/ GIG BAG. This item is Previously Lightly Used, and in Great Condition. This auction includes the Guitar and Gig Bag. As I am not the original owner of this Guitar I am not sure of the exact age. From what I can find from the Serial number it either could be made from 1994-1995 or 2007-2010. This Guitar does show some signs of wear. There are minor dings on the front and back, as well as some scratches and larger marks on the back and bottom edge. There is only minor fret wear. I do have additional pictures if needed.", "QuantitySoldByPickupInStore": 0, "NewBestOffer": false}