{"BestOfferEnabled": true, "Description": "Mint condition PRS S2 semi-hollow. No dings, scratches etc. perfect working order. Coil-splitting, etc... Incredible guitar that plays beautifully Professionally set up a couple months ago. Sounds amazing and practically plays itself. Comes with new gig bag. (Amp not included) I love the guitar but it's WAY better than my rudimentary guitar playing abilities...I just play in the sun room when I get the time - which isn't often, it's a crime to not be playing this baby more, so I'll sell her and get something more along my skill level - like a ukulele - and put the rest in the kids under-funded college fund. Paypal only. Will ship to lower 48 only", "ItemID": "153352694559", "EndTime": "2019-01-25T21:40:47.000Z", "StartTime": "2019-01-25T19:47:15.000Z", "ViewItemURLForNaturalSearch": "https://www.ebay.com/itm/2015-PRS-S2-Singlecut-Semi-Hollow-Electric-Guitar-w-Gig-Bag-/153352694559", "ListingType": "Chinese", "Location": "Andover, Massachusetts", "PaymentMethods": ["PayPal"], "GalleryURL": "https://thumbs4.ebaystatic.com/pict/1533526945598080_1.jpg", "PictureURL": ["https://i.ebayimg.com/00/s/MTYwMFgxMjAw/z/OSYAAOSwiudcQjBg/$_32.JPG?set_id=880000500F", "https://i.ebayimg.com/00/s/MTYwMFgxMjAw/z/FtUAAOSw7F9cQjBv/$_32.JPG?set_id=880000500F", "https://i.ebayimg.com/00/s/MTYwMFgxMjAw/z/Fl4AAOSwna5cQjB2/$_32.JPG?set_id=880000500F", "https://i.ebayimg.com/00/s/MTIwMFgxNjAw/z/TrEAAOSw16VcQjB6/$_32.JPG?set_id=880000500F", "https://i.ebayimg.com/00/s/MTYwMFgxMjAw/z/HLwAAOSwWH1cQjB-/$_32.JPG?set_id=880000500F", "https://i.ebayimg.com/00/s/MTYwMFgxMjAw/z/sLAAAOSwEcdcQjCF/$_32.JPG?set_id=880000500F", "https://i.ebayimg.com/00/s/MTYwMFgxMjAw/z/C6cAAOSwN11cQjCS/$_32.JPG?set_id=880000500F", "https://i.ebayimg.com/00/s/MTYwMFgxMjAw/z/UhEAAOSw0TBcQjCY/$_32.JPG?set_id=880000500F"], "PostalCode": "01810", "PrimaryCategoryID": "33034", "PrimaryCategoryName": "Musical Instruments & Gear:Guitars & Basses:Electric Guitars", "Quantity": 1, "Seller": {"UserID": "marklynch32", "FeedbackRatingStar": "Yellow", "FeedbackScore": 12, "PositiveFeedbackPercent": 100.0}, "BidCount": 1, "ConvertedCurrentPrice": {"Value": 808.0, "CurrencyID": "USD"}, "CurrentPrice": {"Value": 808.0, "CurrencyID": "USD"}, "HighBidder": {"UserID": "r***_", "FeedbackPrivate": false, "FeedbackRatingStar": "Red", "FeedbackScore": 1292}, "ListingStatus": "Completed", "QuantitySold": 1, "ShipToLocations": ["US"], "Site": "US", "TimeLeft": "PT0S", "Title": "2015 PRS S2 Singlecut Semi-Hollow Electric Guitar w/ Gig Bag", "ItemSpecifics": {"NameValueList": [{"Name": "Brand", "Value": ["PRS"]}, {"Name": "Product Line", "Value": ["S2"]}, {"Name": "Model Year", "Value": ["2015"]}, {"Name": "Model", "Value": ["S2 Singlecut"]}, {"Name": "String Configuration", "Value": ["6 String"]}, {"Name": "Right-/ Left-Handed", "Value": ["Right-Handed"]}, {"Name": "Country/Region of Manufacture", "Value": ["United States"]}, {"Name": "Body Type", "Value": ["Semi-Hollow"]}, {"Name": "Body Color", "Value": ["Ice Blue Fire Mist"]}]}, "HitCount": 8, "PrimaryCategoryIDPath": "619:3858:33034", "Country": "US", "ReturnPolicy": {"ReturnsAccepted": "ReturnsNotAccepted"}, "MinimumToBid": {"Value": 818.0, "CurrencyID": "USD"}, "AutoPay": false, "PaymentAllowedSite": [], "IntegratedMerchantCreditCardEnabled": false, "HandlingTime": 3, "ConditionID": 3000, "ConditionDisplayName": "Used", "GlobalShipping": false, "QuantitySoldByPickupInStore": 0, "NewBestOffer": false}