{"BestOfferEnabled": false, "Description": "Very good condition with only light buckle rash on the back and some scuffing of the pickguard. It has had a professional setup and it feels really good to play. It\u2019s sounds great too and the push-pull coil tap opens up a lot of tonal possibilities. Comes with a gig bag also bought from Rondo music. The gig bag has a couple spots near the headstock where the short, clipped end of the strings have torn holes in the material. Will ship in the gig bag and that will be put in a guitar box and stuffed for support. Please ask any questions you may have, thanks!", "ItemID": "192796507778", "EndTime": "2019-01-24T16:18:21.000Z", "StartTime": "2019-01-19T16:18:21.000Z", "ViewItemURLForNaturalSearch": "https://www.ebay.com/itm/Agile-3100-Goldtop-Electric-Guitar-Soft-Case-/192796507778", "ListingType": "Chinese", "Location": "Hereford, Texas", "PaymentMethods": ["PayPal"], "GalleryURL": "https://thumbs3.ebaystatic.com/pict/1927965077788080_1.jpg", "PictureURL": ["https://i.ebayimg.com/00/s/MTYwMFgxMjAw/z/0LsAAOSwRfxcQ0kC/$_12.JPG?set_id=880000500F", "https://i.ebayimg.com/00/s/MTYwMFgxMjAw/z/PAUAAOSwZnpcQ0kC/$_12.JPG?set_id=880000500F", "https://i.ebayimg.com/00/s/MTYwMFgxMjAw/z/auAAAOSwEONcQ0kC/$_12.JPG?set_id=880000500F", "https://i.ebayimg.com/00/s/MTYwMFgxMjAw/z/avIAAOSwhfRcQ0kH/$_12.JPG?set_id=880000500F", "https://i.ebayimg.com/00/s/MTYwMFgxMjAw/z/irMAAOSwDmxcQ0kI/$_12.JPG?set_id=880000500F", "https://i.ebayimg.com/00/s/MTYwMFgxMjAw/z/4QsAAOSwKc1cQ0kI/$_12.JPG?set_id=880000500F", "https://i.ebayimg.com/00/s/MTYwMFgxMjAw/z/hn8AAOSwH4dcQ0kM/$_12.JPG?set_id=880000500F", "https://i.ebayimg.com/00/s/MTYwMFgxMjAw/z/DyQAAOSwQ9lcQ0kN/$_12.JPG?set_id=880000500F", "https://i.ebayimg.com/00/s/MTYwMFgxMjAw/z/v9IAAOSwijtcQ0kO/$_12.JPG?set_id=880000500F", "https://i.ebayimg.com/00/s/MTYwMFgxMjAw/z/TAAAAOSwV7BcQ0kQ/$_12.JPG?set_id=880000500F"], "PostalCode": "79045", "PrimaryCategoryID": "33034", "PrimaryCategoryName": "Musical Instruments & Gear:Guitars & Basses:Electric Guitars", "Quantity": 1, "Seller": {"UserID": "bhavardsound", "FeedbackRatingStar": "Turquoise", "FeedbackScore": 146, "PositiveFeedbackPercent": 100.0}, "BidCount": 7, "ConvertedCurrentPrice": {"Value": 420.0, "CurrencyID": "USD"}, "CurrentPrice": {"Value": 420.0, "CurrencyID": "USD"}, "HighBidder": {"UserID": "t***n", "FeedbackPrivate": false, "FeedbackRatingStar": "Turquoise", "FeedbackScore": 188}, "ListingStatus": "Completed", "QuantitySold": 1, "ShipToLocations": ["US"], "Site": "US", "TimeLeft": "PT0S", "Title": "Agile 3100 Goldtop Electric Guitar With Soft Case", "ItemSpecifics": {"NameValueList": [{"Name": "Brand", "Value": ["Agile"]}]}, "HitCount": 252, "PrimaryCategoryIDPath": "619:3858:33034", "Country": "US", "ReturnPolicy": {"ReturnsAccepted": "ReturnsNotAccepted"}, "MinimumToBid": {"Value": 425.0, "CurrencyID": "USD"}, "AutoPay": true, "PaymentAllowedSite": [], "IntegratedMerchantCreditCardEnabled": false, "HandlingTime": 2, "ConditionID": 3000, "ConditionDisplayName": "Used", "GlobalShipping": false, "QuantitySoldByPickupInStore": 0, "NewBestOffer": false}