{"BestOfferEnabled": false, "Description": "NO RESERVE AUCTION - BELOW DEALER COST BLOWOUT !!! 2018 Epiphone ES-339 CH, Cherry Red w/Nickel, an awesome guitar, mint un-played, has a gig bag. $45.00 for lower USA 48 states shipping. &amp;amp;lt;div style=\"text-align:center\"&amp;amp;gt;&amp;amp;lt;a style=\"text-decoration:none\" href=\"http://mostpopular.sellathon.com/?id=AC1173833\"&amp;amp;gt;&amp;amp;lt;img src=\"http://www.sellathon.com/Resources/Images/countercredit.gif\" border=\"0\"&amp;amp;gt;&amp;amp;lt;/a&amp;amp;gt;&amp;amp;lt;/div&amp;amp;gt;", "ItemID": "372574817723", "EndTime": "2019-01-25T01:00:22.000Z", "StartTime": "2019-01-22T01:00:22.000Z", "ViewItemURLForNaturalSearch": "https://www.ebay.com/itm/2018-Epiphone-ES-339-Cherry-Red-MINT-UNPLAYED-NO-RESERVE-AUCTION-/372574817723", "ListingType": "Chinese", "Location": "Madison, Wisconsin", "PaymentMethods": ["PayPal"], "GalleryURL": "https://thumbs4.ebaystatic.com/pict/3725748177238080_1.jpg", "PictureURL": ["https://i.ebayimg.com/00/s/MTIwMFgxNjAw/z/Qs4AAOSwJOJcAusy/$_1.JPG?set_id=8800005007", "https://i.ebayimg.com/00/s/MTIwMFgxNjAw/z/nzYAAOSwi1lcAus3/$_1.JPG?set_id=8800005007", "https://i.ebayimg.com/00/s/MTIwMFgxNjAw/z/hK4AAOSwMI1cAus9/$_1.JPG?set_id=8800005007", "https://i.ebayimg.com/00/s/MTIwMFgxNjAw/z/f-0AAOSwwSJcAutB/$_1.JPG?set_id=8800005007", "https://i.ebayimg.com/00/s/MTIwMFgxNjAw/z/eUUAAOSwsRVcAutG/$_1.JPG?set_id=8800005007", "https://i.ebayimg.com/00/s/MTIwMFgxNjAw/z/ZsQAAOSwIddcAuss/$_1.JPG?set_id=8800005007"], "PostalCode": "53713", "PrimaryCategoryID": "33034", "PrimaryCategoryName": "Musical Instruments & Gear:Guitars & Basses:Electric Guitars", "Quantity": 1, "Seller": {"UserID": "bizarre-guitars", "FeedbackRatingStar": "YellowShooting", "FeedbackScore": 14698, "PositiveFeedbackPercent": 100.0}, "BidCount": 1, "ConvertedCurrentPrice": {"Value": 299.0, "CurrencyID": "USD"}, "CurrentPrice": {"Value": 299.0, "CurrencyID": "USD"}, "HighBidder": {"UserID": "e***p", "FeedbackPrivate": false, "FeedbackRatingStar": "Yellow", "FeedbackScore": 12}, "ListingStatus": "Completed", "QuantitySold": 1, "ShipToLocations": ["US", "CA", "GB", "DK", "RO", "SK", "BG", "CZ", "FI", "HU", "LV", "LT", "MT", "EE", "AU", "GR", "PT", "CY", "SI", "JP", "CN", "SE", "KR", "ID", "TW", "TH", "BE", "FR", "HK", "IE", "NL", "PL", "ES", "IT", "DE", "AT", "BS", "IL", "MX", "NZ", "SG", "CH", "NO", "SA", "UA", "AE", "QA", "KW", "BH", "HR", "MY", "CL", "CO", "CR", "PA", "TT", "GT", "HN", "JM", "AG", "AW", "BZ", "DM", "GD", "KN", "LC", "MS", "TC", "BB", "BD", "BM", "BN", "BO", "EG", "GF", "GG", "GI", "GP", "IS", "JE", "JO", "KH", "KY", "LI", "LK", "LU", "MC", "MO", "MQ", "MV", "NI", "OM", "PK", "PY", "RE"], "Site": "US", "TimeLeft": "PT0S", "Title": "2018 Epiphone ES-339  Cherry Red  MINT UNPLAYED  NO RESERVE AUCTION !!!!", "ItemSpecifics": {"NameValueList": [{"Name": "Body Color", "Value": ["Cherry Red"]}, {"Name": "String Configuration", "Value": ["6 String"]}, {"Name": "Modified Item", "Value": ["No"]}, {"Name": "Country/Region of Manufacture", "Value": ["China"]}, {"Name": "Custom Bundle", "Value": ["No"]}, {"Name": "Model Year", "Value": ["2018"]}, {"Name": "Dexterity", "Value": ["Right-Handed"]}, {"Name": "Brand", "Value": ["Epiphone"]}, {"Name": "Non-Domestic Product", "Value": ["No"]}, {"Name": "Body Type", "Value": ["Semi-Hollow"]}, {"Name": "Right-/ Left-Handed", "Value": ["Right-Handed"]}, {"Name": "Model", "Value": ["ES-339"]}]}, "HitCount": 139, "PrimaryCategoryIDPath": "619:3858:33034", "Storefront": {"StoreURL": "https://stores.ebay.com/id=440285", "StoreName": "Brian Goff&#39;s Bizarre Guitars"}, "Country": "US", "ReturnPolicy": {"ReturnsAccepted": "ReturnsNotAccepted", "InternationalReturnsAccepted": "ReturnsNotAccepted"}, "MinimumToBid": {"Value": 304.0, "CurrencyID": "USD"}, "AutoPay": false, "PaymentAllowedSite": [], "IntegratedMerchantCreditCardEnabled": false, "HandlingTime": 3, "ConditionID": 3000, "ConditionDisplayName": "Used", "GlobalShipping": true, "QuantitySoldByPickupInStore": 0, "NewBestOffer": false}