{"BestOfferEnabled": false, "Description": "$1.00 NO RESERVE AUCTION !!! 2012 Epiphone Les Paul Standard Plus Top Pro, Cherryburst Flame, weighs 8.10 lbs., a great guitar, no fret wear, chunky neck, has pickup cover wear-marks, hardly any wear on the guitar, beautiful overall condition, has a soft case. $45.00 for lower USA 48 states shipping. &amp;amp;lt;div style=\"text-align:center\"&amp;amp;gt;&amp;amp;lt;a style=\"text-decoration:none\" href=\"http://mostpopular.sellathon.com/?id=AC1173833\"&amp;amp;gt;&amp;amp;lt;img src=\"http://www.sellathon.com/Resources/Images/countercredit.gif\" border=\"0\"&amp;amp;gt;&amp;amp;lt;/a&amp;amp;gt;&amp;amp;lt;/div&amp;amp;gt;", "ItemID": "372574805170", "EndTime": "2019-01-25T01:00:25.000Z", "StartTime": "2019-01-22T01:00:25.000Z", "ViewItemURLForNaturalSearch": "https://www.ebay.com/itm/2012-Epiphone-Les-Paul-Standard-Pro-Plus-Top-Cherryburst-Flame-w-Case-NO-RES-/372574805170", "ListingType": "Chinese", "Location": "Madison, Wisconsin", "PaymentMethods": ["PayPal"], "GalleryURL": "https://thumbs3.ebaystatic.com/pict/3725748051708080_1.jpg", "PictureURL": ["https://i.ebayimg.com/00/s/MTIwMFgxNjAw/z/AOcAAOSwYYpcP3Ap/$_1.JPG?set_id=8800005007", "https://i.ebayimg.com/00/s/MTIwMFgxNjAw/z/oRYAAOSwl1FcP3At/$_1.JPG?set_id=8800005007", "https://i.ebayimg.com/00/s/MTIwMFgxNjAw/z/178AAOSw~rhcP3Aw/$_1.JPG?set_id=8800005007", "https://i.ebayimg.com/00/s/MTIwMFgxNjAw/z/AA8AAOSwWN5cP3A0/$_1.JPG?set_id=8800005007", "https://i.ebayimg.com/00/s/MTIwMFgxNjAw/z/SNwAAOSwuUNcP3A4/$_1.JPG?set_id=8800005007", "https://i.ebayimg.com/00/s/MTIwMFgxNjAw/z/4VsAAOSw3fZcP3A7/$_1.JPG?set_id=8800005007", "https://i.ebayimg.com/00/s/MTIwMFgxNjAw/z/SrYAAOSwL-1cP3A~/$_1.JPG?set_id=8800005007", "https://i.ebayimg.com/00/s/MTIwMFgxNjAw/z/fKwAAOSwE~ZcP3BC/$_1.JPG?set_id=8800005007", "https://i.ebayimg.com/00/s/MTIwMFgxNjAw/z/flUAAOSw8kRcP3BG/$_1.JPG?set_id=8800005007", "https://i.ebayimg.com/00/s/MTIwMFgxNjAw/z/F2EAAOSw09NcP3Al/$_1.JPG?set_id=8800005007", "https://i.ebayimg.com/00/s/MTIwMFgxNjAw/z/LSYAAOSwF0VcP3Ai/$_1.JPG?set_id=8800005007"], "PostalCode": "53713", "PrimaryCategoryID": "33034", "PrimaryCategoryName": "Musical Instruments & Gear:Guitars & Basses:Electric Guitars", "Quantity": 1, "Seller": {"UserID": "bizarre-guitars", "FeedbackRatingStar": "YellowShooting", "FeedbackScore": 14698, "PositiveFeedbackPercent": 100.0}, "BidCount": 37, "ConvertedCurrentPrice": {"Value": 310.0, "CurrencyID": "USD"}, "CurrentPrice": {"Value": 310.0, "CurrencyID": "USD"}, "HighBidder": {"UserID": "y***l", "FeedbackPrivate": false, "FeedbackRatingStar": "Turquoise", "FeedbackScore": 147}, "ListingStatus": "Completed", "QuantitySold": 1, "ShipToLocations": ["US", "CA", "GB", "DK", "RO", "SK", "BG", "CZ", "FI", "HU", "LV", "LT", "MT", "EE", "AU", "GR", "PT", "CY", "SI", "JP", "CN", "SE", "KR", "ID", "TW", "TH", "BE", "FR", "HK", "IE", "NL", "PL", "ES", "IT", "DE", "AT", "BS", "IL", "MX", "NZ", "SG", "CH", "NO", "SA", "UA", "AE", "QA", "KW", "BH", "HR", "MY", "CL", "CO", "CR", "DO", "PA", "TT", "GT", "SV", "HN", "JM", "AG", "AW", "BZ", "DM", "GD", "KN", "LC", "MS", "TC", "BB", "BD", "BM", "BN", "BO", "EG", "GF", "GG", "GI", "GP", "IS", "JE", "JO", "KH", "KY", "LI", "LK", "LU", "MC", "MO", "MQ", "MV", "NI", "OM", "PK", "PY", "RE"], "Site": "US", "TimeLeft": "PT0S", "Title": "2012 Epiphone Les Paul Standard Pro Plus Top  Cherryburst Flame  w/Case NO RES !", "ItemSpecifics": {"NameValueList": [{"Name": "Body Color", "Value": ["Cherryburst Flame"]}, {"Name": "String Configuration", "Value": ["6 String"]}, {"Name": "Modified Item", "Value": ["No"]}, {"Name": "Country/Region of Manufacture", "Value": ["China"]}, {"Name": "Custom Bundle", "Value": ["No"]}, {"Name": "Model Year", "Value": ["2012"]}, {"Name": "Dexterity", "Value": ["Right-Handed"]}, {"Name": "Brand", "Value": ["Epiphone"]}, {"Name": "Non-Domestic Product", "Value": ["No"]}, {"Name": "Body Type", "Value": ["Solid"]}, {"Name": "Right-/ Left-Handed", "Value": ["Right-Handed"]}, {"Name": "Model", "Value": ["Les Paul Standard Pro Plus Top"]}]}, "HitCount": 817, "PrimaryCategoryIDPath": "619:3858:33034", "Storefront": {"StoreURL": "https://stores.ebay.com/id=440285", "StoreName": "Brian Goff&#39;s Bizarre Guitars"}, "Country": "US", "ReturnPolicy": {"ReturnsAccepted": "ReturnsNotAccepted", "InternationalReturnsAccepted": "ReturnsNotAccepted"}, "MinimumToBid": {"Value": 315.0, "CurrencyID": "USD"}, "AutoPay": false, "PaymentAllowedSite": [], "IntegratedMerchantCreditCardEnabled": false, "HandlingTime": 3, "ConditionID": 3000, "ConditionDisplayName": "Used", "GlobalShipping": true, "QuantitySoldByPickupInStore": 0, "NewBestOffer": false}