{"BestOfferEnabled": false, "Description": "You are bidding on a Epiphone Les Paul Standard Electric Guitar.The guitar is used but is in excellent condition but does however show some light handling marks. This guitar comes with manual and hard case. This guitar is in overall excellent condition. This item is sold as shown. Don't miss this great deal! Les Paul StandardThe Epiphone Les Paul Standard is the world\u2019s most popular electric guitar at a price anyone can afford, each made to the same specs and attention to detail as vintage Les Pauls. PRODUCT FEATURESEpiphone Les Paul Standard At A GlanceClassic Les Paul with Mahogany Body and Maple Veneer TopEpiphone Alnico Classic\u2122 HumbuckersGrover\u2122 Machine HeadsSPECIFICATIONSBody MaterialMahoganyTop MaterialPlain Maple VeneerBindingBody Top: 1-Ply; Cream, Fingerboard: 1-Ply; CreamNeck MaterialMahoganyNeck Shape1960's SlimTaper\u2122; D profileNeck JointGlued InTruss RodAdjustableScale Length24.75\"Fingerboard MaterialPau Ferro with pearloid Trapezoid inlaysHeadstockEpiphone \"Clipped Ear\"; \"Epiphone\" logo in Pearloid \"Les Paul Model\" in Gold silkprintTruss Rod2-Way AdjustableTruss Rod Cover2-Ply (B/W); \"Les Paul Standard\" in white silkprintNut WidthU-Rite; CreamNeck PickupEpiphone Alnico Classic\u2122 HumbuckerBridge PickupEpiphone Alnico Classic Plus\u2122 HumbuckerControlsEpiphone All-metal 3-way Pickup Selector, Neck Pickup Volume, Bridge Pickup Volume, Neck Pickup Tone, Bridge Pickup ToneKnobsAmber 'Top Hats\"Fingerboard Radius12\"Frets22; medium-jumboBridgeLockTone\u2122 Tune-o-maticTailpieceStopbarNut Width1-11/16\"HardwareNickelMachine HeadsGrover\u2122 Machine Heads; 18:1 ratioOutput JackEpiphone 1/4' Non-Rotating with Cream Jack PlatePickguard1-Ply; Cream PVCControl Covers1-Ply; Cream PVCStrap ButtonsYes; 2 This is a NO RESERVE auction.Please view all photos for condition. OUR STORE HOURS ARE MONDAY-FRIDAY 9:00-4:00All items pictured are included in the auction, no generic pictures. Because we value our customers and do our best to make your purchase from us as smooth as possible, all of our items are guaranteed to arrive in the condition that was described and pictured. If your item doesn't function properly or is any way not as described, we have a money back guarantee. Please let us know immediately if this is the case.SHIPPING INFORMATIONCheck other auctions this week to save money. We don't participate in international orders. We carefully package and ship all of our larger items via FedEx ground. Please be aware that in an effort to reduce waste we recycle boxes. Because of this, your item may come in a reused box. We pay for insurance. Items can be picked up locally with no shipping or handling charges. Please contact us prior to bidding for a shipping quote if you want your item shipped to Alaska, Puerto Rico or Hawaii. We will accommodate you if possible.PAYMENT INFORMATIONWe prefer to let our auctions run until the end. Payment must be received within 5 days of close of auction or the the item will be relisted. We apologize if you experience a delay in our response. We get back to everyone within 24 hours from the auctions' end (except Friday evening auctions). Thank you for your patience with our staff and hours", "ItemID": "223329041904", "EndTime": "2019-01-24T01:11:01.000Z", "StartTime": "2019-01-17T01:11:01.000Z", "ViewItemURLForNaturalSearch": "https://www.ebay.com/itm/Epiphone-Les-Paul-Standard-Electric-Guitar-W-Case-/223329041904", "ListingType": "Chinese", "Location": "Medford, Oregon", "PaymentMethods": ["PayPal"], "GalleryURL": "https://thumbs1.ebaystatic.com/pict/2233290419048080_1.jpg", "PictureURL": ["https://i.ebayimg.com/00/s/MTA2NlgxNjAw/z/akAAAOSwZ2tcP9W~/$_57.JPG?set_id=8800005007", "https://i.ebayimg.com/00/s/MTA2NlgxNjAw/z/hocAAOSw6iZcP9XC/$_57.JPG?set_id=8800005007", "https://i.ebayimg.com/00/s/MTA2NlgxNjAw/z/nmwAAOSwuvFcP9XE/$_57.JPG?set_id=8800005007", "https://i.ebayimg.com/00/s/MTA2NlgxNjAw/z/2K8AAOSwI01cP9XG/$_57.JPG?set_id=8800005007", "https://i.ebayimg.com/00/s/MTA2NlgxNjAw/z/gf8AAOSw9xJcP9XJ/$_57.JPG?set_id=8800005007", "https://i.ebayimg.com/00/s/MTA2NlgxNjAw/z/D9cAAOSwsQJcP9XL/$_57.JPG?set_id=8800005007", "https://i.ebayimg.com/00/s/MTA2NlgxNjAw/z/Mb0AAOSwWtFcP9XO/$_57.JPG?set_id=8800005007", "https://i.ebayimg.com/00/s/MTA2NlgxNjAw/z/SqsAAOSwWI5cP9XQ/$_57.JPG?set_id=8800005007", "https://i.ebayimg.com/00/s/MTA2NlgxNjAw/z/H7QAAOSwCWNcP9XS/$_57.JPG?set_id=8800005007", "https://i.ebayimg.com/00/s/MTA2NlgxNjAw/z/WUIAAOSw8~NcP9XV/$_57.JPG?set_id=8800005007"], "PostalCode": "97501", "PrimaryCategoryID": "33034", "PrimaryCategoryName": "Musical Instruments & Gear:Guitars & Basses:Electric Guitars", "Quantity": 1, "Seller": {"UserID": "valleypawn", "FeedbackRatingStar": "YellowShooting", "FeedbackScore": 19668, "PositiveFeedbackPercent": 100.0, "TopRatedSeller": true}, "BidCount": 50, "ConvertedCurrentPrice": {"Value": 350.0, "CurrencyID": "USD"}, "CurrentPrice": {"Value": 350.0, "CurrencyID": "USD"}, "HighBidder": {"UserID": "_***o", "FeedbackPrivate": false, "FeedbackRatingStar": "Blue", "FeedbackScore": 56}, "ListingStatus": "Completed", "QuantitySold": 1, "ShipToLocations": ["US"], "Site": "US", "TimeLeft": "PT0S", "Title": "Epiphone Les Paul Standard Electric Guitar W/Case", "ItemSpecifics": {"NameValueList": [{"Name": "Brand", "Value": ["Epiphone"]}, {"Name": "MPN", "Value": ["Does not apply"]}, {"Name": "Model", "Value": ["Les Paul Standard"]}]}, "HitCount": 1024, "PrimaryCategoryIDPath": "619:3858:33034", "Country": "US", "ReturnPolicy": {"Refund": "Money Back", "ReturnsWithin": "30 Days", "ReturnsAccepted": "Returns Accepted", "ShippingCostPaidBy": "Buyer", "InternationalReturnsAccepted": "ReturnsNotAccepted"}, "MinimumToBid": {"Value": 355.0, "CurrencyID": "USD"}, "AutoPay": false, "PaymentAllowedSite": [], "IntegratedMerchantCreditCardEnabled": false, "HandlingTime": 3, "ConditionID": 3000, "ConditionDisplayName": "Used", "ExcludeShipToLocation": ["US Protectorates", "APO/FPO", "NZ", "FJ", "PG", "GP", "MH", "WF", "GM", "MY", "YT", "TW", "PL", "SR", "OM", "KE", "AE", "AR", "Middle East", "GW", "TG", "SN", "AM", "BT", "UZ", "IE", "QA", "FK", "NL", "BI", "SK", "IQ", "GQ", "SI", "TH", "North America", "AW", "AS", "SE", "IS", "MK", "LI", "IL", "KW", "BE", "DZ", "BJ", "RU", "Oceania", "AG", "IT", "SZ", "PK", "TZ", "UA", "SG", "PA", "BF", "JE", "KG", "CH", "RE", "DJ", "CL", "PR", "CN", "ML", "HR", "BW", "KH", "PT", "ID", "MT", "TJ", "VN", "PY", "KY", "SH", "CY", "RW", "SC", "AU", "BD", "AT", "LK", "ZW", "GA", "BG", "CZ", "CI", "NO", "KI", "TM", "GR", "GD", "HT", "GL", "YE", "AF", "ME", "Africa", "MN", "NP", "BH", "BS", "Asia", "SJ", "GB", "DM", "HU", "BA", "AO", "South America", "Southeast Asia", "WS", "FR", "MZ", "NA", "PE", "Central America and Caribbean", "GT", "DK", "VA", "SB", "SL", "NR", "GF", "AI", "SV", "GU", "FM", "DO", "CM", "GY", "AZ", "MO", "GE", "TO", "NC", "SM", "ER", "KN", "MA", "VC", "BY", "Europe", "MR", "BZ", "PH", "UY", "CD", "EH", "CG", "PF", "CK", "CO", "KM", "ES", "EE", "BM", "MS", "KR", "ZM", "SO", "VU", "EC", "AL", "MC", "GG", "ET", "LA", "NE", "VE", "GH", "CV", "MQ", "MD", "PM", "MG", "LB", "LR", "BO", "MV", "GI", "LY", "HK", "CF", "LS", "NG", "LC", "MU", "GN", "JO", "CA", "VG", "TC", "TD", "AD", "RO", "CR", "IN", "MX", "RS", "KZ", "AN", "SA", "JP", "LT", "TT", "PW", "MW", "NI", "FI", "TN", "LU", "UG", "BR", "TR", "BB", "DE", "TV", "JM", "LV", "EG", "NU", "HN", "BN", "VI", "ZA"], "GlobalShipping": false, "ConditionDescription": "excellent condition", "QuantitySoldByPickupInStore": 0, "NewBestOffer": false}