{"BestOfferEnabled": true, "Description": "Excellent Charvel MIM San Dimas. I LOVE this guitar and I own 300 guitars. Please don\u2019t contact me and try to lowball or otherwise be a dick. If you have money feel free to bid. Otherwise F Yourself!!!! Peace!!!", "ItemID": "173748705256", "EndTime": "2019-01-26T00:08:49.000Z", "StartTime": "2019-01-19T00:08:49.000Z", "ViewItemURLForNaturalSearch": "https://www.ebay.com/itm/charvel-san-dimas-/173748705256", "ListingType": "Chinese", "Location": "Dallas, Texas", "PaymentMethods": ["PayPal"], "GalleryURL": "https://thumbs1.ebaystatic.com/pict/1737487052568080_1.jpg", "PictureURL": ["https://i.ebayimg.com/00/s/MTYwMFgxMjAw/z/CMYAAOSwWz5cQmmW/$_12.JPG?set_id=880000500F", "https://i.ebayimg.com/00/s/MTYwMFgxMjAw/z/2MAAAOSwqztcQmmU/$_12.JPG?set_id=880000500F", "https://i.ebayimg.com/00/s/MTYwMFgxMjAw/z/9qwAAOSwd0pcQmma/$_12.JPG?set_id=880000500F", "https://i.ebayimg.com/00/s/MTYwMFgxMjAw/z/ilMAAOSwseFcQmmX/$_12.JPG?set_id=880000500F", "https://i.ebayimg.com/00/s/MTYwMFgxMjAw/z/I~4AAOSwfvtcQmmZ/$_12.JPG?set_id=880000500F"], "PostalCode": "75206", "PrimaryCategoryID": "33034", "PrimaryCategoryName": "Musical Instruments & Gear:Guitars & Basses:Electric Guitars", "Quantity": 1, "Seller": {"UserID": "ppetersondallas", "FeedbackRatingStar": "Turquoise", "FeedbackScore": 115, "PositiveFeedbackPercent": 100.0}, "BidCount": 2, "ConvertedCurrentPrice": {"Value": 500.0, "CurrencyID": "USD"}, "CurrentPrice": {"Value": 500.0, "CurrencyID": "USD"}, "HighBidder": {"UserID": "1***s", "FeedbackPrivate": false, "FeedbackRatingStar": "Yellow", "FeedbackScore": 38}, "ListingStatus": "Completed", "QuantitySold": 1, "ShipToLocations": ["US"], "Site": "US", "TimeLeft": "PT0S", "Title": "charvel san dimas ", "ItemSpecifics": {"NameValueList": [{"Name": "Brand", "Value": ["Charvel"]}]}, "HitCount": 247, "PrimaryCategoryIDPath": "619:3858:33034", "Country": "US", "ReturnPolicy": {"ReturnsAccepted": "ReturnsNotAccepted"}, "MinimumToBid": {"Value": 510.0, "CurrencyID": "USD"}, "AutoPay": false, "PaymentAllowedSite": [], "IntegratedMerchantCreditCardEnabled": false, "HandlingTime": 3, "ConditionID": 3000, "ConditionDisplayName": "Used", "GlobalShipping": false, "QuantitySoldByPickupInStore": 0, "NewBestOffer": false}