{"BestOfferEnabled": false, "Description": "Gibson SG Special 400 1986 Red Electric Guitar. Condition is Used. Shipped with USPS Priority Mail. With Kahler locking tremelo and all-black hardware. Finish has some small scratches and chips, which have largely been buffed by the local luthier. Volume and tone knobs have been replaced with black metal knobs.", "ItemID": "132924267263", "EndTime": "2019-01-24T16:29:08.000Z", "StartTime": "2019-01-19T21:20:20.000Z", "ViewItemURLForNaturalSearch": "https://www.ebay.com/itm/Gibson-SG-Special-400-1986-Red-Electric-Guitar-/132924267263", "ListingType": "Chinese", "Location": "Los Angeles, California", "PaymentMethods": ["PayPal"], "GalleryURL": "https://thumbs4.ebaystatic.com/pict/1329242672638080_1.jpg", "PictureURL": ["https://i.ebayimg.com/00/s/MTYwMFg5MDA=/z/UW0AAOSwt~1cQ4-q/$_32.JPG?set_id=880000500F", "https://i.ebayimg.com/00/s/OTAwWDE2MDA=/z/MYIAAOSwIdVcQ4-p/$_32.JPG?set_id=880000500F", "https://i.ebayimg.com/00/s/OTAwWDE2MDA=/z/-j8AAOSwWH1cQ4-p/$_32.JPG?set_id=880000500F", "https://i.ebayimg.com/00/s/OTAwWDE2MDA=/z/Y7sAAOSwPYRcQ4-p/$_32.JPG?set_id=880000500F", "https://i.ebayimg.com/00/s/OTAwWDE2MDA=/z/sxIAAOSw1T1cQ4-p/$_32.JPG?set_id=880000500F"], "PostalCode": "90066", "PrimaryCategoryID": "33034", "PrimaryCategoryName": "Musical Instruments & Gear:Guitars & Basses:Electric Guitars", "Quantity": 1, "Seller": {"UserID": "macevhicz", "FeedbackRatingStar": "None", "FeedbackScore": 1, "PositiveFeedbackPercent": 0.0}, "BidCount": 1, "ConvertedCurrentPrice": {"Value": 650.0, "CurrencyID": "USD"}, "CurrentPrice": {"Value": 650.0, "CurrencyID": "USD"}, "HighBidder": {"UserID": "_***f", "FeedbackPrivate": false, "FeedbackRatingStar": "Red", "FeedbackScore": 1660}, "ListingStatus": "Completed", "QuantitySold": 1, "ShipToLocations": ["US"], "Site": "US", "TimeLeft": "PT0S", "Title": "Gibson SG Special 400 1986 Red Electric Guitar", "ItemSpecifics": {"NameValueList": [{"Name": "Product Line", "Value": ["Gibson SG"]}, {"Name": "Model Year", "Value": ["1986"]}, {"Name": "Right-/ Left-Handed", "Value": ["Right-Handed"]}, {"Name": "Soundboard Style", "Value": ["Flat Top"]}, {"Name": "Body Color", "Value": ["Red"]}, {"Name": "Size", "Value": ["Full Size"]}, {"Name": "Brand", "Value": ["Gibson"]}, {"Name": "Model", "Value": ["SG Special"]}, {"Name": "Body Material", "Value": ["Mahogany"]}, {"Name": "String Configuration", "Value": ["6 String"]}, {"Name": "Body Type", "Value": ["Solid"]}, {"Name": "MPN", "Value": ["SGSPGSECH1", "SGSPHCCH1", "SGSPEBCH1"]}, {"Name": "MPN", "Value": ["SGSPEBCH1"]}]}, "HitCount": 362, "PrimaryCategoryIDPath": "619:3858:33034", "Country": "US", "ReturnPolicy": {"ReturnsAccepted": "ReturnsNotAccepted"}, "MinimumToBid": {"Value": 660.0, "CurrencyID": "USD"}, "ProductID": {"Value": "70294651", "Type": "Reference"}, "AutoPay": false, "PaymentAllowedSite": [], "IntegratedMerchantCreditCardEnabled": false, "HandlingTime": 3, "ConditionID": 3000, "ConditionDisplayName": "Used", "GlobalShipping": false, "QuantitySoldByPickupInStore": 0, "NewBestOffer": false}