{"BestOfferEnabled": false, "Description": "2009 Fender EVH Wolfgang USA Electric Guitar. Amazing guitar that is in excellent condition. Features include: 1-1/2\" basswood back 1-2\" arched AA maple top Bolt-on quartersawn maple neck AA birds-eye maple fingerboard 25-1/2\" scale length Compound fingerboard radius 12\"-16\" 22 vintage size stainless steel frets Floyd Rose R2 locking nut 1-5/8\" nut width Chrome hardware EVH branded Gotoh tuners, chrome with pearloid buttons EVH branded Floyd Rose locking tremelo EVH D-Tuna EVH humbuckers 3 way pickup toggle (NOT reverse wired - original owner modification) 2 Bourns low friction pots 250k/500k SKB case with molded stripes Unique features:. Hard mount pickups, Magna Coatings paint, 2 graphite neck reinforcement Rods, Schaller chrome string retainer Shipping through UPS ground only. Thanks for looking !", "ItemID": "153345319535", "EndTime": "2019-01-26T13:35:21.000Z", "StartTime": "2019-01-19T13:35:21.000Z", "ViewItemURLForNaturalSearch": "https://www.ebay.com/itm/2009-Fender-EVH-Wolfgang-USA-Electric-Guitar-/153345319535", "ListingType": "Chinese", "Location": "Palm Harbor, Florida", "PaymentMethods": ["PayPal"], "GalleryURL": "https://thumbs4.ebaystatic.com/pict/1533453195358080_1.jpg", "PictureURL": ["https://i.ebayimg.com/00/s/MTYwMFgxMjAw/z/m5UAAOSwJLJcQyLI/$_12.JPG?set_id=880000500F", "https://i.ebayimg.com/00/s/MTYwMFgxMjAw/z/R1IAAOSwleRcQyLK/$_12.JPG?set_id=880000500F", "https://i.ebayimg.com/00/s/MTYwMFgxMjAw/z/J84AAOSwg1JcQyLL/$_12.JPG?set_id=880000500F", "https://i.ebayimg.com/00/s/MTYwMFgxMjAw/z/38UAAOSwMKxcQyLN/$_12.JPG?set_id=880000500F", "https://i.ebayimg.com/00/s/MTYwMFgxMjAw/z/IjAAAOSwi6dcQyLP/$_12.JPG?set_id=880000500F", "https://i.ebayimg.com/00/s/MTYwMFgxMjAw/z/40gAAOSwUu5cQyLR/$_12.JPG?set_id=880000500F", "https://i.ebayimg.com/00/s/MTYwMFgxMjAw/z/TVsAAOSwrQ5cQyLS/$_12.JPG?set_id=880000500F", "https://i.ebayimg.com/00/s/MTYwMFgxMjAw/z/kFUAAOSw7MNcQyLU/$_12.JPG?set_id=880000500F", "https://i.ebayimg.com/00/s/MTIwMFgxNjAw/z/VN0AAOSw4b1cQyLj/$_12.JPG?set_id=880000500F", "https://i.ebayimg.com/00/s/MTIwMFgxNjAw/z/dcwAAOSwgyZcQyLZ/$_12.JPG?set_id=880000500F", "https://i.ebayimg.com/00/s/MTIwMFgxNjAw/z/bZkAAOSwyn1cQyLb/$_12.JPG?set_id=880000500F"], "PostalCode": "34684", "PrimaryCategoryID": "33034", "PrimaryCategoryName": "Musical Instruments & Gear:Guitars & Basses:Electric Guitars", "Quantity": 1, "Seller": {"UserID": "mauricio615", "FeedbackRatingStar": "Turquoise", "FeedbackScore": 157, "PositiveFeedbackPercent": 100.0}, "BidCount": 1, "ConvertedCurrentPrice": {"Value": 1400.0, "CurrencyID": "USD"}, "CurrentPrice": {"Value": 1400.0, "CurrencyID": "USD"}, "HighBidder": {"UserID": "5***o", "FeedbackPrivate": false, "FeedbackRatingStar": "Yellow", "FeedbackScore": 29}, "ListingStatus": "Completed", "QuantitySold": 1, "ShipToLocations": ["US"], "Site": "US", "TimeLeft": "PT0S", "Title": "2009 Fender EVH Wolfgang USA Electric Guitar", "ItemSpecifics": {"NameValueList": [{"Name": "Brand", "Value": ["Fender"]}, {"Name": "Model Year", "Value": ["2009"]}, {"Name": "Model", "Value": ["Wolfgang USA"]}]}, "HitCount": 202, "PrimaryCategoryIDPath": "619:3858:33034", "Country": "US", "ReturnPolicy": {"ReturnsAccepted": "ReturnsNotAccepted"}, "MinimumToBid": {"Value": 1425.0, "CurrencyID": "USD"}, "AutoPay": false, "PaymentAllowedSite": [], "IntegratedMerchantCreditCardEnabled": false, "HandlingTime": 2, "ConditionID": 3000, "ConditionDisplayName": "Used", "GlobalShipping": false, "QuantitySoldByPickupInStore": 0, "NewBestOffer": false}