{"BestOfferEnabled": false, "Description": "Squier by Fender Vintage Modified Jaguar Electric Guitar sn ICS15269020 Sunburst Condition: Very good used condition, with minor scuffs and scratches. Headstock has some minor dings and dents. Tuners, nut, neck, heel, fretboard, and bridge are all in good condition. Neck appears to be straight and action is even. The electronics were tested and seem to be working well, but this guitar has not been pushed to its limits. There is a truss rod in place. New strings may be required, and there is no case included. Tremolo bar not included. Measurements: Full Length: 40\" Lower Bout: 13.5\" Upper Bout: 11\" Nut to saddle: 24\" Notes: Please see photos for additional detail and feel free to ask questions. Store: Mobiles*Please note that as of December 1, 2018 jewelry will no longer be eligible for local pick up. Our customer's satisfaction is our top priority. In the event you experience any problems with your order, please contact us prior to leaving a negative or neutral feedback and we'll be sure to offer a speedy resolution to any issues that may arise. PAYMENTS PayPal is the only method of Payment we accept. No exceptions can be made. Payment must be received within 3 days of the auction's end. This also applies to combined orders. Please note that unpaid item cases are automated to open after 3 days without payment. Once they open, eBay allows an additional 3 days for you to pay, which will close the case with no penalty to your account. SHIPPING Any item sold by the Seattle Goodwill is eligible for local pick up at our warehouse. Please note that we are unable to accept cash or credit cards at our location. Your item(s) will be available the day after payment is submitted though PayPal. We are open for pickup from 10 am to 6 pm, Monday through Friday, and 10 am to 3:30 pm on Saturday and Sunday. APO & PO Box addresses will require USPS shipments, as Fed Ex ground will not deliver. If Fed Ex is selected, we may need to invoice for additional shipping costs. Local pick up items must be claimed within 7 days or the item may be refunded / relisted. INTERNATIONAL BIDDERS I am sorry but we are unable to offer international shipping on this item. SEATTLE GOODWILL'S MISSION:Goodwill\u00ae provides quality, effective employment training and basic education to individuals experiencing significant barriers to economic opportunity. Donations of quality reusable items from the public are sold in our retail stores and our online eBay store. Net proceeds from the sale of these goods and financial donations from the community make it possible for us to operate our free job training programs. Your donations and purchases help support these important programs and make the community a better place for all of us. Because Jobs Change Lives!To find out more about us and our great job training programs please visit our eBay About Me page. Powered by SixBit's eCommerce Solution", "ItemID": "401689449309", "EndTime": "2019-01-25T20:09:54.000Z", "StartTime": "2019-01-18T20:09:54.000Z", "ViewItemURLForNaturalSearch": "https://www.ebay.com/itm/Squier-Fender-Vintage-Modified-Jaguar-Electric-Guitar-sn-ICS15269020-Sunburst-/401689449309", "ListingType": "Chinese", "Location": "Seattle, Washington", "PaymentMethods": ["PayPal"], "GalleryURL": "https://thumbs2.ebaystatic.com/pict/4016894493098080_1.jpg", "PictureURL": ["https://i.ebayimg.com/00/s/ODY2WDE1OTk=/z/oZkAAOSwrm5cQjJu/$_57.JPG?set_id=880000500F", "https://i.ebayimg.com/00/s/MTIwMFgxNjAw/z/VhYAAOSw2fpcQjJx/$_57.JPG?set_id=880000500F", "https://i.ebayimg.com/00/s/MTIwMFgxNjAw/z/fPEAAOSw0xtcQjJ0/$_57.JPG?set_id=880000500F", "https://i.ebayimg.com/00/s/MTIwMFgxNjAw/z/Xo0AAOSwEKxcQjJ3/$_57.JPG?set_id=880000500F", "https://i.ebayimg.com/00/s/MTIwMFgxNjAw/z/qBsAAOSwoRpcQjJ7/$_57.JPG?set_id=880000500F", "https://i.ebayimg.com/00/s/MTIwMFgxNjAw/z/b3UAAOSw6EpcQjJ-/$_57.JPG?set_id=880000500F", "https://i.ebayimg.com/00/s/MTIwMFgxNjAw/z/QRsAAOSwg5FcQjKB/$_57.JPG?set_id=880000500F", "https://i.ebayimg.com/00/s/MTIwMFgxNjAw/z/BO8AAOSw11BcQjKE/$_57.JPG?set_id=880000500F", "https://i.ebayimg.com/00/s/MTIwMFgxNjAw/z/YyIAAOSwTEZcQjKH/$_57.JPG?set_id=880000500F", "https://i.ebayimg.com/00/s/MTIwMFgxNjAw/z/hToAAOSw-QxcQjKL/$_57.JPG?set_id=880000500F"], "PostalCode": "98144", "PrimaryCategoryID": "33034", "PrimaryCategoryName": "Musical Instruments & Gear:Guitars & Basses:Electric Guitars", "Quantity": 1, "Seller": {"UserID": "seattlegoodwill", "FeedbackRatingStar": "RedShooting", "FeedbackScore": 204551, "PositiveFeedbackPercent": 99.3}, "BidCount": 25, "ConvertedCurrentPrice": {"Value": 362.0, "CurrencyID": "USD"}, "CurrentPrice": {"Value": 362.0, "CurrencyID": "USD"}, "HighBidder": {"UserID": "a***o", "FeedbackPrivate": false, "FeedbackRatingStar": "None", "FeedbackScore": 5}, "ListingStatus": "Completed", "QuantitySold": 1, "ShipToLocations": ["US"], "Site": "US", "TimeLeft": "PT0S", "Title": "Squier by Fender Vintage Modified Jaguar Electric Guitar sn ICS15269020 Sunburst", "ItemSpecifics": {"NameValueList": [{"Name": "Brand", "Value": ["Squier"]}, {"Name": "MPN", "Value": ["Does Not Apply"]}]}, "HitCount": 744, "PrimaryCategoryIDPath": "619:3858:33034", "Charity": {"CharityID": "3662", "CharityName": "Seattle Goodwill", "CharityNumber": 1052, "DonationPercent": 100.0, "Mission": "Through free adult basic education and job training programs, Seattle Goodwill helps individuals build new lives and make positive contributions to their families and community.", "LogoURL": "https://i.ebayimg.com/00/s/MTIwWDQ0NQ==/z/yyYAAOSww9xZCu38/$_1.JPG?set_id=8800005007", "Status": "Valid"}, "Storefront": {"StoreURL": "https://stores.ebay.com/id=57338117", "StoreName": "Seattle Goodwill"}, "Country": "US", "ReturnPolicy": {"Refund": "Money Back", "ReturnsWithin": "14 Days", "ReturnsAccepted": "Returns Accepted", "ShippingCostPaidBy": "Buyer"}, "MinimumToBid": {"Value": 367.0, "CurrencyID": "USD"}, "AutoPay": false, "PaymentAllowedSite": [], "IntegratedMerchantCreditCardEnabled": false, "HandlingTime": 1, "ConditionID": 3000, "ConditionDisplayName": "Used", "ExcludeShipToLocation": ["Africa", "Central America and Caribbean", "Middle East", "Southeast Asia", "South America", "RU", "BY", "LV", "RS", "SK", "SI", "UA", "BM", "GL", "MX", "PM", "AF", "AM", "AZ", "BD", "BT", "CN", "GE", "IN", "KZ", "KR", "KG", "MV", "MN", "NP", "PK", "LK", "TJ", "TM", "UZ", "AS", "CK", "FJ", "PF", "GU", "KI", "MH", "FM", "NR", "NC", "NU", "PW", "PG", "SB", "TO", "TV", "VU", "WF", "WS"], "GlobalShipping": false, "ConditionDescription": "Previously owned.", "QuantitySoldByPickupInStore": 0, "SKU": "RAY-PW", "NewBestOffer": false}