{"BestOfferEnabled": false, "Description": "RARE ORIGINAL HAGSTROM Impala (not Chinese retrospect) Guitar, Made in Sweden in 1964.It is in very good overall condition considering the age, it has only a few blemishes as you would expect from a guitar this age.(please scrutinize the pictures and again ask questions when in doubt)There is a cosmetic hair line crack in the paint on back of the neck (picture 5). This very common on almost all of these guitars but does not affect stability or play-ability Nice original Guitar, whammy bar and screw are missing Volume Knob missing as well. Even the original strap buttons and router cavity button are there. Electronics have been cleaned and work well which is very very unusual for these Guitars.There is always a chance that the switches start to work erratically after time so always ask the seller before you bid. If you want an original HAGSTROM Guitar made in Sweden in nice original condition this is the one to buy. Powerfull Vintage sound from this baby. Please don't ask for trade ins and/or lower price, I will not respond to those mails, thanks. We only ship to the confirmed address provided by PayPal. Before you pay, please make sure your address in PayPal matches the address you would like us to ship to. Frets are in good shape with lots of life left. Comes with non Original Guitar Bag. Please consult the pictures because YOU are the Judge and ask question if in doubt before bidding, thanks.I will ship to Scandinavia/Sweden but shipping will be higher and you are responsible for all Taxes and Duties that my occur.NO RETURNS.If you insist on returning you agree to pay all the postage, if you don't agree please DON'T BID! Thanks. Please see my other listings for Hagstrom Guitars. I try to list one Guitar every week or so.KEEP LOOKING, thanks.", "ItemID": "273672846025", "EndTime": "2019-01-26T01:29:54.000Z", "StartTime": "2019-01-26T00:51:20.000Z", "ViewItemURLForNaturalSearch": "https://www.ebay.com/itm/RARE-HAGSTROM-Impala-Guitar-Made-Sweden-1966-67-/273672846025", "ListingType": "Chinese", "Location": "Denton, Texas", "PaymentMethods": ["PayPal"], "GalleryURL": "https://thumbs2.ebaystatic.com/pict/2736728460258080_1.jpg", "PictureURL": ["https://i.ebayimg.com/00/s/MTE4OVgxMjAy/z/RNwAAOSwyn1cS6du/$_57.JPG?set_id=8800005007", "https://i.ebayimg.com/00/s/MTE4OVg1NjI=/z/1B4AAOSw7MNcS6fN/$_57.JPG?set_id=8800005007", "https://i.ebayimg.com/00/s/MTE4OVg1NTQ=/z/H2YAAOSwK9ZcS6fo/$_57.JPG?set_id=8800005007", "https://i.ebayimg.com/00/s/MTIwMFgxNjAw/z/2XQAAOSwJQVcS6Y3/$_57.JPG?set_id=8800005007", "https://i.ebayimg.com/00/s/MTIwMFgxNjAw/z/WMsAAOSwiyhcS6gK/$_57.JPG?set_id=8800005007", "https://i.ebayimg.com/00/s/MTIwMFgxNjAw/z/6DMAAOSwH2RcS6gX/$_57.JPG?set_id=8800005007", "https://i.ebayimg.com/00/s/MTE4OVg4ODg=/z/MX8AAOSw1XNcS6gs/$_57.JPG?set_id=8800005007", "https://i.ebayimg.com/00/s/MTE4OVg3MjM=/z/VK0AAOSwfTlcS6g7/$_57.JPG?set_id=8800005007", "https://i.ebayimg.com/00/s/MTIwMFgxNjAw/z/txoAAOSwgZlcS6hH/$_57.JPG?set_id=8800005007", "https://i.ebayimg.com/00/s/MTIwMFgxNjAw/z/FiQAAOSwQAdcS6ZG/$_57.JPG?set_id=8800005007"], "PostalCode": "76210", "PrimaryCategoryID": "33034", "PrimaryCategoryName": "Musical Instruments & Gear:Guitars & Basses:Electric Guitars", "Quantity": 1, "Seller": {"UserID": "benjaminfrey", "FeedbackRatingStar": "Purple", "FeedbackScore": 774, "PositiveFeedbackPercent": 100.0}, "BidCount": 1, "ConvertedCurrentPrice": {"Value": 995.0, "CurrencyID": "USD"}, "CurrentPrice": {"Value": 995.0, "CurrencyID": "USD"}, "HighBidder": {"UserID": "s***_", "FeedbackPrivate": false, "FeedbackRatingStar": "Turquoise", "FeedbackScore": 223}, "ListingStatus": "Completed", "QuantitySold": 1, "ShipToLocations": ["US", "SE"], "Site": "US", "TimeLeft": "PT0S", "Title": "RARE HAGSTROM Impala Guitar, Made in Sweden in 1966-67", "ItemSpecifics": {"NameValueList": [{"Name": "Series", "Value": ["Original"]}, {"Name": "String Configuration", "Value": ["6 String"]}, {"Name": "Model", "Value": ["Hagstrom ll"]}, {"Name": "Country/Region of Manufacture", "Value": ["Sweden"]}, {"Name": "Model Year", "Value": ["1966-67"]}, {"Name": "MPN", "Value": ["Does Not Apply"]}, {"Name": "Brand", "Value": ["Hagstrom"]}, {"Name": "Body Color", "Value": ["not sure"]}]}, "HitCount": 7, "PrimaryCategoryIDPath": "619:3858:33034", "Country": "US", "ReturnPolicy": {"ReturnsAccepted": "ReturnsNotAccepted", "InternationalReturnsAccepted": "ReturnsNotAccepted"}, "MinimumToBid": {"Value": 1005.0, "CurrencyID": "USD"}, "AutoPay": true, "PaymentAllowedSite": [], "IntegratedMerchantCreditCardEnabled": false, "HandlingTime": 3, "ConditionID": 3000, "ConditionDisplayName": "Used", "GlobalShipping": true, "ConditionDescription": "used but in very nice condition for its age", "QuantitySoldByPickupInStore": 0, "NewBestOffer": false}