{"BestOfferEnabled": false, "Description": "This auction is for this Gibson Flying V Electric Guitar 2011Comes in its original Gibson CASE Model # BAFVCHCHI S/N 128710301 w/ Papers MINT Condition 4 String This Will Be Very Carefully Packaged For Shipping We do combine shipping for multiple purchase, after all of the auctions you win have ended, we will send you a combined invoice. Satisfaction Guaranteed on all purchases from us!We Want HAPPY Customers!We Appreciate Your Business", "ItemID": "362534913767", "EndTime": "2019-01-24T03:00:47.000Z", "StartTime": "2019-01-17T03:00:47.000Z", "ViewItemURLForNaturalSearch": "https://www.ebay.com/itm/Gibson-Flying-V-Electric-Guitar-2011-CASE-BAFVCHCHI-w-Papers-MINT-4-String-/362534913767", "ListingType": "Chinese", "Location": "Dayton, Ohio", "PaymentMethods": ["PayPal"], "GalleryURL": "https://thumbs4.ebaystatic.com/pict/3625349137678080_1.jpg", "PictureURL": ["https://i.ebayimg.com/00/s/OTA4WDE0MzU=/z/frMAAOSwLnRcP2Zv/$_57.JPG?set_id=8800005007", "https://i.ebayimg.com/00/s/MTU3M1g2OTA=/z/niEAAOSwWtFcP2Xv/$_57.JPG?set_id=8800005007", "https://i.ebayimg.com/00/s/MTYwMFgxMjAw/z/714AAOSwzodcP2X7/$_57.JPG?set_id=8800005007", "https://i.ebayimg.com/00/s/MTYwMFgxMjAw/z/71QAAOSwAThcP2YL/$_57.JPG?set_id=8800005007", "https://i.ebayimg.com/00/s/MTIwMFgxNjAw/z/8iUAAOSw5EpcP2Xf/$_57.JPG?set_id=8800005007", "https://i.ebayimg.com/00/s/MTYwMFgxMjAw/z/YpsAAOSw4ohcP2YY/$_57.JPG?set_id=8800005007", "https://i.ebayimg.com/00/s/MTYwMFgxMjAw/z/F8AAAOSwPWtcP2Ye/$_57.JPG?set_id=8800005007", "https://i.ebayimg.com/00/s/MTIwMFgxNjAw/z/cU4AAOSwsrlcP2Ym/$_57.JPG?set_id=8800005007", "https://i.ebayimg.com/00/s/MTYwMFgxMjAw/z/zpgAAOSwvERcP2Yx/$_57.JPG?set_id=8800005007", "https://i.ebayimg.com/00/s/MTIwMFgxNjAw/z/fgQAAOSwLnRcP2Xy/$_57.JPG?set_id=8800005007", "https://i.ebayimg.com/00/s/MTIwMFgxNjAw/z/TX0AAOSw2zRcP2X7/$_57.JPG?set_id=8800005007", "https://i.ebayimg.com/00/s/MTIwMFgxNjAw/z/o1EAAOSwjQVcP2X~/$_57.JPG?set_id=8800005007"], "PostalCode": "45405", "PrimaryCategoryID": "33034", "PrimaryCategoryName": "Musical Instruments & Gear:Guitars & Basses:Electric Guitars", "Quantity": 1, "Seller": {"UserID": "jewelsforall", "FeedbackRatingStar": "YellowShooting", "FeedbackScore": 15852, "PositiveFeedbackPercent": 99.7}, "BidCount": 6, "ConvertedCurrentPrice": {"Value": 835.5, "CurrencyID": "USD"}, "CurrentPrice": {"Value": 835.5, "CurrencyID": "USD"}, "HighBidder": {"UserID": "e***i", "FeedbackPrivate": false, "FeedbackRatingStar": "Turquoise", "FeedbackScore": 299}, "ListingStatus": "Completed", "QuantitySold": 1, "ShipToLocations": ["US", "CA", "GB", "DK", "RO", "SK", "BG", "CZ", "FI", "HU", "LV", "LT", "MT", "EE", "AU", "GR", "PT", "CY", "SI", "JP", "CN", "SE", "KR", "ID", "TW", "TH", "BE", "FR", "HK", "IE", "NL", "PL", "ES", "IT", "DE", "AT", "BS", "IL", "MX", "NZ", "SG", "CH", "NO", "SA", "UA", "AE", "QA", "KW", "BH", "HR", "MY", "CL", "CO", "CR", "PA", "TT", "GT", "HN", "JM", "BB", "BD", "BM", "BN", "BO", "EG", "GF", "GG", "GI", "GP", "IS", "JE", "JO", "KH", "KY", "LI", "LK", "LU", "MC", "MO", "MQ", "MV", "NI", "OM", "PK", "PY", "RE"], "Site": "US", "TimeLeft": "PT0S", "Title": "Gibson Flying V Electric Guitar 2011 in CASE # BAFVCHCHI w/ Papers MINT 4 String", "ItemSpecifics": {"NameValueList": [{"Name": "Dexterity", "Value": ["Right-Handed"]}, {"Name": "Style", "Value": ["Flying V"]}, {"Name": "String Configuration", "Value": ["4 String"]}, {"Name": "Modified Item", "Value": ["No"]}, {"Name": "Country/Region of Manufacture", "Value": ["United States"]}, {"Name": "Custom Bundle", "Value": ["No"]}, {"Name": "Right-/ Left-Handed", "Value": ["Right-Handed"]}, {"Name": "MPN", "Value": ["Does Not Apply"]}, {"Name": "Brand", "Value": ["Gibson"]}, {"Name": "Non-Domestic Product", "Value": ["No"]}, {"Name": "Body Type", "Value": ["Solid"]}, {"Name": "UPC", "Value": ["Does not apply"]}, {"Name": "Model", "Value": ["Flying V"]}, {"Name": "Model Year", "Value": ["2011"]}]}, "HitCount": 743, "PrimaryCategoryIDPath": "619:3858:33034", "Storefront": {"StoreURL": "https://stores.ebay.com/id=19963882", "StoreName": "JEWELSFORALL&#39;S STORE"}, "Country": "US", "ReturnPolicy": {"Refund": "Money Back", "ReturnsWithin": "14 Days", "ReturnsAccepted": "Returns Accepted", "ShippingCostPaidBy": "Seller", "InternationalReturnsAccepted": "ReturnsNotAccepted"}, "MinimumToBid": {"Value": 845.5, "CurrencyID": "USD"}, "AutoPay": false, "PaymentAllowedSite": [], "IntegratedMerchantCreditCardEnabled": false, "HandlingTime": 1, "ConditionID": 3000, "ConditionDisplayName": "Used", "ExcludeShipToLocation": ["PM", "GL", "SL", "GM", "YT", "CM", "KE", "GW", "SN", "ER", "TG", "MA", "BI", "GQ", "MR", "CD", "EH", "CG", "KM", "BJ", "DZ", "ZM", "SO", "SZ", "ET", "NE", "TZ", "BF", "GH", "DJ", "CV", "ML", "BW", "MG", "SH", "RW", "LR", "SC", "LY", "NG", "LS", "CF", "GA", "ZW", "MU", "GN", "CI", "TD", "MW", "AO", "TN", "UG", "MZ", "NA", "ZA", "IQ", "LB", "YE", "TR", "AZ", "GE", "AM", "BT", "UZ", "RU", "KG", "TJ", "TM", "IN", "AF", "KZ", "MN", "NP", "BY", "MD", "RS", "ME", "SJ", "BA", "AI", "SV", "DO", "KN", "VC", "BZ", "AW", "MS", "AG", "LC", "TC", "GD", "HT", "AN", "DM", "PH", "LA", "VN", "GY", "SR", "AR", "FK", "UY", "EC", "VE", "BR", "PE"], "GlobalShipping": true, "QuantitySoldByPickupInStore": 0, "NewBestOffer": false}