{"BestOfferEnabled": true, "Description": "2016 Gretsch Streamliner with Bigsby and upgraded with TV Jones pickups and all electronics. Completely bad ass tone! TV Jones Powertron pick up in neck position and Powertron Plus pick up in bridge. All factory electronics taken out and replaced with higher quality parts. Pro set up, sweet, low action. Easy to play and sounds incredible. Pick ups replaced in late 2017. Picks up we\u2019re 300 and so was the work put into it. Gretsch hard case included that was originally 225. Overall price is a steal for what you get!", "ItemID": "292926224878", "EndTime": "2019-01-24T23:16:41.000Z", "StartTime": "2019-01-19T23:16:41.000Z", "ViewItemURLForNaturalSearch": "https://www.ebay.com/itm/Souped-Up-Gretsch-G2420T-Streamliner-Hollowbody-Guitar-Bigsby-TV-Jones-Pick-Ups-/292926224878", "ListingType": "Chinese", "Location": "Longmont, Colorado", "PaymentMethods": ["PayPal", "VisaMC", "Discover"], "GalleryURL": "https://thumbs3.ebaystatic.com/pict/2929262248788080_1.jpg", "PictureURL": ["https://i.ebayimg.com/00/s/MTYwMFgxMjAw/z/1W8AAOSwAzxb-4~g/$_12.JPG?set_id=880000500F", "https://i.ebayimg.com/00/s/MTYwMFgxMjAw/z/BzIAAOSw7R9b-4~k/$_12.JPG?set_id=880000500F", "https://i.ebayimg.com/00/s/MTYwMFgxMjAw/z/BQwAAOSwyApb-4~d/$_12.JPG?set_id=880000500F", "https://i.ebayimg.com/00/s/MTYwMFgxMjAw/z/Cy0AAOSw-FRb-4~m/$_12.JPG?set_id=880000500F", "https://i.ebayimg.com/00/s/MTYwMFgxMjAw/z/G5AAAOSwX6Rb-4~f/$_12.JPG?set_id=880000500F", "https://i.ebayimg.com/00/s/MTYwMFgxMjAw/z/tZsAAOSwYh9b-4~j/$_12.JPG?set_id=880000500F", "https://i.ebayimg.com/00/s/MTYwMFgxMjAw/z/9pkAAOSwV1Vb-4~i/$_12.JPG?set_id=880000500F"], "PostalCode": "80503", "PrimaryCategoryID": "33034", "PrimaryCategoryName": "Musical Instruments & Gear:Guitars & Basses:Electric Guitars", "Quantity": 1, "Seller": {"UserID": "ryanotto0920", "FeedbackRatingStar": "Yellow", "FeedbackScore": 30, "PositiveFeedbackPercent": 100.0}, "BidCount": 1, "ConvertedCurrentPrice": {"Value": 460.0, "CurrencyID": "USD"}, "CurrentPrice": {"Value": 460.0, "CurrencyID": "USD"}, "HighBidder": {"UserID": "r***s", "FeedbackPrivate": false, "FeedbackRatingStar": "Turquoise", "FeedbackScore": 389}, "ListingStatus": "Completed", "QuantitySold": 1, "ShipToLocations": ["US"], "Site": "US", "TimeLeft": "PT0S", "Title": "Souped Up Gretsch G2420T Streamliner Hollowbody Guitar Bigsby-TV Jones Pick Ups", "ItemSpecifics": {"NameValueList": [{"Name": "Brand", "Value": ["Gretsch"]}, {"Name": "Body Type", "Value": ["Hollow"]}, {"Name": "MPN", "Value": ["Does Not Apply"]}]}, "HitCount": 135, "PrimaryCategoryIDPath": "619:3858:33034", "Country": "US", "ReturnPolicy": {"ReturnsAccepted": "ReturnsNotAccepted", "InternationalReturnsAccepted": "ReturnsNotAccepted"}, "MinimumToBid": {"Value": 465.0, "CurrencyID": "USD"}, "AutoPay": false, "PaymentAllowedSite": [], "IntegratedMerchantCreditCardEnabled": false, "HandlingTime": 5, "ConditionID": 3000, "ConditionDisplayName": "Used", "GlobalShipping": false, "QuantitySoldByPickupInStore": 0, "NewBestOffer": false}