{"BestOfferEnabled": true, "Description": "", "ItemID": "173757476141", "EndTime": "2019-01-24T16:50:58.000Z", "StartTime": "2019-01-23T19:21:12.000Z", "ViewItemURLForNaturalSearch": "https://www.ebay.com/itm/Rare-Jerry-Jones-Shorthorn-Baritone-Guitar-/173757476141", "ListingType": "Chinese", "Location": "Fort Bragg, California", "PaymentMethods": ["PayPal"], "GalleryURL": "https://thumbs2.ebaystatic.com/pict/1737574761418080_1.jpg", "PictureURL": ["https://i.ebayimg.com/00/s/MTIwMFgxNjAw/z/olYAAOSwa1ZcSL2D/$_57.JPG?set_id=8800005007", "https://i.ebayimg.com/00/s/MTIwMFgxNjAw/z/PSkAAOSweCpcSL2R/$_57.JPG?set_id=8800005007", "https://i.ebayimg.com/00/s/MTIwMFgxNjAw/z/yFkAAOSwb-1cSL2d/$_57.JPG?set_id=8800005007", "https://i.ebayimg.com/00/s/MTIwMFgxNjAw/z/ywcAAOSwZqlcSL2k/$_57.JPG?set_id=8800005007", "https://i.ebayimg.com/00/s/MTIwMFgxNjAw/z/tN0AAOSwjQVcSL2o/$_57.JPG?set_id=8800005007", "https://i.ebayimg.com/00/s/MTIwMFgxNjAw/z/BLMAAOSw1~pcSL20/$_57.JPG?set_id=8800005007"], "PostalCode": "95437", "PrimaryCategoryID": "33034", "PrimaryCategoryName": "Musical Instruments & Gear:Guitars & Basses:Electric Guitars", "Quantity": 1, "Seller": {"UserID": "lipsticktube", "FeedbackRatingStar": "Blue", "FeedbackScore": 54, "PositiveFeedbackPercent": 0.0}, "BidCount": 1, "ConvertedCurrentPrice": {"Value": 1000.0, "CurrencyID": "USD"}, "CurrentPrice": {"Value": 1000.0, "CurrencyID": "USD"}, "HighBidder": {"UserID": "s***t", "FeedbackPrivate": false, "FeedbackRatingStar": "Turquoise", "FeedbackScore": 132}, "ListingStatus": "Completed", "QuantitySold": 1, "ShipToLocations": ["US"], "Site": "US", "TimeLeft": "PT0S", "Title": "Rare Jerry Jones Shorthorn Baritone Guitar", "ItemSpecifics": {"NameValueList": [{"Name": "Brand", "Value": ["Jerry Jones"]}, {"Name": "Body Type", "Value": ["Semi-Hollow"]}, {"Name": "Body Color", "Value": ["Black"]}, {"Name": "String Configuration", "Value": ["6 String"]}, {"Name": "Model", "Value": ["Shorthorn Baritone"]}, {"Name": "Features", "Value": ["With Pickup", "Lipsticktube"]}, {"Name": "Model Year", "Value": ["1990's"]}, {"Name": "Modified Item", "Value": ["No"]}, {"Name": "Right-/ Left-Handed", "Value": ["Right-Handed"]}, {"Name": "Size", "Value": ["Full Size"]}, {"Name": "Country/Region of Manufacture", "Value": ["United States"]}]}, "HitCount": 53, "PrimaryCategoryIDPath": "619:3858:33034", "Country": "US", "ReturnPolicy": {"ReturnsAccepted": "ReturnsNotAccepted", "InternationalReturnsAccepted": "ReturnsNotAccepted"}, "MinimumToBid": {"Value": 1025.0, "CurrencyID": "USD"}, "AutoPay": false, "PaymentAllowedSite": [], "IntegratedMerchantCreditCardEnabled": false, "HandlingTime": 2, "ConditionID": 3000, "ConditionDisplayName": "Used", "GlobalShipping": false, "ConditionDescription": "Very good original condition", "QuantitySoldByPickupInStore": 0, "NewBestOffer": false}