{"BestOfferEnabled": false, "Description": "This Charvel San Dimas guitar I believe is from 1986 based on the serial number. It has many dings (see pictures) which make it look \"reliced\".The neck has a small crack by the lower E sting tuner which doesn\u2019t affect the tuning or playability (see pictures) ... The maple neck is so smooth and nice that you realize the hype about the San Dimas guitars are true.They make incredible classic electric guitars.. Everything is stock on the guitar except the Washburn Wonderbar tremolo system.HEAVY WEAR FROM AGE AND USE \"GENUINE RELICED\". WE RECOMMEND A FULL SERVICE OVERHAUL. PICKUPS WORK AND IT PLAYS JUST NOT TO ITS FULL POTENTIAL. PHOTOS SPEAK LOUDER THAN WORDS PLEASE LOOK CLOSELY AT PHOTOS.CONDITION DESCRIPTIONS ARE OUR OPINION. IT IS YOUR OPINION THAT MATTERS MOST. PLEASE LOOK CLOSELY AT THE PHOTOS AND MESSAGE US WITH QUESTIONS BEFORE BIDDING. WE STRIVE TO ANSWER ALL QUESTIONS AS QUICKLY AS POSSIBLE. MORE PHOTOS AVAILABLE BY REQUEST. U.S.A. SHIPPING DETAILS : CALIFORNIA RESIDENTS WILL BE CHARGED 9.75% SALES TAX. PRIORITY MAIL THROUGH THE UNITED STATES POSTAL SERVICE. SIGNATURE CONFIRMATION AVAILABLE BY REQUEST FOR NO ADDED COST. TRACKING PROVIDED FOR ALL PACKAGES. INTERNATIONAL SHIPPING DETAILS : ALL INTERNATIONAL SHIPPING IS HANDLED THROUGH EBAY GLOBAL SHIPPING PROGRAM ONLY.ON BEHALF OF THE TEAM OF GRANTERS J&L CO. LOCATED IN EL CERRITO CALIFORNIA FOR 75 YEARS WE WISH YOU HAPPY BIDDING.On Jan-16-19 at 22:19:39 PST, seller added the following information: Yes this could possibly be a very rare Charvel guitar. It has hand written numbers on the inside of the neck. Charvel\u2019s are very collectible and desirable especially at this time. Thank you for your interest and we will send you as many pictures as you need to be able to bid with confidence.On Jan-16-19 at 22:23:50 PST, seller added the following information: Hand written #2292 OBD on the inside of the neck. See pictures ask for more as needed to bid with complete confidence.", "ItemID": "333019035371", "EndTime": "2019-01-24T00:06:19.000Z", "StartTime": "2019-01-17T00:06:19.000Z", "ViewItemURLForNaturalSearch": "https://www.ebay.com/itm/Charvel-San-Dimas-Guitar-Black-1986-Maple-Neck-W-Washburn-Wonderbar-No-Reserve-/333019035371", "ListingType": "Chinese", "Location": "El Cerrito, California", "PaymentMethods": ["PayPal"], "GalleryURL": "https://thumbs4.ebaystatic.com/pict/3330190353718080_1.jpg", "PictureURL": ["https://i.ebayimg.com/00/s/MTYwMFg5MDY=/z/eRcAAOSwFoNcP3wc/$_12.JPG?set_id=880000500F", "https://i.ebayimg.com/00/s/MTYwMFgxMjAw/z/z64AAOSwhexcP3wh/$_12.JPG?set_id=880000500F", "https://i.ebayimg.com/00/s/MTQ1NFgxNjAw/z/47sAAOSwg0dcP3we/$_12.JPG?set_id=880000500F", "https://i.ebayimg.com/00/s/MTYwMFgxMjAw/z/dxQAAOSwHDdcP3wg/$_12.JPG?set_id=880000500F", "https://i.ebayimg.com/00/s/MTIwMFgxNjAw/z/GJ4AAOSwFtNcP3wm/$_12.JPG?set_id=880000500F", "https://i.ebayimg.com/00/s/MTYwMFgxMjAw/z/oggAAOSw0vJcP3wk/$_12.JPG?set_id=880000500F", "https://i.ebayimg.com/00/s/MTI5MFgxNjAw/z/cvwAAOSwVCpcP3wb/$_12.JPG?set_id=880000500F", "https://i.ebayimg.com/00/s/MTYwMFgxNTc2/z/gggAAOSw~flcP3wZ/$_12.JPG?set_id=880000500F", "https://i.ebayimg.com/00/s/MTEyMlgxNjAw/z/iUEAAOSwhH1cP3wj/$_12.JPG?set_id=880000500F", "https://i.ebayimg.com/00/s/MTYwMFgxMjAw/z/tHcAAOSwW~JcP3wp/$_12.JPG?set_id=880000500F", "https://i.ebayimg.com/00/s/MTYwMFgxMjAw/z/5kIAAOSw~JFcP3wn/$_12.JPG?set_id=880000500F", "https://i.ebayimg.com/00/s/MTYwMFgxNDEy/z/KlYAAOSwqoxcP3wd/$_12.JPG?set_id=880000500F"], "PostalCode": "94530", "PrimaryCategoryID": "33034", "PrimaryCategoryName": "Musical Instruments & Gear:Guitars & Basses:Electric Guitars", "Quantity": 1, "Seller": {"UserID": "granters", "FeedbackRatingStar": "Purple", "FeedbackScore": 818, "PositiveFeedbackPercent": 99.3, "TopRatedSeller": true}, "BidCount": 18, "ConvertedCurrentPrice": {"Value": 676.66, "CurrencyID": "USD"}, "CurrentPrice": {"Value": 676.66, "CurrencyID": "USD"}, "HighBidder": {"UserID": "b***p", "FeedbackPrivate": false, "FeedbackRatingStar": "Turquoise", "FeedbackScore": 230}, "ListingStatus": "Completed", "QuantitySold": 1, "ShipToLocations": ["US", "CA", "GB", "DK", "RO", "SK", "BG", "CZ", "FI", "HU", "LV", "LT", "MT", "EE", "AU", "GR", "PT", "CY", "SI", "JP", "CN", "SE", "KR", "ID", "TW", "TH", "BE", "FR", "HK", "IE", "NL", "PL", "ES", "IT", "DE", "AT", "BS", "IL", "MX", "NZ", "SG", "CH", "NO", "SA", "UA", "AE", "QA", "KW", "BH", "HR", "MY", "CL", "CO", "CR", "DO", "PA", "TT", "GT", "SV", "HN", "JM", "AG", "AW", "BZ", "DM", "GD", "KN", "LC", "MS", "TC", "BB", "BD", "BM", "BN", "BO", "EG", "GF", "GG", "GI", "GP", "IS", "JE", "JO", "KH", "KY", "LI", "LK", "LU", "MC", "MO", "MQ", "MV", "NI", "OM", "PK", "PY", "RE"], "Site": "US", "TimeLeft": "PT0S", "Title": "Charvel San Dimas Guitar Black 1986 Maple Neck W/ Washburn Wonderbar No Reserve", "ItemSpecifics": {"NameValueList": [{"Name": "Brand", "Value": ["Charvel"]}, {"Name": "Model Year", "Value": ["1986"]}, {"Name": "Custom Bundle", "Value": ["No"]}, {"Name": "String Configuration", "Value": ["6 String"]}, {"Name": "Modified Item", "Value": ["Yes"]}, {"Name": "Right-/ Left-Handed", "Value": ["Right-Handed"]}, {"Name": "Country/Region of Manufacture", "Value": ["United States"]}, {"Name": "Body Type", "Value": ["Solid"]}, {"Name": "MPN", "Value": ["Does Not Apply"]}, {"Name": "Body Color", "Value": ["Black"]}, {"Name": "Size", "Value": ["Full Size"]}, {"Name": "Features", "Value": ["With Pickup"]}]}, "HitCount": 1021, "PrimaryCategoryIDPath": "619:3858:33034", "Storefront": {"StoreURL": "https://stores.ebay.com/id=973366", "StoreName": "Granters"}, "Country": "US", "ReturnPolicy": {"ReturnsAccepted": "ReturnsNotAccepted"}, "MinimumToBid": {"Value": 686.66, "CurrencyID": "USD"}, "AutoPay": false, "PaymentAllowedSite": [], "IntegratedMerchantCreditCardEnabled": false, "HandlingTime": 3, "ConditionID": 3000, "ConditionDisplayName": "Used", "GlobalShipping": true, "ConditionDescription": "HEAVY WEAR FROM AGE AND USE \"GENUINE RELICED\". WE RECOMMEND A FULL SERVICE OVERHAUL. PICKUPS WORK AND IT PLAYS JUST NOT TO ITS FULL POTENTIAL. PHOTOS SPEAK LOUDER THAN WORDS PLEASE LOOK CLOSELY AT PHOTOS.", "QuantitySoldByPickupInStore": 0, "NewBestOffer": false}