{"BestOfferEnabled": false, "Description": "Gretsch G6136T-59GE Vintage Select 1959 Falcon - Vintage White, Bigsby -- USED. I have owned this great guitar for a year, and purchased new. Was used for a specific recording project. I no longer need. It is in MINT condition, Comes in vintage white, all original swag, with OHSC.", "ItemID": "283350650044", "EndTime": "2019-01-24T16:25:56.000Z", "StartTime": "2019-01-24T00:49:33.000Z", "ViewItemURLForNaturalSearch": "https://www.ebay.com/itm/Gretsch-G6136T-59VS-Vintage-Select-Falcon-Vintage-White-Bigsby-USED-/283350650044", "ListingType": "Chinese", "Location": "Dallas, Texas", "PaymentMethods": ["PayPal"], "GalleryURL": "https://thumbs1.ebaystatic.com/pict/2833506500448080_1.jpg", "PictureURL": ["https://i.ebayimg.com/00/s/MTI4MFg3MTk=/z/hiEAAOSwYPNcSQij/$_32.JPG?set_id=880000500F", "https://i.ebayimg.com/00/s/MTYwMFgxMjAw/z/H-sAAOSwPrdcSQik/$_32.JPG?set_id=880000500F", "https://i.ebayimg.com/00/s/MTYwMFgxMjAw/z/KMMAAOSwyBRcSQik/$_32.JPG?set_id=880000500F"], "PostalCode": "75287", "PrimaryCategoryID": "33034", "PrimaryCategoryName": "Musical Instruments & Gear:Guitars & Basses:Electric Guitars", "Quantity": 1, "Seller": {"UserID": "dgoode1", "FeedbackRatingStar": "Yellow", "FeedbackScore": 42, "PositiveFeedbackPercent": 0.0}, "BidCount": 1, "ConvertedCurrentPrice": {"Value": 2200.0, "CurrencyID": "USD"}, "CurrentPrice": {"Value": 2200.0, "CurrencyID": "USD"}, "HighBidder": {"UserID": "j***5", "FeedbackPrivate": false, "FeedbackRatingStar": "Purple", "FeedbackScore": 627}, "ListingStatus": "Completed", "QuantitySold": 1, "ReserveMet": true, "ShipToLocations": ["US"], "Site": "US", "TimeLeft": "PT0S", "Title": "Gretsch G6136T-59VS Vintage Select Falcon - Vintage White, Bigsby -- USED", "ItemSpecifics": {"NameValueList": [{"Name": "Brand", "Value": ["Gretsch"]}, {"Name": "String Configuration", "Value": ["6 String"]}, {"Name": "Model", "Value": ["Vintage"]}, {"Name": "Body Color", "Value": ["White"]}]}, "HitCount": 75, "PrimaryCategoryIDPath": "619:3858:33034", "Country": "US", "ReturnPolicy": {"ReturnsAccepted": "ReturnsNotAccepted"}, "MinimumToBid": {"Value": 2225.0, "CurrencyID": "USD"}, "AutoPay": false, "PaymentAllowedSite": [], "IntegratedMerchantCreditCardEnabled": false, "HandlingTime": 1, "ConditionID": 3000, "ConditionDisplayName": "Used", "GlobalShipping": false, "QuantitySoldByPickupInStore": 0, "NewBestOffer": false}