{"BestOfferEnabled": true, "Description": "Fender Aerodyne Stratocaster 2007 Red Electric Guitar Made In Japan - Rare. Condition is Used. Shipped with USPS Priority Mail. Has all original parts except for I replaced the bridge saddles with heavier Nickel saddles. Pristine flamed red finish. Unique Aerodyne strat body shape Rust free, gigged rarely. Mostly a studio piece. Original tremolo arm included. comes with elixir strings on board. Comes with a hard case if you want.", "ItemID": "273663390453", "EndTime": "2019-01-25T22:17:49.000Z", "StartTime": "2019-01-18T22:17:49.000Z", "ViewItemURLForNaturalSearch": "https://www.ebay.com/itm/Fender-Aerodyne-Stratocaster-2007-Red-Electric-Guitar-Made-Japan-Rare-/273663390453", "ListingType": "Chinese", "Location": "Colorado Springs, Colorado", "PaymentMethods": ["PayPal"], "GalleryURL": "https://thumbs2.ebaystatic.com/pict/2736633904538080_1.jpg", "PictureURL": ["https://i.ebayimg.com/00/s/MTYwMFgxMjAw/z/eJUAAOSwqRlcQk6k/$_12.JPG?set_id=880000500F", "https://i.ebayimg.com/00/s/MTYwMFgxMjAw/z/y7IAAOSwlThcQk6Z/$_12.JPG?set_id=880000500F", "https://i.ebayimg.com/00/s/MTYwMFgxMjAw/z/MgoAAOSwQZdcQk6f/$_12.JPG?set_id=880000500F", "https://i.ebayimg.com/00/s/MTYwMFgxMjAw/z/nXMAAOSwZ2FcQk6h/$_12.JPG?set_id=880000500F", "https://i.ebayimg.com/00/s/MTYwMFgxMjAw/z/eTkAAOSwNXtcQk6i/$_12.JPG?set_id=880000500F", "https://i.ebayimg.com/00/s/MTYwMFgxMjAw/z/YsMAAOSwiudcQk6b/$_12.JPG?set_id=880000500F", "https://i.ebayimg.com/00/s/MTYwMFgxMjAw/z/P5QAAOSw4b1cQk6d/$_12.JPG?set_id=880000500F", "https://i.ebayimg.com/00/s/MTYwMFgxMjAw/z/nTEAAOSw8zNcQk6c/$_12.JPG?set_id=880000500F"], "PostalCode": "80905", "PrimaryCategoryID": "33034", "PrimaryCategoryName": "Musical Instruments & Gear:Guitars & Basses:Electric Guitars", "Quantity": 1, "Seller": {"UserID": "danieldavidlarson", "FeedbackRatingStar": "Turquoise", "FeedbackScore": 108, "PositiveFeedbackPercent": 100.0}, "BidCount": 28, "ConvertedCurrentPrice": {"Value": 745.0, "CurrencyID": "USD"}, "CurrentPrice": {"Value": 745.0, "CurrencyID": "USD"}, "HighBidder": {"UserID": "s***t", "FeedbackPrivate": false, "FeedbackRatingStar": "Turquoise", "FeedbackScore": 122}, "ListingStatus": "Completed", "QuantitySold": 1, "ShipToLocations": ["US", "CA", "GB", "DK", "RO", "SK", "BG", "CZ", "FI", "HU", "LV", "LT", "MT", "EE", "AU", "GR", "PT", "CY", "SI", "JP", "CN", "SE", "KR", "ID", "TW", "TH", "BE", "FR", "HK", "IE", "NL", "PL", "ES", "IT", "DE", "AT", "BS", "IL", "MX", "NZ", "SG", "CH", "NO", "SA", "UA", "AE", "QA", "KW", "BH", "HR", "MY", "CL", "CO", "CR", "PA", "TT", "GT", "HN", "JM", "AG", "AW", "BZ", "DM", "GD", "KN", "LC", "MS", "TC", "BB", "BD", "BM", "BN", "BO", "EG", "GF", "GG", "GI", "GP", "IS", "JE", "JO", "KH", "KY", "LI", "LK", "LU", "MC", "MO", "MQ", "MV", "NI", "OM", "PK", "PY", "RE"], "Site": "US", "TimeLeft": "PT0S", "Title": "Fender Aerodyne Stratocaster 2007 Red Electric Guitar Made In Japan - Rare", "ItemSpecifics": {"NameValueList": [{"Name": "Brand", "Value": ["Fender"]}, {"Name": "Model Year", "Value": ["2007"]}, {"Name": "String Configuration", "Value": ["6 String"]}, {"Name": "Right-/ Left-Handed", "Value": ["Right-Handed"]}, {"Name": "Country/Region of Manufacture", "Value": ["Japan"]}, {"Name": "Body Color", "Value": ["Red"]}]}, "HitCount": 1091, "PrimaryCategoryIDPath": "619:3858:33034", "Country": "US", "ReturnPolicy": {"ReturnsAccepted": "ReturnsNotAccepted"}, "MinimumToBid": {"Value": 755.0, "CurrencyID": "USD"}, "AutoPay": false, "PaymentAllowedSite": [], "IntegratedMerchantCreditCardEnabled": false, "HandlingTime": 3, "ConditionID": 3000, "ConditionDisplayName": "Used", "GlobalShipping": true, "QuantitySoldByPickupInStore": 0, "NewBestOffer": false}