{"BestOfferEnabled": true, "Description": "Great shape like new with case, shipping in USA only, Has a pair of Fender Custom shop Fat 50'S pickups and Fender Diamondback Humbucker pickup.", "ItemID": "323663570870", "EndTime": "2019-01-25T22:31:24.000Z", "StartTime": "2019-01-24T00:11:53.000Z", "ViewItemURLForNaturalSearch": "https://www.ebay.com/itm/American-Standard-HSS-Stratocaster-/323663570870", "ListingType": "Chinese", "Location": "Canton, North Carolina", "PaymentMethods": ["PayPal"], "GalleryURL": "https://thumbs3.ebaystatic.com/pict/3236635708708080_1.jpg", "PictureURL": ["https://i.ebayimg.com/00/s/MTYwMFgxMjAw/z/DVoAAOSw4WFbroVC/$_12.JPG?set_id=880000500F", "https://i.ebayimg.com/00/s/MTYwMFgxMjAw/z/CqIAAOSwK65broU8/$_12.JPG?set_id=880000500F", "https://i.ebayimg.com/00/s/MTYwMFgxMjAw/z/lroAAOSwuM9broU~/$_12.JPG?set_id=880000500F", "https://i.ebayimg.com/00/s/MTYwMFgxMjAw/z/88AAAOSwcR9broU6/$_12.JPG?set_id=880000500F", "https://i.ebayimg.com/00/s/MTYwMFgxMjAw/z/PHQAAOSwAI9broVF/$_12.JPG?set_id=880000500F", "https://i.ebayimg.com/00/s/MTIwMFgxNjAw/z/KC8AAOSwR8pbroU9/$_12.JPG?set_id=880000500F", "https://i.ebayimg.com/00/s/MTIwMFgxNjAw/z/89UAAOSwcR9broVD/$_12.JPG?set_id=880000500F"], "PostalCode": "28716", "PrimaryCategoryID": "33034", "PrimaryCategoryName": "Musical Instruments & Gear:Guitars & Basses:Electric Guitars", "Quantity": 1, "Seller": {"UserID": "dsobrien53", "FeedbackRatingStar": "Turquoise", "FeedbackScore": 261, "PositiveFeedbackPercent": 96.9}, "BidCount": 1, "ConvertedCurrentPrice": {"Value": 775.0, "CurrencyID": "USD"}, "CurrentPrice": {"Value": 775.0, "CurrencyID": "USD"}, "HighBidder": {"UserID": "r***i", "FeedbackPrivate": false, "FeedbackRatingStar": "Turquoise", "FeedbackScore": 214}, "ListingStatus": "Completed", "QuantitySold": 1, "ShipToLocations": ["US"], "Site": "US", "TimeLeft": "PT0S", "Title": "American Standard HSS Stratocaster", "ItemSpecifics": {"NameValueList": [{"Name": "Product Line", "Value": ["American Standard"]}, {"Name": "Brand", "Value": ["Fender"]}, {"Name": "Model", "Value": ["Stratocaster HSS"]}]}, "HitCount": 65, "PrimaryCategoryIDPath": "619:3858:33034", "Country": "US", "ReturnPolicy": {"ReturnsAccepted": "ReturnsNotAccepted"}, "MinimumToBid": {"Value": 785.0, "CurrencyID": "USD"}, "AutoPay": false, "PaymentAllowedSite": [], "IntegratedMerchantCreditCardEnabled": false, "HandlingTime": 2, "ConditionID": 3000, "ConditionDisplayName": "Used", "GlobalShipping": false, "QuantitySoldByPickupInStore": 0, "NewBestOffer": false}