{"BestOfferEnabled": false, "Description": "Paul Reed Smith SE Carlos Santana Standard. Excellent All Mahogany Guitar - Made from Carlos Santana\u2019s trusty Les Paul Double Cutaway that he played for years. Bird Inlay just like the USA Guitars. PRS Tremolo Guitars are 2nd To None with the weight of the Trem Block and their ability to float. Tremolo Bar just pops in which is convenient. Cannot go wrong with a PRS guitar of any kind. These Import model guitars use quality parts.", "ItemID": "254081211175", "EndTime": "2019-01-26T01:46:32.000Z", "StartTime": "2019-01-19T01:46:32.000Z", "ViewItemURLForNaturalSearch": "https://www.ebay.com/itm/Paul-Reed-Smith-SE-Carlos-Santana-Standard-w-Original-PRS-GigBag-/254081211175", "ListingType": "Chinese", "Location": "Lamar, South Carolina", "PaymentMethods": ["PayPal"], "GalleryURL": "https://thumbs4.ebaystatic.com/pict/2540812111758080_1.jpg", "PictureURL": ["https://i.ebayimg.com/00/s/MTYwMFgxMjI4/z/qKIAAOSwIABcQndd/$_12.JPG?set_id=880000500F", "https://i.ebayimg.com/00/s/MTYwMFg2NTQ=/z/xf8AAOSwHSdcQndf/$_12.JPG?set_id=880000500F", "https://i.ebayimg.com/00/s/MTYwMFg5NTA=/z/ZZwAAOSw27lcQndZ/$_12.JPG?set_id=880000500F", "https://i.ebayimg.com/00/s/MTYwMFgxMTAy/z/lhsAAOSws~VcQndY/$_12.JPG?set_id=880000500F", "https://i.ebayimg.com/00/s/MTYwMFg2NTg=/z/JCAAAOSwolpcQndW/$_12.JPG?set_id=880000500F", "https://i.ebayimg.com/00/s/MTYwMFgxMDcw/z/U2oAAOSw7aNcQndb/$_12.JPG?set_id=880000500F", "https://i.ebayimg.com/00/s/MTYwMFg3MTA=/z/xH4AAOSwHDJcQndg/$_12.JPG?set_id=880000500F"], "PostalCode": "29069", "PrimaryCategoryID": "33034", "PrimaryCategoryName": "Musical Instruments & Gear:Guitars & Basses:Electric Guitars", "Quantity": 1, "Seller": {"UserID": "kromatech2", "FeedbackRatingStar": "Turquoise", "FeedbackScore": 153, "PositiveFeedbackPercent": 98.1}, "BidCount": 25, "ConvertedCurrentPrice": {"Value": 252.47, "CurrencyID": "USD"}, "CurrentPrice": {"Value": 252.47, "CurrencyID": "USD"}, "HighBidder": {"UserID": "n***o", "FeedbackPrivate": false, "FeedbackRatingStar": "Purple", "FeedbackScore": 889}, "ListingStatus": "Completed", "QuantitySold": 1, "ShipToLocations": ["US"], "Site": "US", "TimeLeft": "PT0S", "Title": "Paul Reed Smith SE Carlos Santana Standard w Original PRS GigBag", "ItemSpecifics": {"NameValueList": [{"Name": "Body Material", "Value": ["Mahogany"]}, {"Name": "Brand", "Value": ["PRS"]}, {"Name": "Product Line", "Value": ["Les Paul DC"]}, {"Name": "Model", "Value": ["Custom 22"]}, {"Name": "String Configuration", "Value": ["6 String"]}, {"Name": "Right-/ Left-Handed", "Value": ["Right-Handed"]}, {"Name": "Body Type", "Value": ["Solid"]}, {"Name": "Body Color", "Value": ["Cherry"]}, {"Name": "Size", "Value": ["Standard"]}]}, "HitCount": 407, "PrimaryCategoryIDPath": "619:3858:33034", "Country": "US", "ReturnPolicy": {"ReturnsAccepted": "ReturnsNotAccepted"}, "MinimumToBid": {"Value": 257.47, "CurrencyID": "USD"}, "AutoPay": false, "PaymentAllowedSite": [], "IntegratedMerchantCreditCardEnabled": false, "HandlingTime": 2, "ConditionID": 3000, "ConditionDisplayName": "Used", "GlobalShipping": false, "QuantitySoldByPickupInStore": 0, "NewBestOffer": false}