{"BestOfferEnabled": true, "Description": "Up for sale is a mint USA 1998 G&L Legacy with a Swamp Ash body in Natural Finish. I am selling a few guitars in my collection to raise some cash. It has a maple fingerboard, 3 ply tortoise shell pick guard, 3 single coil Alnico pickups, DFS Vibrato Bridge and a stainless heavy duty whammy bar. It's hardly been out of it's case. The protective plastic is still on the rear spring cover. It comes with a G&L hardshell case, whammy bar and wrench set. Please ask questions. Perfect seller feedback so buy with confidence.", "ItemID": "123598425587", "EndTime": "2019-01-24T00:49:20.000Z", "StartTime": "2019-01-17T00:49:20.000Z", "ViewItemURLForNaturalSearch": "https://www.ebay.com/itm/1998-G-L-Legacy-USA-Guitar-Swamp-Ash-Natural-Finish-w-G-L-Hard-Case-MINT-/123598425587", "ListingType": "Chinese", "Location": "Pollock Pines, California", "PaymentMethods": ["PayPal"], "GalleryURL": "https://thumbs4.ebaystatic.com/pict/1235984255878080_1.jpg", "PictureURL": ["https://i.ebayimg.com/00/s/MTYwMFgxMDY0/z/E1wAAOSwMKxcP8ob/$_32.JPG?set_id=880000500F", "https://i.ebayimg.com/00/s/MTYwMFgxMTQy/z/5n8AAOSwuQhcP8ok/$_32.JPG?set_id=880000500F", "https://i.ebayimg.com/00/s/MTYwMFgxMDAy/z/HNAAAOSwCgtcP8og/$_32.JPG?set_id=880000500F", "https://i.ebayimg.com/00/s/MTYwMFgxMDY0/z/ryAAAOSwqztcP8ok/$_32.JPG?set_id=880000500F", "https://i.ebayimg.com/00/s/MTA2NFgxNjAw/z/EGAAAOSwM5tcP8of/$_32.JPG?set_id=880000500F", "https://i.ebayimg.com/00/s/MTA2NFgxNjAw/z/nC4AAOSwZKlcP8on/$_32.JPG?set_id=880000500F", "https://i.ebayimg.com/00/s/MTA2NFgxNjAw/z/WBEAAOSw~odcP8og/$_32.JPG?set_id=880000500F", "https://i.ebayimg.com/00/s/MTA2NFgxNjAw/z/naAAAOSwmvpcP8ok/$_32.JPG?set_id=880000500F", "https://i.ebayimg.com/00/s/MTA2NFgxNjAw/z/bhsAAOSwDmxcP8oq/$_32.JPG?set_id=880000500F", "https://i.ebayimg.com/00/s/MTA2NFgxNjAw/z/5WwAAOSw-FRcP8or/$_32.JPG?set_id=880000500F"], "PostalCode": "95726", "PrimaryCategoryID": "33034", "PrimaryCategoryName": "Musical Instruments & Gear:Guitars & Basses:Electric Guitars", "Quantity": 1, "Seller": {"UserID": "bob4gets", "FeedbackRatingStar": "Turquoise", "FeedbackScore": 232, "PositiveFeedbackPercent": 100.0}, "BidCount": 26, "ConvertedCurrentPrice": {"Value": 726.0, "CurrencyID": "USD"}, "CurrentPrice": {"Value": 726.0, "CurrencyID": "USD"}, "HighBidder": {"UserID": "y***o", "FeedbackPrivate": false, "FeedbackRatingStar": "Purple", "FeedbackScore": 946}, "ListingStatus": "Completed", "QuantitySold": 1, "ShipToLocations": ["US"], "Site": "US", "TimeLeft": "PT0S", "Title": "1998 G&L Legacy USA Guitar Swamp Ash Natural Finish \u00a0w/G&L Hard Case MINT", "ItemSpecifics": {"NameValueList": [{"Name": "Body Material", "Value": ["Ash"]}, {"Name": "Brand", "Value": ["G&L"]}, {"Name": "Model Year", "Value": ["1996"]}, {"Name": "Model", "Value": ["Legacy"]}, {"Name": "Modified Item", "Value": ["Yes"]}, {"Name": "String Configuration", "Value": ["6 String"]}, {"Name": "Right-/ Left-Handed", "Value": ["Right-Handed"]}, {"Name": "Country/Region of Manufacture", "Value": ["United States"]}, {"Name": "Body Type", "Value": ["Solid"]}, {"Name": "Modification Description", "Value": ["EMG PICKUPS,PICKGUARD,"]}, {"Name": "Body Color", "Value": ["CHERRY SUNBURST"]}, {"Name": "Features", "Value": ["With Pickup"]}]}, "HitCount": 599, "PrimaryCategoryIDPath": "619:3858:33034", "Country": "US", "ReturnPolicy": {"Refund": "Money Back", "ReturnsWithin": "14 Days", "ReturnsAccepted": "Returns Accepted", "ShippingCostPaidBy": "Buyer"}, "MinimumToBid": {"Value": 736.0, "CurrencyID": "USD"}, "AutoPay": false, "PaymentAllowedSite": [], "IntegratedMerchantCreditCardEnabled": false, "HandlingTime": 2, "ConditionID": 3000, "ConditionDisplayName": "Used", "GlobalShipping": false, "QuantitySoldByPickupInStore": 0, "NewBestOffer": false}