{"BestOfferEnabled": false, "Description": "Gibson Les Paul Studio 50's Tribute Sunburst Electric Guitar with case. Condition is Used. Shipped with USPS Priority Mail. See the pics of some scrapes but the guitar is in good working condition. Thanks for checking this out!", "ItemID": "132921189875", "EndTime": "2019-01-24T05:02:56.000Z", "StartTime": "2019-01-17T05:02:56.000Z", "ViewItemURLForNaturalSearch": "https://www.ebay.com/itm/Gibson-Les-Paul-Studio-50s-Tribute-Sunburst-Electric-Guitar-case-/132921189875", "ListingType": "Chinese", "Location": "Fort Gibson, Oklahoma", "PaymentMethods": ["PayPal"], "GalleryURL": "https://thumbs4.ebaystatic.com/pict/1329211898758080_1.jpg", "PictureURL": ["https://i.ebayimg.com/00/s/MTYwMFg4MDA=/z/FA0AAOSwXepcQAre/$_32.JPG?set_id=880000500F", "https://i.ebayimg.com/00/s/MTYwMFg4MDA=/z/RtoAAOSwCI5cQAre/$_32.JPG?set_id=880000500F", "https://i.ebayimg.com/00/s/MTYwMFg4MDA=/z/-ykAAOSwJFBcQArc/$_32.JPG?set_id=880000500F", "https://i.ebayimg.com/00/s/MTYwMFg4MDA=/z/jacAAOSwPrdcQArc/$_32.JPG?set_id=880000500F", "https://i.ebayimg.com/00/s/MTYwMFg4MDA=/z/MbEAAOSwLX5cQArc/$_32.JPG?set_id=880000500F", "https://i.ebayimg.com/00/s/MTYwMFg4MDA=/z/81UAAOSwfepcQArd/$_32.JPG?set_id=880000500F", "https://i.ebayimg.com/00/s/MTYwMFg4MDA=/z/WQ4AAOSwRDJcQArd/$_32.JPG?set_id=880000500F", "https://i.ebayimg.com/00/s/MTYwMFg4MDA=/z/UXkAAOSwTxJcQArc/$_32.JPG?set_id=880000500F", "https://i.ebayimg.com/00/s/MTYwMFg4MDA=/z/vfMAAOSwzodcQAre/$_32.JPG?set_id=880000500F", "https://i.ebayimg.com/00/s/MTYwMFg4MDA=/z/JgsAAOSw11BcQAre/$_32.JPG?set_id=880000500F", "https://i.ebayimg.com/00/s/ODAwWDE2MDA=/z/bfUAAOSwYX9cQAsx/$_32.JPG?set_id=880000500F", "https://i.ebayimg.com/00/s/ODAwWDE2MDA=/z/L04AAOSw4ohcQAsx/$_32.JPG?set_id=880000500F"], "PostalCode": "74434", "PrimaryCategoryID": "33034", "PrimaryCategoryName": "Musical Instruments & Gear:Guitars & Basses:Electric Guitars", "Quantity": 1, "Seller": {"UserID": "seymour_t0", "FeedbackRatingStar": "Turquoise", "FeedbackScore": 328, "PositiveFeedbackPercent": 100.0}, "BidCount": 59, "ConvertedCurrentPrice": {"Value": 616.85, "CurrencyID": "USD"}, "CurrentPrice": {"Value": 616.85, "CurrencyID": "USD"}, "HighBidder": {"UserID": "g***u", "FeedbackPrivate": false, "FeedbackRatingStar": "None", "FeedbackScore": 4}, "ListingStatus": "Completed", "QuantitySold": 1, "ShipToLocations": ["US"], "Site": "US", "TimeLeft": "PT0S", "Title": "Gibson Les Paul Studio 50's Tribute Sunburst Electric Guitar with case", "ItemSpecifics": {"NameValueList": [{"Name": "Product Line", "Value": ["Gibson Les Paul"]}, {"Name": "Brand", "Value": ["Gibson"]}, {"Name": "Model", "Value": ["Les Paul Studio 50's Tribute"]}, {"Name": "String Configuration", "Value": ["6 String"]}, {"Name": "Type", "Value": ["Electric Guitar"]}, {"Name": "Dexterity", "Value": ["Right-Handed"]}, {"Name": "Body Color", "Value": ["Sunburst"]}, {"Name": "MPN", "Value": ["Les Paul Studio 50's Tribute"]}]}, "HitCount": 1434, "PrimaryCategoryIDPath": "619:3858:33034", "Country": "US", "ReturnPolicy": {"ReturnsAccepted": "ReturnsNotAccepted"}, "MinimumToBid": {"Value": 626.85, "CurrencyID": "USD"}, "AutoPay": false, "PaymentAllowedSite": [], "IntegratedMerchantCreditCardEnabled": false, "HandlingTime": 3, "ConditionID": 3000, "ConditionDisplayName": "Used", "GlobalShipping": false, "QuantitySoldByPickupInStore": 0, "NewBestOffer": false}