{"BestOfferEnabled": false, "Description": "Fender Cyclone electric guitar good condition D'adarrio Planet Waves lock in tuners, Planet Waves lock in guitar strap, tremolo, and humbucker.There are surface cracks along the neck. A couple of dings and scratches as pictured, but overall in decent condition. Please feel free to message me with any offers or questions.", "ItemID": "173741417520", "EndTime": "2019-01-24T22:26:01.000Z", "StartTime": "2019-01-14T22:26:01.000Z", "ViewItemURLForNaturalSearch": "https://www.ebay.com/itm/Fender-Cyclone-Electric-Guitar-W-Gibson-57-Humbucker-/173741417520", "ListingType": "Chinese", "Location": "Fuquay Varina, North Carolina", "PaymentMethods": ["PayPal"], "GalleryURL": "https://thumbs1.ebaystatic.com/pict/1737414175208080_1.jpg", "PictureURL": ["https://i.ebayimg.com/00/s/MTYwMFgxMjAw/z/LEgAAOSwojdbP7t6/$_12.JPG?set_id=880000500F", "https://i.ebayimg.com/00/s/MTYwMFgxMjAw/z/fjwAAOSwFZtbP7uG/$_12.JPG?set_id=880000500F", "https://i.ebayimg.com/00/s/MTYwMFgxMjAw/z/2~0AAOSwxipbP7ue/$_12.JPG?set_id=880000500F", "https://i.ebayimg.com/00/s/MTYwMFgxMjAw/z/2bMAAOSwvrxbP7uq/$_12.JPG?set_id=880000500F"], "PostalCode": "27526", "PrimaryCategoryID": "33034", "PrimaryCategoryName": "Musical Instruments & Gear:Guitars & Basses:Electric Guitars", "Quantity": 1, "Seller": {"UserID": "nineteentwenty5", "FeedbackRatingStar": "Blue", "FeedbackScore": 90, "PositiveFeedbackPercent": 95.9}, "BidCount": 2, "ConvertedCurrentPrice": {"Value": 350.0, "CurrencyID": "USD"}, "CurrentPrice": {"Value": 350.0, "CurrencyID": "USD"}, "HighBidder": {"UserID": "d***l", "FeedbackPrivate": false, "FeedbackRatingStar": "Turquoise", "FeedbackScore": 178}, "ListingStatus": "Completed", "QuantitySold": 1, "ShipToLocations": ["US"], "Site": "US", "TimeLeft": "PT0S", "Title": "Fender Cyclone Electric Guitar W/ Gibson 57 Humbucker", "ItemSpecifics": {"NameValueList": [{"Name": "Brand", "Value": ["Fender"]}, {"Name": "Model", "Value": ["Vintage"]}, {"Name": "Right-/ Left-Handed", "Value": ["Right-Handed"]}, {"Name": "Country/Region of Manufacture", "Value": ["Mexico"]}, {"Name": "Body Type", "Value": ["Solid"]}, {"Name": "Size", "Value": ["Short Scale"]}]}, "HitCount": 279, "PrimaryCategoryIDPath": "619:3858:33034", "Storefront": {"StoreURL": "https://stores.ebay.com/id=1074078986", "StoreName": "Ambient Serenity"}, "Country": "US", "ReturnPolicy": {"ReturnsAccepted": "ReturnsNotAccepted", "InternationalReturnsAccepted": "ReturnsNotAccepted"}, "MinimumToBid": {"Value": 355.0, "CurrencyID": "USD"}, "AutoPay": false, "PaymentAllowedSite": [], "IntegratedMerchantCreditCardEnabled": false, "HandlingTime": 3, "ConditionID": 3000, "ConditionDisplayName": "Used", "GlobalShipping": false, "QuantitySoldByPickupInStore": 0, "NewBestOffer": false}