{"BestOfferEnabled": false, "Description": "Up For Sale Today: 2011 Gibson Les Paul RH 1050's Tribute Electric GuitarGuitar is used, shows wear from useScuffs, scratchesGuitar as multiple spots of paint missing on body ( SEE PICTURES) There seems to be a small hairline crack starting near head stockNeck is straightAction is Good Guitar works 100%Being sold in AS IS Condition @ NO RESERVEComes exactly as picturedPlease see pictures for more detail and bid accordinglySOLD AS IS NO RESERVE AUCTION! Shipping will be $50.00 on this item Our Policy:*MAKE SURE YOU READ THIS*\u00b7 We will only ship to the address you used when checking out. Make sure you change or update your shipping address before you pay. Do not ask us to change the shipping address. It is a violation of Ebay\u2019s policy and your order will be refunded if you ask us to do so\u00b7 When free shipping is offered, we are referring to the 48 contiguous United States of America\u00b7 If you live outside of that area shipping is not free and you must ask for a quote before purchasing\u00b7 If you are ordering a large and/or heavy item, and you require it shipped to a P.O. Box, then shipping will not be free. You must also ask for a quote before purchasing\u00b7 International orders will only be shipped through Ebay\u2019s Global Shipping Program\u00b7 International shipping is not free and not available in all countries. Please take the time to read about the Global Shipping Program in Ebay\u2019s help section\u00b7 If shipping is available to your country, the price will be displayed along with any additional fees and surcharges.\u00b7 We do not have the ability to change or eliminate any of the fees associated with the Global Shipping Program\u00b7 If you use an incomplete shipping address, (i.e. you forgot to use your Apt #) you will be responsible for paying an additional charge to reship your order.\u00b7 Every order is processed and shipped within 1 business day of your payment clearing.\u00b7 Our shipping department is open Monday-Friday from 10am-5pm EST\u00b7 We do not ship on Saturday, Sunday or Holidays.\u00b7 If you require a faster method of shipping please contact us before purchasing to make sure you can be accommodated.\u00b7 Every order is handled with care and expertly packed in bubble wrap and/or peanuts. We have been shipping everything from the very fragile to the extra-large for over 15 years. You can rest assured that your order will make it there in one piece.\u00b7 Some of our items are available for *Local Pickup Only* these items are not available for shipping and will not be shipped out. Do not buy these products if you are not able to come to our store in NJ and pick the order up in person.\u00b7 We operate in Ocean County, New Jersey. If you are a resident of NJ there will be a 7% sales tax added to your purchase\u00b7 If you win an auction, we expect payment within 3 days of the auction ending\u00b7 If payment is not made within 3 days we will open an unpaid item case with Ebay\u00b7 Serious bidders only!! We will not cancel any bids, No exceptions!\u00b7 It is the buyer\u2019s responsibility to read all the details and ask any questions before placing a bid or making payment.\u00b7 Used products are not guaranteed to come with everything that was originally included. For example, games and movies may not contain bonus content or codes. \u00b7 Every sale comes as pictured. If you do not see something in our photos then it is not included and you will not receive it.\u00b7 All items sold \u201cAS IS\u201d do not come with a return policy. We do our best to accurately describe these items, but we do not take them apart and only test the basic functions.\u00b7 Do not assume anything, sometimes Ebay\u2019s product catalog does not have the correct photo and the item we have for sale may look different.\u00b7 All products that we sell are made for use in the United States of America\u00b7 Returns will only be accepted within 30 days of purchase.\u00b7 New products can only be returned if they have not been opened and the manufacturers seal is intact\u00b7 If there is a manufacturer\u2019s defect with a new item, please contact the manufacturer since your product is under warranty.\u00b7 The buyer is responsible for ALL costs associated with returns including shipping and restocking fees.\u00b7 We strongly urge all of our customers to contact us first if a problem arises. We do our best to ensure that everything goes smoothly, but mistakes can and will happen. We will do everything within our power to solve any issue you have.\u00b7 And Remember, Don\u2019t Hesitate\u2026\u2026Negotiate!", "ItemID": "254078061318", "EndTime": "2019-01-25T03:00:16.000Z", "StartTime": "2019-01-18T03:00:16.000Z", "ViewItemURLForNaturalSearch": "https://www.ebay.com/itm/2011-Gibson-Les-Paul-RH-1950s-Tribute-Electric-Guitar-LOOK-NO-RESERVE-/254078061318", "ListingType": "Chinese", "Location": "Toms River, New Jersey", "PaymentMethods": ["PayPal"], "GalleryURL": "https://thumbs3.ebaystatic.com/pict/2540780613188080_1.jpg", "PictureURL": ["https://i.ebayimg.com/00/s/MTUwMFg3ODU=/z/8CoAAOSwOHpcQKw4/$_57.JPG?set_id=8800005007", "https://i.ebayimg.com/00/s/MTYwMFgxMDY2/z/C3EAAOSwsqdcQKw~/$_57.JPG?set_id=8800005007", "https://i.ebayimg.com/00/s/MTU1N1g3ODU=/z/F0IAAOSwGBRcQKxQ/$_57.JPG?set_id=8800005007", "https://i.ebayimg.com/00/s/MTA2NlgxNjAw/z/1SoAAOSw~BRcQKwW/$_57.JPG?set_id=8800005007", "https://i.ebayimg.com/00/s/MTA2NlgxNjAw/z/c7sAAOSwg0dcQKwY/$_57.JPG?set_id=8800005007", "https://i.ebayimg.com/00/s/MTA2NlgxNjAw/z/OQcAAOSwws5cQKwa/$_57.JPG?set_id=8800005007", "https://i.ebayimg.com/00/s/MTA2NlgxNjAw/z/GK8AAOSwS2lcQKwd/$_57.JPG?set_id=8800005007", "https://i.ebayimg.com/00/s/MTA2NlgxNjAw/z/HosAAOSwgadcQKwf/$_57.JPG?set_id=8800005007", "https://i.ebayimg.com/00/s/MTA2NlgxNjAw/z/SAgAAOSwTflcQKwj/$_57.JPG?set_id=8800005007", "https://i.ebayimg.com/00/s/MTA2NlgxNjAw/z/4EMAAOSwHglcQKwl/$_57.JPG?set_id=8800005007", "https://i.ebayimg.com/00/s/MTYwMFgxMDY2/z/J3kAAOSwxoJcQKxa/$_57.JPG?set_id=8800005007", "https://i.ebayimg.com/00/s/MTA2NlgxNjAw/z/y4YAAOSwYwZcQKwq/$_57.JPG?set_id=8800005007"], "PostalCode": "08753", "PrimaryCategoryID": "33034", "PrimaryCategoryName": "Musical Instruments & Gear:Guitars & Basses:Electric Guitars", "Quantity": 1, "Seller": {"UserID": "fastcashnj", "FeedbackRatingStar": "Red", "FeedbackScore": 1768, "PositiveFeedbackPercent": 99.9}, "BidCount": 41, "ConvertedCurrentPrice": {"Value": 425.01, "CurrencyID": "USD"}, "CurrentPrice": {"Value": 425.01, "CurrencyID": "USD"}, "HighBidder": {"UserID": "2***a", "FeedbackPrivate": false, "FeedbackRatingStar": "Yellow", "FeedbackScore": 10}, "ListingStatus": "Completed", "QuantitySold": 1, "ShipToLocations": ["US", "CA", "GB", "DK", "RO", "SK", "BG", "CZ", "FI", "HU", "LV", "LT", "MT", "EE", "AU", "GR", "PT", "CY", "SI", "SE", "BE", "FR", "IE", "NL", "PL", "ES", "IT", "DE", "AT", "MX", "NZ", "CH", "NO", "UA", "HR", "CL", "CO", "BM", "BO", "GF", "GG", "GI", "IS", "JE", "LI", "LU", "MC", "PY"], "Site": "US", "TimeLeft": "PT0S", "Title": "2011 Gibson Les Paul RH 1950's Tribute Electric Guitar *LOOK* NO RESERVE!!!", "ItemSpecifics": {"NameValueList": [{"Name": "Product Line", "Value": ["Gibson Les Paul"]}, {"Name": "Brand", "Value": ["Gibson"]}, {"Name": "Model", "Value": ["LES PAUL"]}, {"Name": "Non-Domestic Product", "Value": ["No"]}, {"Name": "MPN", "Value": ["LES PAUL"]}, {"Name": "Custom Bundle", "Value": ["No"]}, {"Name": "Model Year", "Value": ["2011"]}, {"Name": "Right-/ Left-Handed", "Value": ["Right-Handed"]}, {"Name": "String Configuration", "Value": ["6 String"]}]}, "HitCount": 1302, "PrimaryCategoryIDPath": "619:3858:33034", "Storefront": {"StoreURL": "https://stores.ebay.com/id=1593176849", "StoreName": "FastCashNJ"}, "Country": "US", "ReturnPolicy": {"Refund": "Money Back", "ReturnsWithin": "30 Days", "ReturnsAccepted": "Returns Accepted", "ShippingCostPaidBy": "Buyer", "InternationalReturnsAccepted": "ReturnsNotAccepted"}, "MinimumToBid": {"Value": 430.01, "CurrencyID": "USD"}, "AutoPay": false, "PaymentAllowedSite": [], "IntegratedMerchantCreditCardEnabled": false, "HandlingTime": 1, "ConditionID": 3000, "ConditionDisplayName": "Used", "ExcludeShipToLocation": ["Alaska/Hawaii", "US Protectorates", "APO/FPO", "Africa", "Asia", "Central America and Caribbean", "Middle East", "Southeast Asia", "RU", "PO Box"], "GlobalShipping": true, "QuantitySoldByPickupInStore": 0, "SKU": "2114-2", "NewBestOffer": false}