{"BestOfferEnabled": false, "Description": "Your satisfaction is our number one goal. Keep in mind that we offer hassle-free returns if needed. If you have any questions or problems, please contact us. Please Note: All included items are shown in the pictures ESP LTD EC-1000 Deluxe Right Handed 6 String Solid Body Electric Guitar 1/16A5-1236963519691-JO Features:ESP LTDEC-1000 Deluxe Right Handed 6 String Solid Body Electric Guitar What's included:ESP LTD EC-1000 Deluxe Right Handed 6 String Solid Body Electric GuitarHard Case - Damage to case Condition:Acceptable Condition. Scratches and scuffs on body from normal use. All knobs crackly when adjusting. Volume Knob Bent. Buzz on strings from low action. Case included has damage. 1/16A5-1236963519691-JOPayment & CheckoutCheckout: After the auction has ended please click the checkout button to proceed with your payment. Payments: Payments must be received within 3 days. Unpaid cases will automatically be open by eBay 7 days after purchase. Taxes: Sales tax is charged for items shipped to: MN*(6.875%), WI*(5.0%) All Emails and Invoices will be sent to your registered eBay Email Address. If you are not receiving our emails please check your email spam filters. ShippingWe Ship to confirmed addresses only! Make any changes to your address before paying. All items will be shipped to your confirmed billing address! Shipping Carriers: SurePost, UPS & USPS 1-6 Day. We choose the shipping carrier at our discretion. Local Pickups: Please contact us for local pickup information.Product Guarantee We offer a 30 Day Money Back Guarantee unless noted \"As Is\" or \"For Parts or Not Working\". We do not offer returns on international orders. We do our very best to accurately describe our items, however If you have any problems please contact us right away.Frequently Asked QuestionsWhat are your operating hours? M-F 9:00am - 5:00PM Central Standard Time Do you ship internationally? We ship internationally on select items. What is the history of the item? Most of our items are used and we do not know the history. We test them and picture their current condition. What's Included? 99% of the time If it's pictured it's included. Please also read \"What's included\" How long do I have to make payment? You have 3 days to make payment.On Jan-19-19 at 16:56:57 PST, seller added the following information: Protect Your Product With a Consumer Priority Service Warranty", "ItemID": "372569963326", "EndTime": "2019-01-26T05:00:22.000Z", "StartTime": "2019-01-19T05:00:22.000Z", "ViewItemURLForNaturalSearch": "https://www.ebay.com/itm/ESP-LTD-EC-1000-Deluxe-Right-Handed-6-String-Solid-Body-Electric-Guitar-/372569963326", "ListingType": "Chinese", "Location": "Inver Grove Heights, Minnesota", "PaymentMethods": ["PayPal"], "GalleryURL": "https://thumbs3.ebaystatic.com/pict/3725699633268080_1.jpg", "PictureURL": ["https://i.ebayimg.com/00/s/MTIwMFgxNjAw/z/qukAAOSwvNVcP5Zz/$_57.JPG?set_id=8800005007", "https://i.ebayimg.com/00/s/MTIwMFgxNjAw/z/wqAAAOSwprtcP5Z1/$_57.JPG?set_id=8800005007", "https://i.ebayimg.com/00/s/MTIwMFgxNjAw/z/KBkAAOSw8zRcP5Z3/$_57.JPG?set_id=8800005007", "https://i.ebayimg.com/00/s/MTIwMFgxNjAw/z/YqEAAOSw6hNcP5Z6/$_57.JPG?set_id=8800005007", "https://i.ebayimg.com/00/s/MTIwMFgxNjAw/z/J7MAAOSwdgxcP5Z8/$_57.JPG?set_id=8800005007", "https://i.ebayimg.com/00/s/MTIwMFgxNjAw/z/MCQAAOSwXitcP5Z-/$_57.JPG?set_id=8800005007", "https://i.ebayimg.com/00/s/MTIwMFgxNjAw/z/rMkAAOSwaSVcP5aA/$_57.JPG?set_id=8800005007", "https://i.ebayimg.com/00/s/MTIwMFgxNjAw/z/eDEAAOSwWapcP5aC/$_57.JPG?set_id=8800005007", "https://i.ebayimg.com/00/s/MTIwMFgxNjAw/z/wkkAAOSwJaxcP5aE/$_57.JPG?set_id=8800005007", "https://i.ebayimg.com/00/s/MTIwMFgxNjAw/z/ybQAAOSwH2RcP5aG/$_57.JPG?set_id=8800005007", "https://i.ebayimg.com/00/s/MTIwMFgxNjAw/z/e4UAAOSwWz5cP5aI/$_57.JPG?set_id=8800005007", "https://i.ebayimg.com/00/s/MTIwMFgxNjAw/z/RtQAAOSw0LhcP5aK/$_57.JPG?set_id=8800005007"], "PostalCode": "55077", "PrimaryCategoryID": "33034", "PrimaryCategoryName": "Musical Instruments & Gear:Guitars & Basses:Electric Guitars", "Quantity": 1, "Seller": {"UserID": "epawnamerica", "FeedbackRatingStar": "RedShooting", "FeedbackScore": 150809, "PositiveFeedbackPercent": 99.5, "TopRatedSeller": true}, "BidCount": 36, "ConvertedCurrentPrice": {"Value": 416.0, "CurrencyID": "USD"}, "CurrentPrice": {"Value": 416.0, "CurrencyID": "USD"}, "HighBidder": {"UserID": "o***y", "FeedbackPrivate": false, "FeedbackRatingStar": "Turquoise", "FeedbackScore": 216}, "ListingStatus": "Completed", "QuantitySold": 1, "ShipToLocations": ["US"], "Site": "US", "TimeLeft": "PT0S", "Title": "ESP LTD EC-1000 Deluxe Right Handed 6 String Solid Body Electric Guitar", "ItemSpecifics": {"NameValueList": [{"Name": "String Configuration", "Value": ["6 String"]}, {"Name": "Brand", "Value": ["ESP"]}, {"Name": "Model", "Value": ["EC-1000"]}, {"Name": "Right-/ Left-Handed", "Value": ["Right-Handed"]}, {"Name": "Body Type", "Value": ["Solid"]}, {"Name": "Dexterity", "Value": ["Right-Handed"]}]}, "HitCount": 635, "PrimaryCategoryIDPath": "619:3858:33034", "Storefront": {"StoreURL": "https://stores.ebay.com/id=16525387", "StoreName": "ePawnAmerica"}, "Country": "US", "ReturnPolicy": {"Refund": "Money Back", "ReturnsWithin": "30 Days", "ReturnsAccepted": "Returns Accepted", "ShippingCostPaidBy": "Seller", "InternationalReturnsAccepted": "ReturnsNotAccepted"}, "MinimumToBid": {"Value": 421.0, "CurrencyID": "USD"}, "AutoPay": true, "PaymentAllowedSite": [], "IntegratedMerchantCreditCardEnabled": false, "HandlingTime": 1, "ConditionID": 3000, "ConditionDisplayName": "Used", "ExcludeShipToLocation": ["Alaska/Hawaii", "US Protectorates", "APO/FPO", "Africa", "Asia", "Central America and Caribbean", "Europe", "Middle East", "North America", "Oceania", "Southeast Asia", "South America"], "TopRatedListing": true, "GlobalShipping": false, "ConditionDescription": "Acceptable Condition.  Scratches and scuffs on body from normal use.  All knobs crackly when adjusting.  Volume Knob Bent.  Buzz on strings from low action.  Case included has damage.", "QuantitySoldByPickupInStore": 0, "SKU": "1/16A5-1236963519691-JO", "NewBestOffer": false}