{"BestOfferEnabled": false, "Description": "This is one beautiful guitar that is in fantastic condition. The guitar has very very few signs of use on it. The body has little to no wear on it at all. The pick guard has typical pick wear on it and the neck plate has some light scratching on it. This auction is for the guitar itself, no case is included with this guitar. Please refer to the photos. If you have any further questions, want additional pictures, etc. feel free to message me. The Fine Print Once sold there will be no returns, there will be a one business day turn around time on shipping, payment is due within 2 days, and the item will only be shipped within the continental US to a Paypal approved address (NO EXCEPTIONS). I reserve the right to end the auction at ANY time. Shipping rates include more than just postage. Items such as packaging (envelopes, boxes, padding, etc.), Insurance, and delivery confirmation. So please take the into consideration when rating me in the Detailed Seller Ratings. At this time I only ship to the lower 48 US States, NO INTERNATIONAL SHIPPING. Good Luck Bidding!", "ItemID": "113573045044", "EndTime": "2019-01-25T19:33:47.000Z", "StartTime": "2019-01-18T19:33:47.000Z", "ViewItemURLForNaturalSearch": "https://www.ebay.com/itm/Squier-Classic-Vibe-50s-Stratocaster-Electric-Guitar-/113573045044", "ListingType": "Chinese", "Location": "North Wilkesboro, North Carolina", "PaymentMethods": ["PayPal"], "GalleryURL": "https://thumbs1.ebaystatic.com/pict/1135730450448080_1.jpg", "PictureURL": ["https://i.ebayimg.com/00/s/MTA2MlgxNjAw/z/TqoAAOSw~atcQinl/$_57.JPG?set_id=8800005007", "https://i.ebayimg.com/00/s/MTA2MlgxNjAw/z/-PYAAOSwu4dcQinq/$_57.JPG?set_id=8800005007", "https://i.ebayimg.com/00/s/MTA2MlgxNjAw/z/ujIAAOSwGPNcQinu/$_57.JPG?set_id=8800005007", "https://i.ebayimg.com/00/s/MTA2MlgxNjAw/z/sLAAAOSwuvFcQin0/$_57.JPG?set_id=8800005007", "https://i.ebayimg.com/00/s/MTA2MlgxNjAw/z/PLYAAOSwdhdcQin4/$_57.JPG?set_id=8800005007", "https://i.ebayimg.com/00/s/MTA2MlgxNjAw/z/akUAAOSwYTtcQin7/$_57.JPG?set_id=8800005007", "https://i.ebayimg.com/00/s/MTA2MlgxNjAw/z/EaMAAOSwvGZcQin~/$_57.JPG?set_id=8800005007", "https://i.ebayimg.com/00/s/MTA2MlgxNjAw/z/UvUAAOSwltxcQioC/$_57.JPG?set_id=8800005007", "https://i.ebayimg.com/00/s/MTA2MlgxNjAw/z/zdwAAOSwh7tcQioG/$_57.JPG?set_id=8800005007", "https://i.ebayimg.com/00/s/MTA2MlgxNjAw/z/XG4AAOSwZ2tcQioJ/$_57.JPG?set_id=8800005007", "https://i.ebayimg.com/00/s/MTA2MlgxNjAw/z/IxgAAOSwyn1cQioM/$_57.JPG?set_id=8800005007"], "PostalCode": "28659", "PrimaryCategoryID": "33034", "PrimaryCategoryName": "Musical Instruments & Gear:Guitars & Basses:Electric Guitars", "Quantity": 1, "Seller": {"UserID": "dsprocker", "FeedbackRatingStar": "Red", "FeedbackScore": 1491, "PositiveFeedbackPercent": 100.0, "TopRatedSeller": true}, "BidCount": 2, "ConvertedCurrentPrice": {"Value": 250.0, "CurrencyID": "USD"}, "CurrentPrice": {"Value": 250.0, "CurrencyID": "USD"}, "HighBidder": {"UserID": "k***e", "FeedbackPrivate": false, "FeedbackRatingStar": "Red", "FeedbackScore": 2097}, "ListingStatus": "Completed", "QuantitySold": 1, "ShipToLocations": ["US"], "Site": "US", "TimeLeft": "PT0S", "Title": "Squier Classic Vibe 50s Stratocaster Electric Guitar", "ItemSpecifics": {"NameValueList": [{"Name": "Brand", "Value": ["Squier"]}, {"Name": "MPN", "Value": ["Does Not Apply"]}]}, "HitCount": 290, "PrimaryCategoryIDPath": "619:3858:33034", "Country": "US", "ReturnPolicy": {"ReturnsAccepted": "ReturnsNotAccepted", "InternationalReturnsAccepted": "ReturnsNotAccepted"}, "MinimumToBid": {"Value": 255.0, "CurrencyID": "USD"}, "AutoPay": false, "PaymentAllowedSite": [], "IntegratedMerchantCreditCardEnabled": false, "HandlingTime": 1, "ConditionID": 3000, "ConditionDisplayName": "Used", "GlobalShipping": false, "QuantitySoldByPickupInStore": 0, "NewBestOffer": false}