{"BestOfferEnabled": false, "Description": "Selling my American deluxe strat. I bought this guitar for playing out with the noiseless pickups. It sounds very good live and for recording. I have too many guitars at the moment and looking to free up some space for something new. There are some light scratches and one blemish near the control cavity on the side. Other than that it\u2019s in great shape. My cat used the case as a scratching post. Lol. The inside is immaculate though. Feel free to ask any questions. Comes with Whammy bar. Fender American Deluxe Stratocaster Electric Guitar American Deluxe Strat 50th anniversary", "ItemID": "323658411681", "EndTime": "2019-01-25T16:57:21.000Z", "StartTime": "2019-01-20T16:57:21.000Z", "ViewItemURLForNaturalSearch": "https://www.ebay.com/itm/Fender-American-Deluxe-Stratocaster-Electric-Guitar-American-Deluxe-Strat-50th-/323658411681", "ListingType": "Chinese", "Location": "Philadelphia, Pennsylvania", "PaymentMethods": ["PayPal"], "GalleryURL": "https://thumbs2.ebaystatic.com/pict/3236584116818080_1.jpg", "PictureURL": ["https://i.ebayimg.com/00/s/MTYwMFgxMjAw/z/7cMAAOSwhrpcRKZK/$_12.JPG?set_id=880000500F", "https://i.ebayimg.com/00/s/MTYwMFgxMjAw/z/1PoAAOSwXI1cRKY5/$_12.JPG?set_id=880000500F", "https://i.ebayimg.com/00/s/MTYwMFgxMjAw/z/ywEAAOSwMlNcRKY9/$_12.JPG?set_id=880000500F", "https://i.ebayimg.com/00/s/MTYwMFgxMjAw/z/0uMAAOSw8OFcRKZU/$_12.JPG?set_id=880000500F", "https://i.ebayimg.com/00/s/MTYwMFgxMjAw/z/4HkAAOSwAopcRKY0/$_12.JPG?set_id=880000500F", "https://i.ebayimg.com/00/s/MTYwMFgxMjAw/z/ud0AAOSwWI5cRKZM/$_12.JPG?set_id=880000500F", "https://i.ebayimg.com/00/s/MTYwMFgxMjAw/z/R~sAAOSwg0dcRKZB/$_12.JPG?set_id=880000500F", "https://i.ebayimg.com/00/s/MTYwMFgxMjAw/z/HZsAAOSw8iZcRKZb/$_12.JPG?set_id=880000500F", "https://i.ebayimg.com/00/s/MTYwMFgxMjAw/z/UiAAAOSwlt9cRKZX/$_12.JPG?set_id=880000500F", "https://i.ebayimg.com/00/s/MTYwMFgxMjAw/z/meoAAOSwWdNcRKZQ/$_12.JPG?set_id=880000500F", "https://i.ebayimg.com/00/s/MTYwMFgxMjAw/z/licAAOSw6JhcRKZH/$_12.JPG?set_id=880000500F", "https://i.ebayimg.com/00/s/MTYwMFgxMjAw/z/qb4AAOSwPntcRKZD/$_12.JPG?set_id=880000500F"], "PostalCode": "19131", "PrimaryCategoryID": "33034", "PrimaryCategoryName": "Musical Instruments & Gear:Guitars & Basses:Electric Guitars", "Quantity": 1, "Seller": {"UserID": "deieso7302", "FeedbackRatingStar": "Blue", "FeedbackScore": 95, "PositiveFeedbackPercent": 100.0}, "BidCount": 1, "ConvertedCurrentPrice": {"Value": 900.0, "CurrencyID": "USD"}, "CurrentPrice": {"Value": 900.0, "CurrencyID": "USD"}, "HighBidder": {"UserID": "k***0", "FeedbackPrivate": false, "FeedbackRatingStar": "Turquoise", "FeedbackScore": 368}, "ListingStatus": "Completed", "QuantitySold": 1, "ShipToLocations": ["US"], "Site": "US", "TimeLeft": "PT0S", "Title": "Fender American Deluxe Stratocaster Electric Guitar American Deluxe Strat 50th", "ItemSpecifics": {"NameValueList": [{"Name": "Body Type", "Value": ["Solid"]}, {"Name": "Brand", "Value": ["Fender"]}, {"Name": "String Configuration", "Value": ["6 String"]}, {"Name": "MPN", "Value": ["119000700", "119000700 1190007000", "1190007000"]}, {"Name": "MPN", "Value": ["119000700"]}]}, "HitCount": 318, "PrimaryCategoryIDPath": "619:3858:33034", "Country": "US", "ReturnPolicy": {"ReturnsAccepted": "ReturnsNotAccepted"}, "MinimumToBid": {"Value": 910.0, "CurrencyID": "USD"}, "ProductID": {"Value": "137089118", "Type": "Reference"}, "AutoPay": false, "PaymentAllowedSite": [], "IntegratedMerchantCreditCardEnabled": false, "HandlingTime": 3, "ConditionID": 3000, "ConditionDisplayName": "Used", "GlobalShipping": false, "QuantitySoldByPickupInStore": 0, "NewBestOffer": false}