{"BestOfferEnabled": false, "Description": "Used but not abused PRS Silver Sky. This was one of the first 500 to come with a hard case. Saddles have some corrosion on them, the numbers are coming off the knobs as well. Also has a little dent above the pickguard. Tremolo arm tip has cracks.", "ItemID": "132920974750", "EndTime": "2019-01-24T00:13:10.000Z", "StartTime": "2019-01-17T00:13:10.000Z", "ViewItemURLForNaturalSearch": "https://www.ebay.com/itm/PRS-Silver-Sky-hard-case-/132920974750", "ListingType": "Chinese", "Location": "Schenectady, New York", "PaymentMethods": ["PayPal"], "GalleryURL": "https://thumbs3.ebaystatic.com/pict/1329209747508080_1.jpg", "PictureURL": ["https://i.ebayimg.com/00/s/MTYwMFgxMjAw/z/1gsAAOSwvytcPT7f/$_12.JPG?set_id=880000500F", "https://i.ebayimg.com/00/s/MTYwMFgxMjAw/z/An4AAOSwhr9cPT7i/$_12.JPG?set_id=880000500F", "https://i.ebayimg.com/00/s/MTYwMFgxMjAw/z/sksAAOSwMflcPT7k/$_12.JPG?set_id=880000500F", "https://i.ebayimg.com/00/s/MTYwMFgxMjAw/z/IA4AAOSwohVcPT7l/$_12.JPG?set_id=880000500F", "https://i.ebayimg.com/00/s/MTYwMFgxMjAw/z/qUAAAOSwrVRcPT7n/$_12.JPG?set_id=880000500F", "https://i.ebayimg.com/00/s/MTYwMFgxMjAw/z/PmwAAOSwP85cPT-a/$_12.JPG?set_id=880000500F"], "PostalCode": "12305", "PrimaryCategoryID": "33034", "PrimaryCategoryName": "Musical Instruments & Gear:Guitars & Basses:Electric Guitars", "Quantity": 1, "Seller": {"UserID": "glebowski1", "FeedbackRatingStar": "None", "FeedbackScore": 2, "PositiveFeedbackPercent": 0.0}, "BidCount": 4, "ConvertedCurrentPrice": {"Value": 1575.0, "CurrencyID": "USD"}, "CurrentPrice": {"Value": 1575.0, "CurrencyID": "USD"}, "HighBidder": {"UserID": "a***l", "FeedbackPrivate": false, "FeedbackRatingStar": "Turquoise", "FeedbackScore": 238}, "ListingStatus": "Completed", "QuantitySold": 1, "ShipToLocations": ["US"], "Site": "US", "TimeLeft": "PT0S", "Title": "PRS Silver Sky with hard case", "ItemSpecifics": {"NameValueList": [{"Name": "Brand", "Value": ["PRS"]}, {"Name": "Body Color", "Value": ["Silver"]}]}, "HitCount": 788, "PrimaryCategoryIDPath": "619:3858:33034", "Country": "US", "ReturnPolicy": {"ReturnsAccepted": "ReturnsNotAccepted"}, "MinimumToBid": {"Value": 1600.0, "CurrencyID": "USD"}, "AutoPay": false, "PaymentAllowedSite": [], "IntegratedMerchantCreditCardEnabled": false, "HandlingTime": 3, "ConditionID": 3000, "ConditionDisplayName": "Used", "GlobalShipping": false, "QuantitySoldByPickupInStore": 0, "NewBestOffer": false}