{"BestOfferEnabled": false, "Description": "Very Rare near mint condition Gretsch 6120 junior 2. This is the last version of the 6120 junior series and features the rare tone switch. This is basically a smaller version of the famous 6120 that still has all of the Gretsch tone. The pickups have been upgraded to TV Jones classic plus in the bridge and a supertron in the neck. Near mint condition. Plays great. Has minty fresh original hard shell case and all of the case candy/documents including an unsigned warranty card. Check my feedback and bid with confidence.", "ItemID": "323656711714", "EndTime": "2019-01-24T13:28:46.000Z", "StartTime": "2019-01-19T13:28:46.000Z", "ViewItemURLForNaturalSearch": "https://www.ebay.com/itm/Gretsch-6120-Jr2-junior-Jr-2-Guitar-2004-Near-Mint-/323656711714", "ListingType": "Chinese", "Location": "Charlotte, North Carolina", "PaymentMethods": ["PayPal"], "GalleryURL": "https://thumbs3.ebaystatic.com/pict/3236567117148080_1.jpg", "PictureURL": ["https://i.ebayimg.com/00/s/MTYwMFgxMjAw/z/FlwAAOSw5wFcNfVv/$_12.JPG?set_id=880000500F", "https://i.ebayimg.com/00/s/MTYwMFgxMjAw/z/9WMAAOSw2xlcNfWD/$_12.JPG?set_id=880000500F", "https://i.ebayimg.com/00/s/MTYwMFgxMjAw/z/DzYAAOSwydZcNfWN/$_12.JPG?set_id=880000500F", "https://i.ebayimg.com/00/s/MTIwMFgxNjAw/z/pe0AAOSwikBcNfWG/$_12.JPG?set_id=880000500F", "https://i.ebayimg.com/00/s/MTIwMFgxNjAw/z/UzwAAOSwQXlcNfWQ/$_12.JPG?set_id=880000500F", "https://i.ebayimg.com/00/s/MTIwMFgxNjAw/z/YcYAAOSwm5xcNfWJ/$_12.JPG?set_id=880000500F", "https://i.ebayimg.com/00/s/MTIwMFgxNjAw/z/tcsAAOSwPYRcNfWU/$_12.JPG?set_id=880000500F"], "PostalCode": "28211", "PrimaryCategoryID": "33034", "PrimaryCategoryName": "Musical Instruments & Gear:Guitars & Basses:Electric Guitars", "Quantity": 1, "Seller": {"UserID": "samsjb", "FeedbackRatingStar": "Turquoise", "FeedbackScore": 389, "PositiveFeedbackPercent": 100.0}, "BidCount": 5, "ConvertedCurrentPrice": {"Value": 1350.0, "CurrencyID": "USD"}, "CurrentPrice": {"Value": 1350.0, "CurrencyID": "USD"}, "HighBidder": {"UserID": "c***r", "FeedbackPrivate": false, "FeedbackRatingStar": "Turquoise", "FeedbackScore": 309}, "ListingStatus": "Completed", "QuantitySold": 1, "ReserveMet": true, "ShipToLocations": ["US"], "Site": "US", "TimeLeft": "PT0S", "Title": "Gretsch 6120 Jr2 junior Jr-2 Guitar 2004 Near Mint", "ItemSpecifics": {"NameValueList": [{"Name": "Body Material", "Value": ["Laminate"]}, {"Name": "Brand", "Value": ["Gretsch"]}, {"Name": "Model Year", "Value": ["2004"]}, {"Name": "String Configuration", "Value": ["5 String"]}, {"Name": "Right-/ Left-Handed", "Value": ["Right-Handed"]}, {"Name": "Body Type", "Value": ["Semi-Hollow"]}, {"Name": "Body Color", "Value": ["Orange"]}, {"Name": "Features", "Value": ["Single Cut"]}]}, "HitCount": 228, "PrimaryCategoryIDPath": "619:3858:33034", "Country": "US", "ReturnPolicy": {"ReturnsAccepted": "ReturnsNotAccepted"}, "MinimumToBid": {"Value": 1375.0, "CurrencyID": "USD"}, "AutoPay": false, "PaymentAllowedSite": [], "IntegratedMerchantCreditCardEnabled": false, "HandlingTime": 3, "ConditionID": 3000, "ConditionDisplayName": "Used", "GlobalShipping": false, "QuantitySoldByPickupInStore": 0, "NewBestOffer": false}