{"BestOfferEnabled": true, "Description": "Selling my 2008 Gibson Cherry Red Custom 1959 Re-issue ES 335 DOT. Beautiful guitar as you can see from the pictures. Features: Cherry Red High Gloss Finish, 57 Classic Humbucker pickups, 1960 slim taper Mahogany neck, Rosewood Fingerboard, Pearloid Dot inlays, Nickel Hardware, and Grover Kidney Tuners. Model number ESDPCHNH1 (Electric Spanish Dot Plaintop Cherry Nickel Hardware 1st quality). Comes with the Gibson Custom hardshell case(in excellent condition), truss rod adjustment wrench, and Certificate of Authenticity. This is a very nice quality Gibson guitar in overall excellent condition. All electronics function as they should and it sounds as you would expect from an ES 335 Gibson. Other than some slight buffing marks, as I would expect on any used guitar, and a very small chip on the headstock(pictured), everything looks great. I am not the original owner but was told by the original owner that this has never been gigged out and I have only played it in my home man cave. Selling because I already have a more expensive 1987 ES 335 and have my eye on a Fender Custom Stratocaster. Offering Free Shipping. Thank you for looking.", "ItemID": "273662997170", "EndTime": "2019-01-24T22:00:27.000Z", "StartTime": "2019-01-18T16:45:54.000Z", "ViewItemURLForNaturalSearch": "https://www.ebay.com/itm/Gibson-Custom-Re-issue-1959-DOT-ES335-2008-/273662997170", "ListingType": "Chinese", "Location": "Marietta, Georgia", "PaymentMethods": ["PayPal"], "GalleryURL": "https://thumbs3.ebaystatic.com/pict/2736629971708080_1.jpg", "PictureURL": ["https://i.ebayimg.com/00/s/MTYwMFgxMjAw/z/LAQAAOSwvcFcOLzU/$_12.JPG?set_id=880000500F", "https://i.ebayimg.com/00/s/MTYwMFgxMjAw/z/BtYAAOSwXi9cOLzN/$_12.JPG?set_id=880000500F", "https://i.ebayimg.com/00/s/MTYwMFgxMjAw/z/sAUAAOSwptZcOLyx/$_12.JPG?set_id=880000500F", "https://i.ebayimg.com/00/s/MTYwMFgxMjAw/z/kioAAOSwWrNcOLy4/$_12.JPG?set_id=880000500F", "https://i.ebayimg.com/00/s/MTYwMFgxMjAw/z/E1EAAOSwi6dcOLy0/$_12.JPG?set_id=880000500F", "https://i.ebayimg.com/00/s/MTYwMFgxMjAw/z/WSYAAOSwJwBcOLzE/$_12.JPG?set_id=880000500F", "https://i.ebayimg.com/00/s/MTYwMFgxMjAw/z/NsYAAOSwN5hcOLzc/$_12.JPG?set_id=880000500F", "https://i.ebayimg.com/00/s/MTYwMFgxMjAw/z/ftIAAOSwHAxcOLzR/$_12.JPG?set_id=880000500F", "https://i.ebayimg.com/00/s/MTYwMFgxMjAw/z/yz0AAOSwJb5cOL7w/$_12.JPG?set_id=880000500F", "https://i.ebayimg.com/00/s/MTYwMFgxMjAw/z/47EAAOSwY4JcOLzA/$_12.JPG?set_id=880000500F", "https://i.ebayimg.com/00/s/MTYwMFgxMjAw/z/lfEAAOSwxLFcOLzJ/$_12.JPG?set_id=880000500F", "https://i.ebayimg.com/00/s/MTYwMFgxMjAw/z/RvcAAOSwYUZcOLzY/$_12.JPG?set_id=880000500F"], "PostalCode": "30066", "PrimaryCategoryID": "33034", "PrimaryCategoryName": "Musical Instruments & Gear:Guitars & Basses:Electric Guitars", "Quantity": 1, "Seller": {"UserID": "jerwood53", "FeedbackRatingStar": "Purple", "FeedbackScore": 619, "PositiveFeedbackPercent": 100.0}, "BidCount": 1, "ConvertedCurrentPrice": {"Value": 2250.0, "CurrencyID": "USD"}, "CurrentPrice": {"Value": 2250.0, "CurrencyID": "USD"}, "HighBidder": {"UserID": "h***l", "FeedbackPrivate": false, "FeedbackRatingStar": "Turquoise", "FeedbackScore": 472}, "ListingStatus": "Completed", "QuantitySold": 1, "ShipToLocations": ["US"], "Site": "US", "TimeLeft": "PT0S", "Title": "Gibson Custom Re-issue 1959 DOT ES335 2008", "ItemSpecifics": {"NameValueList": [{"Name": "Brand", "Value": ["Gibson"]}, {"Name": "Product Line", "Value": ["Gibson ES"]}, {"Name": "Model Year", "Value": ["2008"]}, {"Name": "Model", "Value": ["ES-335"]}, {"Name": "Country/Region of Manufacture", "Value": ["United States"]}, {"Name": "Body Type", "Value": ["Semi-Hollow"]}, {"Name": "Body Color", "Value": ["Cherry Red High Gloss"]}]}, "HitCount": 128, "PrimaryCategoryIDPath": "619:3858:33034", "Country": "US", "ReturnPolicy": {"ReturnsAccepted": "ReturnsNotAccepted"}, "MinimumToBid": {"Value": 2275.0, "CurrencyID": "USD"}, "AutoPay": false, "PaymentAllowedSite": [], "IntegratedMerchantCreditCardEnabled": false, "HandlingTime": 2, "ConditionID": 3000, "ConditionDisplayName": "Used", "GlobalShipping": false, "QuantitySoldByPickupInStore": 0, "NewBestOffer": false}