{"BestOfferEnabled": false, "Description": "Excellent Condition 1982 Silver Streak. Tim Shaw pickups. Just had it fully setup by Center Stage Vintage Guitars in Indianapolis. Frets are great, and the guitar looks and sounds amazing. Less than 100 made. Verified by Gibson. Original Gibson Chainsaw Case. Has strap locks, but originals included. Guitar is heavy (10.5lbs), but sustains for days. Guitar has some really nice checking. No cracks, repairs or issues. Please view all of the pictures. Here is your chance to own a vintage Gibson with the highly sought after Shaw Pickups. Custom Shop Stamped on the back! USA only. View my perfect feedback and fast shipping comments!", "ItemID": "223333407090", "EndTime": "2019-01-26T19:27:53.000Z", "StartTime": "2019-01-19T19:27:53.000Z", "ViewItemURLForNaturalSearch": "https://www.ebay.com/itm/Vintage-Gibson-Les-Paul-1982-Silver-Streak-Custom-Shop-Tim-Shaw-Pickups-Guitar-/223333407090", "ListingType": "Chinese", "Location": "Indianapolis, Indiana", "PaymentMethods": ["PayPal"], "GalleryURL": "https://thumbs3.ebaystatic.com/pict/2233334070908080_1.jpg", "PictureURL": ["https://i.ebayimg.com/00/s/MTYwMFgxMjEy/z/omYAAOSwGplcQ3lu/$_12.JPG?set_id=880000500F", "https://i.ebayimg.com/00/s/MTYwMFgxMjI0/z/5lYAAOSwSn1cQ3lm/$_12.JPG?set_id=880000500F", "https://i.ebayimg.com/00/s/ODkyWDEyNDI=/z/PO4AAOSwZNtcQ3lX/$_12.JPG?set_id=880000500F", "https://i.ebayimg.com/00/s/MTYwMFgxMjA4/z/ZkoAAOSw6eRcQ3lp/$_12.JPG?set_id=880000500F", "https://i.ebayimg.com/00/s/MTYwMFgxMjI4/z/0r8AAOSwQ5pcQ3lw/$_12.JPG?set_id=880000500F", "https://i.ebayimg.com/00/s/MTU5M1gxMjQy/z/gpEAAOSwuUNcQ3lb/$_12.JPG?set_id=880000500F", "https://i.ebayimg.com/00/s/MTYwMFg5MDA=/z/2KoAAOSwa1ZcQ3ls/$_12.JPG?set_id=880000500F", "https://i.ebayimg.com/00/s/OTA5WDEyNDI=/z/u7MAAOSwF7lcQ3lq/$_12.JPG?set_id=880000500F", "https://i.ebayimg.com/00/s/MTYwMFgxMjM2/z/ELwAAOSwLr1cQ3lh/$_12.JPG?set_id=880000500F", "https://i.ebayimg.com/00/s/MTE5N1g5MzQ=/z/oggAAOSw~BRcQ3lY/$_12.JPG?set_id=880000500F", "https://i.ebayimg.com/00/s/MTI0NVgxMjQy/z/ZncAAOSwuA9cQ3lo/$_12.JPG?set_id=880000500F", "https://i.ebayimg.com/00/s/MTYwMFgxMjE2/z/3-MAAOSwZ-9cQ3le/$_12.JPG?set_id=880000500F"], "PostalCode": "46231", "PrimaryCategoryID": "33034", "PrimaryCategoryName": "Musical Instruments & Gear:Guitars & Basses:Electric Guitars", "Quantity": 1, "Seller": {"UserID": "dbcooper3", "FeedbackRatingStar": "Purple", "FeedbackScore": 866, "PositiveFeedbackPercent": 100.0}, "BidCount": 32, "ConvertedCurrentPrice": {"Value": 1575.0, "CurrencyID": "USD"}, "CurrentPrice": {"Value": 1575.0, "CurrencyID": "USD"}, "HighBidder": {"UserID": "h***h", "FeedbackPrivate": false, "FeedbackRatingStar": "Red", "FeedbackScore": 1117}, "ListingStatus": "Completed", "QuantitySold": 1, "ShipToLocations": ["US"], "Site": "US", "TimeLeft": "PT0S", "Title": "Vintage Gibson Les Paul 1982 Silver Streak Custom Shop Tim Shaw Pickups Guitar", "ItemSpecifics": {"NameValueList": [{"Name": "Brand", "Value": ["Gibson"]}, {"Name": "Product Line", "Value": ["Gibson Les Paul"]}, {"Name": "Model", "Value": ["Custom"]}, {"Name": "Body Color", "Value": ["Silver"]}]}, "HitCount": 826, "PrimaryCategoryIDPath": "619:3858:33034", "Country": "US", "ReturnPolicy": {"ReturnsAccepted": "ReturnsNotAccepted"}, "MinimumToBid": {"Value": 1600.0, "CurrencyID": "USD"}, "AutoPay": false, "PaymentAllowedSite": [], "IntegratedMerchantCreditCardEnabled": false, "HandlingTime": 3, "ConditionID": 3000, "ConditionDisplayName": "Used", "GlobalShipping": false, "QuantitySoldByPickupInStore": 0, "NewBestOffer": false}