{"BestOfferEnabled": true, "Description": "This guitar is in amazing condition. It still has the plastic protective film. It belonged to my brother who had a very bad stroke 6 years ago, and I'm just now willing to let it go. It is very much like new. Case is included; case has a ding on the corners (see photos).This youtube video is a good demonstration: https://youtu.be/b6Zmz6yH23Y .Here is the story of the guitar from Epiphone: http://www.epiphone.com/products/sg/ltd-ed-g-1275-doubleneck.aspx .", "ItemID": "192801335113", "EndTime": "2019-01-25T19:12:17.000Z", "StartTime": "2019-01-23T22:37:23.000Z", "ViewItemURLForNaturalSearch": "https://www.ebay.com/itm/Epiphone-Limited-Edition-G-1275-Double-Neck-Cherry-Electric-Guitar-/192801335113", "ListingType": "Chinese", "Location": "Union, South Carolina", "PaymentMethods": ["PayPal"], "GalleryURL": "https://thumbs2.ebaystatic.com/pict/1928013351138080_1.jpg", "PictureURL": ["https://i.ebayimg.com/00/s/MTIwMFgxNjAw/z/UPQAAOSwTiVcLTjn/$_32.JPG?set_id=880000500F", "https://i.ebayimg.com/00/s/MTYwMFgxMjAw/z/Xq0AAOSwkAxcLULV/$_32.JPG?set_id=880000500F", "https://i.ebayimg.com/00/s/MTYwMFgxMjAw/z/4lgAAOSw6EpcLULV/$_32.JPG?set_id=880000500F", "https://i.ebayimg.com/00/s/MTYwMFgxMjAw/z/EOwAAOSw2pBcLULV/$_32.JPG?set_id=880000500F", "https://i.ebayimg.com/00/s/MTIwMFgxNjAw/z/QjwAAOSwSVNcLTj6/$_32.JPG?set_id=880000500F", "https://i.ebayimg.com/00/s/MTYwMFgxMjAw/z/cIoAAOSwvytcLVJd/$_12.JPG?set_id=880000500F", "https://i.ebayimg.com/00/s/MTYwMFgxMjAw/z/NOYAAOSwqkRcLTkM/$_32.JPG?set_id=880000500F", "https://i.ebayimg.com/00/s/MTYwMFgxMjAw/z/8a8AAOSwF5VcLTkJ/$_32.JPG?set_id=880000500F", "https://i.ebayimg.com/00/s/MTIwMFgxNjAw/z/rywAAOSwmvpcLTkN/$_32.JPG?set_id=880000500F", "https://i.ebayimg.com/00/s/MTIwMFgxNjAw/z/-aYAAOSwlfNcLTkT/$_32.JPG?set_id=880000500F", "https://i.ebayimg.com/00/s/MTIwMFgxNjAw/z/-ioAAOSwO6NcLT3M/$_32.JPG?set_id=880000500F", "https://i.ebayimg.com/00/s/MTIwMFgxNjAw/z/TK8AAOSwEwhcLT4d/$_32.JPG?set_id=880000500F"], "PostalCode": "29379", "PrimaryCategoryID": "33034", "PrimaryCategoryName": "Musical Instruments & Gear:Guitars & Basses:Electric Guitars", "Quantity": 1, "Seller": {"UserID": "crosskeysmom", "FeedbackRatingStar": "Blue", "FeedbackScore": 63, "PositiveFeedbackPercent": 100.0}, "BidCount": 1, "ConvertedCurrentPrice": {"Value": 1000.0, "CurrencyID": "USD"}, "CurrentPrice": {"Value": 1000.0, "CurrencyID": "USD"}, "HighBidder": {"UserID": "5***g", "FeedbackPrivate": false, "FeedbackRatingStar": "Blue", "FeedbackScore": 69}, "ListingStatus": "Completed", "QuantitySold": 1, "ShipToLocations": ["US"], "Site": "US", "TimeLeft": "PT0S", "Title": "Epiphone Limited Edition G-1275 Double Neck Cherry Electric Guitar", "ItemSpecifics": {"NameValueList": [{"Name": "Brand", "Value": ["Epiphone"]}, {"Name": "String Configuration", "Value": ["18 String"]}, {"Name": "Model", "Value": ["Limited Edition G-1275 Double Neck Cherry"]}, {"Name": "Body Type", "Value": ["Double Neck"]}, {"Name": "Dexterity", "Value": ["Right-Handed"]}, {"Name": "MPN", "Value": ["Does Not Apply"]}, {"Name": "Body Color", "Value": ["Cherry Red"]}]}, "HitCount": 35, "PrimaryCategoryIDPath": "619:3858:33034", "Country": "US", "ReturnPolicy": {"ReturnsAccepted": "ReturnsNotAccepted"}, "MinimumToBid": {"Value": 1025.0, "CurrencyID": "USD"}, "AutoPay": false, "PaymentAllowedSite": [], "IntegratedMerchantCreditCardEnabled": false, "HandlingTime": 2, "ConditionID": 3000, "ConditionDisplayName": "Used", "GlobalShipping": false, "QuantitySoldByPickupInStore": 0, "NewBestOffer": false}