{"BestOfferEnabled": false, "Description": "This is a used Schecter Hellraiser C-1 FR Floyd Rose Black Cherry. It comes with a case and a silver tremolo arm. I put two regular screws in between the body where the Floyd rose comes down and meets the springs. I was trying to block the floyd from pulling back so it wouldn\u2019t float, but ended up taking them out because they actually kept it from going out of tune. You can see where one was trying to come through the back between the springs. Also, I sprayed the back of the body with bed liner because I didn\u2019t like the all cherry. Happy Bidding!", "ItemID": "323655456571", "EndTime": "2019-01-25T18:41:10.000Z", "StartTime": "2019-01-18T18:41:10.000Z", "ViewItemURLForNaturalSearch": "https://www.ebay.com/itm/Schecter-Hellraiser-C-1-FR-Floyd-Rose-Black-Cherry-/323655456571", "ListingType": "Chinese", "Location": "Tuscaloosa, Alabama", "PaymentMethods": ["PayPal"], "GalleryURL": "https://thumbs4.ebaystatic.com/pict/3236554565718080_1.jpg", "PictureURL": ["https://i.ebayimg.com/00/s/MTYwMFgxMjAw/z/y14AAOSwa3lcQhtO/$_12.JPG?set_id=880000500F", "https://i.ebayimg.com/00/s/MTYwMFgxMjAw/z/8oQAAOSwW~JcQhtI/$_12.JPG?set_id=880000500F", "https://i.ebayimg.com/00/s/MTYwMFgxMjAw/z/-hcAAOSwH4dcQhtK/$_12.JPG?set_id=880000500F", "https://i.ebayimg.com/00/s/MTYwMFgxMjAw/z/2I8AAOSwO-hcQhtU/$_12.JPG?set_id=880000500F", "https://i.ebayimg.com/00/s/MTYwMFgxMjAw/z/QZoAAOSwMpFcQhtM/$_12.JPG?set_id=880000500F", "https://i.ebayimg.com/00/s/MTIwMFgxNjAw/z/Q-wAAOSwuARcQhtS/$_12.JPG?set_id=880000500F", "https://i.ebayimg.com/00/s/MTYwMFgxMjAw/z/CFEAAOSwUVFcQh1n/$_12.JPG?set_id=880000500F"], "PostalCode": "35405", "PrimaryCategoryID": "33034", "PrimaryCategoryName": "Musical Instruments & Gear:Guitars & Basses:Electric Guitars", "Quantity": 1, "Seller": {"UserID": "dozier_66", "FeedbackRatingStar": "Turquoise", "FeedbackScore": 128, "PositiveFeedbackPercent": 100.0}, "BidCount": 1, "ConvertedCurrentPrice": {"Value": 250.0, "CurrencyID": "USD"}, "CurrentPrice": {"Value": 250.0, "CurrencyID": "USD"}, "HighBidder": {"UserID": "m***b", "FeedbackPrivate": false, "FeedbackRatingStar": "Yellow", "FeedbackScore": 37}, "ListingStatus": "Completed", "QuantitySold": 1, "ShipToLocations": ["US"], "Site": "US", "TimeLeft": "PT0S", "Title": "Schecter Hellraiser C-1 FR Floyd Rose Black Cherry", "ItemSpecifics": {"NameValueList": [{"Name": "Brand", "Value": ["Schecter"]}, {"Name": "Model", "Value": ["Hellraiser C-1 FR"]}, {"Name": "String Configuration", "Value": ["6 String"]}, {"Name": "Body Type", "Value": ["Solid"]}, {"Name": "Body Color", "Value": ["Red"]}, {"Name": "MPN", "Value": ["Does Not Apply"]}]}, "HitCount": 321, "PrimaryCategoryIDPath": "619:3858:33034", "Country": "US", "ReturnPolicy": {"Refund": "Money Back", "ReturnsWithin": "30 Days", "ReturnsAccepted": "Returns Accepted", "ShippingCostPaidBy": "Buyer"}, "MinimumToBid": {"Value": 255.0, "CurrencyID": "USD"}, "AutoPay": false, "PaymentAllowedSite": [], "IntegratedMerchantCreditCardEnabled": false, "HandlingTime": 2, "ConditionID": 3000, "ConditionDisplayName": "Used", "GlobalShipping": false, "QuantitySoldByPickupInStore": 0, "NewBestOffer": false}