{"BestOfferEnabled": false, "Description": "NO RESERVE AUCTION - BELOW COST BLOWOUT !!! 2014 Epiphone Les Paul Standard, Cardinal Red, w/Gibson '57 Classic Pickups, no fret wear, some scratches on the pickup covers, light pick wear on the pick guard, otherwise like new condition, has the original hard case. $50.00 for lower USA 48 states shipping. &amp;amp;lt;div style=\"text-align:center\"&amp;amp;gt;&amp;amp;lt;a style=\"text-decoration:none\" href=\"http://mostpopular.sellathon.com/?id=AC1173833\"&amp;amp;gt;&amp;amp;lt;img src=\"http://www.sellathon.com/Resources/Images/countercredit.gif\" border=\"0\"&amp;amp;gt;&amp;amp;lt;/a&amp;amp;gt;&amp;amp;lt;/div&amp;amp;gt;", "ItemID": "352574496529", "EndTime": "2019-01-25T01:00:02.000Z", "StartTime": "2019-01-22T01:00:02.000Z", "ViewItemURLForNaturalSearch": "https://www.ebay.com/itm/2014-Epiphone-Les-Paul-Standard-Cardinal-Red-w-Gibson-57-Classics-w-OHSC-NO-RE-/352574496529", "ListingType": "Chinese", "Location": "Madison, Wisconsin", "PaymentMethods": ["PayPal"], "GalleryURL": "https://thumbs2.ebaystatic.com/pict/3525744965298080_1.jpg", "PictureURL": ["https://i.ebayimg.com/00/s/MTIwMFgxNjAw/z/Fj0AAOSwd2Zb2yxd/$_1.JPG?set_id=8800005007", "https://i.ebayimg.com/00/s/MTIwMFgxNjAw/z/~Y8AAOSwB5lb2yxg/$_1.JPG?set_id=8800005007", "https://i.ebayimg.com/00/s/MTIwMFgxNjAw/z/logAAOSw0QBb2yxk/$_1.JPG?set_id=8800005007", "https://i.ebayimg.com/00/s/MTIwMFgxNjAw/z/A6AAAOSwXbFb2yxo/$_1.JPG?set_id=8800005007", "https://i.ebayimg.com/00/s/MTIwMFgxNjAw/z/MMwAAOSw-ghb2yxr/$_1.JPG?set_id=8800005007", "https://i.ebayimg.com/00/s/MTIwMFgxNjAw/z/VCYAAOSwH0Vb2yxZ/$_1.JPG?set_id=8800005007", "https://i.ebayimg.com/00/s/MTIwMFgxNjAw/z/WSMAAOSwylhb2yxV/$_1.JPG?set_id=8800005007"], "PostalCode": "53713", "PrimaryCategoryID": "33034", "PrimaryCategoryName": "Musical Instruments & Gear:Guitars & Basses:Electric Guitars", "Quantity": 1, "Seller": {"UserID": "bizarre-guitars", "FeedbackRatingStar": "YellowShooting", "FeedbackScore": 14698, "PositiveFeedbackPercent": 100.0}, "BidCount": 1, "ConvertedCurrentPrice": {"Value": 299.0, "CurrencyID": "USD"}, "CurrentPrice": {"Value": 299.0, "CurrencyID": "USD"}, "HighBidder": {"UserID": "n***o", "FeedbackPrivate": false, "FeedbackRatingStar": "None", "FeedbackScore": 1}, "ListingStatus": "Completed", "QuantitySold": 1, "ShipToLocations": ["US", "CA", "GB", "DK", "RO", "SK", "BG", "CZ", "FI", "HU", "LV", "LT", "MT", "EE", "AU", "GR", "PT", "CY", "SI", "JP", "CN", "SE", "KR", "ID", "TW", "TH", "BE", "FR", "HK", "IE", "NL", "PL", "ES", "IT", "DE", "AT", "BS", "IL", "MX", "NZ", "SG", "CH", "NO", "SA", "UA", "AE", "QA", "KW", "BH", "HR", "MY", "CL", "CO", "CR", "PA", "TT", "GT", "HN", "JM", "AG", "AW", "BZ", "DM", "GD", "KN", "LC", "MS", "TC", "BB", "BD", "BM", "BN", "BO", "EG", "GF", "GG", "GI", "GP", "IS", "JE", "JO", "KH", "KY", "LI", "LK", "LU", "MC", "MO", "MQ", "MV", "NI", "OM", "PK", "PY", "RE"], "Site": "US", "TimeLeft": "PT0S", "Title": "2014 Epiphone Les Paul Standard  Cardinal Red w/Gibson '57 Classics w/OHSC NO RE", "ItemSpecifics": {"NameValueList": [{"Name": "Body Color", "Value": ["Cardinal Red"]}, {"Name": "String Configuration", "Value": ["6 String"]}, {"Name": "Model", "Value": ["Les Paul Standard"]}, {"Name": "Modified Item", "Value": ["No"]}, {"Name": "Country/Region of Manufacture", "Value": ["China"]}, {"Name": "Custom Bundle", "Value": ["No"]}, {"Name": "Model Year", "Value": ["2014"]}, {"Name": "Dexterity", "Value": ["Right-Handed"]}, {"Name": "Brand", "Value": ["Epiphone"]}, {"Name": "Non-Domestic Product", "Value": ["No"]}, {"Name": "Body Type", "Value": ["Solid"]}, {"Name": "Right-/ Left-Handed", "Value": ["Right-Handed"]}]}, "HitCount": 202, "PrimaryCategoryIDPath": "619:3858:33034", "Storefront": {"StoreURL": "https://stores.ebay.com/id=440285", "StoreName": "Brian Goff&#39;s Bizarre Guitars"}, "Country": "US", "ReturnPolicy": {"ReturnsAccepted": "ReturnsNotAccepted", "InternationalReturnsAccepted": "ReturnsNotAccepted"}, "MinimumToBid": {"Value": 304.0, "CurrencyID": "USD"}, "AutoPay": false, "PaymentAllowedSite": [], "IntegratedMerchantCreditCardEnabled": false, "HandlingTime": 3, "ConditionID": 3000, "ConditionDisplayName": "Used", "GlobalShipping": true, "QuantitySoldByPickupInStore": 0, "NewBestOffer": false}