{"BestOfferEnabled": true, "Description": "Sweet guitar all the way around. Less than normal wear and tear for a guitar of this age. Grained Brown Finish. Not your typical Washburn at all! Product Description (according to g3h website): Product Description (according to g3h website)Manufacturer: YamakiBody: arched top, double cutaway, bound edges Body Wood(s): ash, ash top, also ash top layer on headstock Neck Wood: 3 piece, rock maple-rosewood-rock maple, neck-through Fingerboard: rosewood, dot inlays, bound edges Frets: 22 Scale: 630 mm Tuners: Washburn die-cast, sealed, 3xR, 3xL Pickups: 2x \u201cWashburn Power Sustain\u201d humbucker, two height adjustment screws on top side. Electronics: 2xV, 2xT, 3-way pickup selector Bridge-Tailpiece: Washburn \u201cHarmonic Lock\u201d, string through body Hardware: chrome, brass saddles, bone nut Finish: Grained brown Comment: control cavity cover (square shape) and truss rod cover made of wood, jack input on the side of the guitar,", "ItemID": "153344405688", "EndTime": "2019-01-24T19:47:02.000Z", "StartTime": "2019-01-18T17:46:30.000Z", "ViewItemURLForNaturalSearch": "https://www.ebay.com/itm/vintage-Washburn-Hawk-1978-9-beautiful-neck-thru-el-gt-Wing-Series-case-/153344405688", "ListingType": "Chinese", "Location": "Goodlettsville, Tennessee", "PaymentMethods": ["PayPal"], "GalleryURL": "https://thumbs1.ebaystatic.com/pict/1533444056888080_1.jpg", "PictureURL": ["https://i.ebayimg.com/00/s/MTYwMFgxMjAw/z/pdIAAOSw5qJcIcyM/$_57.JPG?set_id=8800005007", "https://i.ebayimg.com/00/s/MTYwMFgxMjAw/z/qjUAAOSwgb1cIcyk/$_57.JPG?set_id=8800005007", "https://i.ebayimg.com/00/s/MTYwMFgxMjAw/z/lhUAAOSw6~pcIcyS/$_57.JPG?set_id=8800005007", "https://i.ebayimg.com/00/s/MTYwMFgxMjAw/z/uwgAAOSwhrpcIcyU/$_57.JPG?set_id=8800005007", "https://i.ebayimg.com/00/s/MTYwMFgxMjAw/z/lK0AAOSwU65cIcyW/$_57.JPG?set_id=8800005007", "https://i.ebayimg.com/00/s/MTYwMFgxMjAw/z/TqQAAOSwkHxcIcyY/$_57.JPG?set_id=8800005007", "https://i.ebayimg.com/00/s/MTYwMFgxMjAw/z/XuEAAOSw87JcIcyd/$_57.JPG?set_id=8800005007", "https://i.ebayimg.com/00/s/MTIwMFgxNjAw/z/7XoAAOSwv0dcIcyG/$_57.JPG?set_id=8800005007", "https://i.ebayimg.com/00/s/MTIwMFgxNjAw/z/Vv0AAOSw~bhcIcyI/$_57.JPG?set_id=8800005007", "https://i.ebayimg.com/00/s/MTIwMFgxNjAw/z/qEAAAOSwPmVcIcyK/$_57.JPG?set_id=8800005007", "https://i.ebayimg.com/00/s/MTYwMFgxMjAw/z/JlwAAOSwC45cIcz7/$_57.JPG?set_id=8800005007", "https://i.ebayimg.com/00/s/MTYwMFgxMjAw/z/RuYAAOSwt3hcIcz~/$_57.JPG?set_id=8800005007"], "PostalCode": "37072", "PrimaryCategoryID": "33034", "PrimaryCategoryName": "Musical Instruments & Gear:Guitars & Basses:Electric Guitars", "Quantity": 1, "Seller": {"UserID": "casio1215", "FeedbackRatingStar": "Yellow", "FeedbackScore": 16, "PositiveFeedbackPercent": 0.0}, "BidCount": 1, "ConvertedCurrentPrice": {"Value": 999.0, "CurrencyID": "USD"}, "CurrentPrice": {"Value": 999.0, "CurrencyID": "USD"}, "HighBidder": {"UserID": "e***h", "FeedbackPrivate": false, "FeedbackRatingStar": "Red", "FeedbackScore": 1036}, "ListingStatus": "Completed", "QuantitySold": 1, "ShipToLocations": ["US"], "Site": "US", "TimeLeft": "PT0S", "Title": "vintage Washburn Hawk 1978-9 beautiful neck thru el gt - Wing Series - with case", "ItemSpecifics": {"NameValueList": [{"Name": "Brand", "Value": ["Washburn"]}, {"Name": "Model", "Value": ["Hawk"]}, {"Name": "Body Color", "Value": ["Brown"]}, {"Name": "String Configuration", "Value": ["6 String"]}, {"Name": "Right-/ Left-Handed", "Value": ["Right-Handed"]}, {"Name": "Body Type", "Value": ["Solid"]}, {"Name": "Country/Region of Manufacture", "Value": ["Unknown"]}]}, "HitCount": 203, "PrimaryCategoryIDPath": "619:3858:33034", "SecondaryCategoryID": "118985", "SecondaryCategoryName": "Musical Instruments & Gear:Vintage Musical Instruments:Vintage Guitars & Basses:Electric Guitars", "SecondaryCategoryIDPath": "619:181162:181163:118985", "Country": "US", "ReturnPolicy": {"Refund": "Money Back", "ReturnsWithin": "14 Days", "ReturnsAccepted": "Returns Accepted", "ShippingCostPaidBy": "Buyer"}, "MinimumToBid": {"Value": 1009.0, "CurrencyID": "USD"}, "AutoPay": false, "PaymentAllowedSite": [], "IntegratedMerchantCreditCardEnabled": false, "HandlingTime": 3, "ConditionID": 3000, "ConditionDisplayName": "Used", "ExcludeShipToLocation": ["Africa", "RU", "MX"], "GlobalShipping": false, "ConditionDescription": "Washburn Wing SeriesWashburn has been producing acoustic guitars and other string instruments since 1883 but also managed to establish a strong name in electric guitars since the end of the 1970\u2019s. The Wing-series were the first series of electric guitars marketed by Washburn. For production they contracted a number (at least 3) of renowned and experienced Japanese guitar manufacturers. Two of them are identified: Matsumoku (Aria Pro 2, Westone, etc.) and Yamaki (Daion). Yamaki was also involved in building acoustic guitars for Washburn in the same era. The Japanese made Wing-series were produced between 1978 and 1984.During the period 1978-1982 the Wing-series models were the Raven, Hawk, Falcon, Eagle and the Scavenger (Raven style) and Vulture (Hawk style) bass models. The Raven and Scavenger (1978-1981) have a bolt-on neck and it's unknown who the manufacturer was. The same goes for an early (A-model, 1978-79) series of the neck-through Hawk, Falcon and Vulture with the jack-inp", "QuantitySoldByPickupInStore": 0, "NewBestOffer": false}