{"BestOfferEnabled": false, "Description": "Epiphone Les Paul Standard Plus Quilt Top Electric Guitar with Seymour Duncan pickups. Lemon Burst.Used.Seymour Duncan Pearly Gates in neck position/Alnico II in bridge. Complete electronic upgrade.Solid, incredible sounding. Very bright and expressive.My favorite guitar, both live and in studio, ever.", "ItemID": "254082317152", "EndTime": "2019-01-26T15:42:27.000Z", "StartTime": "2019-01-19T15:42:27.000Z", "ViewItemURLForNaturalSearch": "https://www.ebay.com/itm/Epiphone-Les-Paul-Standard-Plus-Quilt-Top-Electric-Guitar-Seymour-Duncans-/254082317152", "ListingType": "Chinese", "Location": "Birmingham, Alabama", "PaymentMethods": ["PayPal"], "GalleryURL": "https://thumbs1.ebaystatic.com/pict/2540823171528080_1.jpg", "PictureURL": ["https://i.ebayimg.com/00/s/MTIwMFgxNjAw/z/UjYAAOSwpLdcQ0Nw/$_32.JPG?set_id=880000500F", "https://i.ebayimg.com/00/s/MTIwMFgxNjAw/z/1OoAAOSwR3tcQ0Nx/$_32.JPG?set_id=880000500F", "https://i.ebayimg.com/00/s/MTIwMFgxNjAw/z/0ocAAOSwLKhcQ0Nw/$_32.JPG?set_id=880000500F", "https://i.ebayimg.com/00/s/MTIwMFgxNjAw/z/9lwAAOSwhexcQ0Nx/$_32.JPG?set_id=880000500F", "https://i.ebayimg.com/00/s/MTIwMFgxNjAw/z/SUkAAOSwyApcQ0Nx/$_32.JPG?set_id=880000500F", "https://i.ebayimg.com/00/s/MTIwMFgxNjAw/z/HhMAAOSwWI5cQ0Ny/$_32.JPG?set_id=880000500F", "https://i.ebayimg.com/00/s/MTIwMFgxNjAw/z/nygAAOSws~VcQ0Ny/$_32.JPG?set_id=880000500F", "https://i.ebayimg.com/00/s/MTIwMFgxNjAw/z/xeIAAOSwLr1cQ0Ny/$_32.JPG?set_id=880000500F", "https://i.ebayimg.com/00/s/MTIwMFgxNjAw/z/uSoAAOSwg0dcQ0Ny/$_32.JPG?set_id=880000500F", "https://i.ebayimg.com/00/s/MTIwMFgxNjAw/z/lYoAAOSwoylcQ0Ny/$_32.JPG?set_id=880000500F", "https://i.ebayimg.com/00/s/MTIwMFgxNjAw/z/q08AAOSwsqdcQ0Nw/$_32.JPG?set_id=880000500F"], "PostalCode": "35210", "PrimaryCategoryID": "33034", "PrimaryCategoryName": "Musical Instruments & Gear:Guitars & Basses:Electric Guitars", "Quantity": 1, "Seller": {"UserID": "rmusicgroup", "FeedbackRatingStar": "Yellow", "FeedbackScore": 22, "PositiveFeedbackPercent": 0.0}, "BidCount": 7, "ConvertedCurrentPrice": {"Value": 430.0, "CurrencyID": "USD"}, "CurrentPrice": {"Value": 430.0, "CurrencyID": "USD"}, "HighBidder": {"UserID": "d***1", "FeedbackPrivate": false, "FeedbackRatingStar": "Yellow", "FeedbackScore": 21}, "ListingStatus": "Completed", "QuantitySold": 1, "ShipToLocations": ["US", "CA", "GB", "DK", "RO", "SK", "BG", "CZ", "FI", "HU", "LV", "LT", "MT", "EE", "AU", "GR", "PT", "CY", "SI", "JP", "CN", "SE", "KR", "ID", "TW", "TH", "BE", "FR", "HK", "IE", "NL", "PL", "ES", "IT", "DE", "AT", "BS", "IL", "MX", "NZ", "SG", "CH", "NO", "SA", "UA", "AE", "QA", "KW", "BH", "HR", "MY", "CL", "CO", "CR", "PA", "TT", "GT", "HN", "JM", "AG", "AW", "BZ", "DM", "GD", "KN", "LC", "MS", "TC", "BB", "BD", "BM", "BN", "BO", "EG", "GF", "GG", "GI", "GP", "IS", "JE", "JO", "KH", "KY", "LI", "LK", "LU", "MC", "MO", "MQ", "MV", "NI", "OM", "PK", "PY", "RE"], "Site": "US", "TimeLeft": "PT0S", "Title": "\u00a0Epiphone Les Paul Standard Plus Quilt Top Electric Guitar with Seymour Duncans", "ItemSpecifics": {"NameValueList": [{"Name": "Model Year", "Value": ["2007"]}, {"Name": "Modified Item", "Value": ["Yes"]}, {"Name": "Model", "Value": ["Les Paul Standard Plus Top"]}, {"Name": "Right-/ Left-Handed", "Value": ["Right-Handed"]}, {"Name": "Body Color", "Value": ["Yellow"]}, {"Name": "Features", "Value": ["Seymour Duncan Pickups"]}, {"Name": "Brand", "Value": ["Epiphone"]}, {"Name": "Body Material", "Value": ["Maple", "Mahogany"]}, {"Name": "String Configuration", "Value": ["6 String"]}, {"Name": "Body Type", "Value": ["Solid"]}, {"Name": "MPN", "Value": ["ENS-HBCH1"]}, {"Name": "MPN", "Value": ["ENSHBCH1"]}]}, "HitCount": 687, "PrimaryCategoryIDPath": "619:3858:33034", "Country": "US", "ReturnPolicy": {"ReturnsAccepted": "ReturnsNotAccepted"}, "MinimumToBid": {"Value": 435.0, "CurrencyID": "USD"}, "ProductID": {"Value": "78607511", "Type": "Reference"}, "AutoPay": true, "PaymentAllowedSite": [], "IntegratedMerchantCreditCardEnabled": false, "HandlingTime": 2, "ConditionID": 3000, "ConditionDisplayName": "Used", "GlobalShipping": true, "QuantitySoldByPickupInStore": 0, "NewBestOffer": false}