{"BestOfferEnabled": false, "Description": "This is a G&L Tribute Model Legacy guitar. The neck has been replaced with a modified G&L ASAT Classic Tribute model, which has a 9.5\"radius fretboard and a soft V back contour. The tuners are Hipshot locking type with staggered height posts. Pickups are the USA Legacy model.Beautiful cherry burst finish on the body - with no dents or chips. This model has the toggle switch which allows the neck and bridge pickup to be on at the same time.Very nice playing guitar. Comes with the tremolo bar and rear tremolo cavity cover (not shown on the photos).", "ItemID": "143096428976", "EndTime": "2019-01-26T15:17:00.000Z", "StartTime": "2019-01-19T15:17:00.000Z", "ViewItemURLForNaturalSearch": "https://www.ebay.com/itm/G-L-Legacy-Tribute-Guitar-/143096428976", "ListingType": "Chinese", "Location": "Chardon, Ohio", "PaymentMethods": ["PayPal"], "GalleryURL": "https://thumbs1.ebaystatic.com/pict/1430964289768080_1.jpg", "PictureURL": ["https://i.ebayimg.com/00/s/MTYwMFgxNjAw/z/~bYAAOSwvGZcMkLf/$_57.JPG?set_id=8800005007", "https://i.ebayimg.com/00/s/MTYwMFgxNjAw/z/uWAAAOSwIr5cMkL7/$_57.JPG?set_id=8800005007", "https://i.ebayimg.com/00/s/MTYwMFgxNjAw/z/mL0AAOSwEJ1cMkM8/$_57.JPG?set_id=8800005007", "https://i.ebayimg.com/00/s/MTYwMFgxNjAw/z/5-oAAOSwQhBcMkNe/$_57.JPG?set_id=8800005007", "https://i.ebayimg.com/00/s/MTYwMFgxNjAw/z/mRkAAOSwEJ1cMkN5/$_57.JPG?set_id=8800005007", "https://i.ebayimg.com/00/s/MTYwMFgxNjAw/z/6C8AAOSwQhBcMkOF/$_57.JPG?set_id=8800005007", "https://i.ebayimg.com/00/s/MTYwMFgxNjAw/z/rwAAAOSwO7dcMkOU/$_57.JPG?set_id=8800005007", "https://i.ebayimg.com/00/s/MTYwMFgxNjAw/z/JuUAAOSwIApcMkOf/$_57.JPG?set_id=8800005007", "https://i.ebayimg.com/00/s/MTYwMFgxNjAw/z/DDwAAOSwW~JcMkO4/$_57.JPG?set_id=8800005007", "https://i.ebayimg.com/00/s/MTYwMFgxNjAw/z/pM4AAOSwGD1cMkPF/$_57.JPG?set_id=8800005007", "https://i.ebayimg.com/00/s/MTQ4MVgxNDY4/z/HAoAAOSw5YlcMkRY/$_57.JPG?set_id=8800005007", "https://i.ebayimg.com/00/s/MTMzMVgxNTQ3/z/2TsAAOSwEUdcMkQQ/$_57.JPG?set_id=8800005007"], "PostalCode": "44024", "PrimaryCategoryID": "33034", "PrimaryCategoryName": "Musical Instruments & Gear:Guitars & Basses:Electric Guitars", "Quantity": 1, "Seller": {"UserID": "lucky_gump", "FeedbackRatingStar": "Turquoise", "FeedbackScore": 417, "PositiveFeedbackPercent": 100.0}, "BidCount": 34, "ConvertedCurrentPrice": {"Value": 338.0, "CurrencyID": "USD"}, "CurrentPrice": {"Value": 338.0, "CurrencyID": "USD"}, "HighBidder": {"UserID": "r***n", "FeedbackPrivate": false, "FeedbackRatingStar": "Turquoise", "FeedbackScore": 190}, "ListingStatus": "Completed", "QuantitySold": 1, "ShipToLocations": ["US", "CA", "GB", "DK", "RO", "SK", "BG", "CZ", "FI", "HU", "LV", "LT", "MT", "EE", "AU", "GR", "PT", "CY", "SI", "JP", "CN", "SE", "KR", "ID", "TW", "TH", "BE", "FR", "HK", "IE", "NL", "PL", "ES", "IT", "DE", "AT", "BS", "IL", "MX", "NZ", "SG", "CH", "NO", "SA", "UA", "AE", "QA", "KW", "BH", "HR", "MY", "CL", "CO", "CR", "DO", "PA", "TT", "GT", "SV", "HN", "JM", "AG", "AW", "BZ", "DM", "GD", "KN", "LC", "MS", "TC", "BB", "BD", "BM", "BN", "BO", "EG", "GF", "GG", "GI", "GP", "IS", "JE", "JO", "KH", "KY", "LI", "LK", "LU", "MC", "MO", "MQ", "MV", "NI", "OM", "PK", "PY", "RE"], "Site": "US", "TimeLeft": "PT0S", "Title": "G&L Legacy Tribute Guitar", "ItemSpecifics": {"NameValueList": [{"Name": "Brand", "Value": ["G&L"]}, {"Name": "Body Type", "Value": ["Solid"]}, {"Name": "Body Color", "Value": ["Cherry Burst"]}, {"Name": "Model", "Value": ["Legacy Tribute"]}, {"Name": "String Configuration", "Value": ["6 String"]}, {"Name": "Body Material", "Value": ["Ash"]}, {"Name": "Model Year", "Value": ["2004"]}, {"Name": "Modified Item", "Value": ["Yes"]}, {"Name": "Right-/ Left-Handed", "Value": ["Right-Handed"]}, {"Name": "Modification Description", "Value": ["Neck Replaced with modified G&L ASAT Tribute neck"]}, {"Name": "Country/Region of Manufacture", "Value": ["Indonesia"]}]}, "HitCount": 1240, "PrimaryCategoryIDPath": "619:3858:33034", "Country": "US", "ReturnPolicy": {"ReturnsAccepted": "ReturnsNotAccepted", "InternationalReturnsAccepted": "ReturnsNotAccepted"}, "MinimumToBid": {"Value": 343.0, "CurrencyID": "USD"}, "AutoPay": true, "PaymentAllowedSite": [], "IntegratedMerchantCreditCardEnabled": false, "HandlingTime": 1, "ConditionID": 3000, "ConditionDisplayName": "Used", "GlobalShipping": true, "ConditionDescription": "All components fully functional - no defects.", "QuantitySoldByPickupInStore": 0, "NewBestOffer": false}