{"BestOfferEnabled": false, "Description": "2007 GIBSON LES PAUL STANDARD UNBURST GUITAR OF THE WEEK 44 SPECIAL EDITION. 9 OUT OF 10 CONDITION, ALL ORIGINAL EXCEPT FOR UPGRADED TONEPROS TUNERS, WHICH LOOK, AND FIT EXACTLY LIKE THE ORIGINALS, JUST WORK MUCH BETTER. GUITAR HAS NO FRET WEAR AND VERY LITTLE PLAY TIME, COMES WITH A LIMITED PRODUCTION WHITE GIBSON USA HARD SHELL CASE. AND ALL CASE CANDY. GUITAR IS PERFECT EXCEPT FOR 3 PIN HEAD SIZE IMPRESSIONS ON THE TOP WHICH ARE NOT THROUGH THE FINISH. THE GUITAR WEIGHS 7&1/2 LBS. PLAYS GREAT WITH LOW ACTION AND NO BUZZ. THIS IS THE ONLY GIBSON WITH FACTORY INSTALLED DIMARZIO PAF PICKUPS! THE LATEST EDITION PAF\u2019s The all-time favorite Gibson model, the Les Paul Standard is recognized the world over as an icon for rock and roll. As Gibson\u2019s first solidbody electric guitar, the Les Paul model made a lasting impression when it debuted in 1952, and it continues to shape the sounds of popular music today. This sculpted, high power classic comes with an Unburst finish, rounded \u201950s neck, and double cream PAF-style Dimarzio pickups. Limited run of 400. 48 hour approval, buyer pays return shipping. satisfaction guaranteed, but not a 30 day return policy, 48 hour approval. Non-paying bidders are reported to eBay for a strike, no exceptions. So only bid if you can pay.", "ItemID": "153342670284", "EndTime": "2019-01-24T04:40:08.000Z", "StartTime": "2019-01-17T04:40:08.000Z", "ViewItemURLForNaturalSearch": "https://www.ebay.com/itm/2007-GIBSON-LES-PAUL-STANDARD-UN-BURST-GUITAR-WEEK-44-SPECIAL-EDITION-/153342670284", "ListingType": "Chinese", "Location": "White Plains, New York", "PaymentMethods": ["PayPal"], "GalleryURL": "https://thumbs1.ebaystatic.com/pict/1533426702848080_1.jpg", "PictureURL": ["https://i.ebayimg.com/00/s/MTA1NlgxNTk5/z/qgMAAOSwH2VcNjmS/$_57.JPG?set_id=8800005007", "https://i.ebayimg.com/00/s/MTU5OVgxMTE1/z/~lIAAOSwaPNcNjmW/$_57.JPG?set_id=8800005007", "https://i.ebayimg.com/00/s/MTE1MVgxNTk5/z/r8gAAOSwO-hcNjl-/$_57.JPG?set_id=8800005007", "https://i.ebayimg.com/00/s/MTQzOFgxNjAw/z/JRAAAOSw~8JcNjmC/$_57.JPG?set_id=8800005007", "https://i.ebayimg.com/00/s/MTQ2NVgxNjAw/z/zgUAAOSwgfRcNjmG/$_57.JPG?set_id=8800005007", "https://i.ebayimg.com/00/s/MTI0OVgxNjAw/z/104AAOSwADxcNjmO/$_57.JPG?set_id=8800005007", "https://i.ebayimg.com/00/s/MTYwMFgxNTg4/z/uHAAAOSwVAtcNjl7/$_57.JPG?set_id=8800005007", "https://i.ebayimg.com/00/s/MTMxM1gxNjAw/z/4GMAAOSwpLdcNjmJ/$_57.JPG?set_id=8800005007", "https://i.ebayimg.com/00/s/MTMwM1g5MDA=/z/PUUAAOSwveFcNjmw/$_57.JPG?set_id=8800005007", "https://i.ebayimg.com/00/s/MTA1MFgzODA=/z/0oIAAOSwUVFcNjnz/$_57.JPG?set_id=8800005007", "https://i.ebayimg.com/00/s/MTYwMFgxMjAw/z/qqgAAOSwnh5cNjrK/$_12.JPG?set_id=880000500F", "https://i.ebayimg.com/00/s/MTYwMFgxMjAw/z/kPgAAOSw6CRcNjrM/$_12.JPG?set_id=880000500F"], "PostalCode": "10607", "PrimaryCategoryID": "33034", "PrimaryCategoryName": "Musical Instruments & Gear:Guitars & Basses:Electric Guitars", "Quantity": 1, "Seller": {"UserID": "retroaxe", "FeedbackRatingStar": "Green", "FeedbackScore": 5319, "PositiveFeedbackPercent": 100.0}, "BidCount": 4, "ConvertedCurrentPrice": {"Value": 1926.0, "CurrencyID": "USD"}, "CurrentPrice": {"Value": 1926.0, "CurrencyID": "USD"}, "HighBidder": {"UserID": "1***1", "FeedbackPrivate": false, "FeedbackRatingStar": "None", "FeedbackScore": 1}, "ListingStatus": "Completed", "QuantitySold": 1, "ShipToLocations": ["US"], "Site": "US", "TimeLeft": "PT0S", "Title": "2007 GIBSON LES PAUL STANDARD UN-BURST GUITAR OF THE WEEK 44 SPECIAL EDITION", "ItemSpecifics": {"NameValueList": [{"Name": "Brand", "Value": ["Gibson"]}, {"Name": "MPN", "Value": ["LP"]}]}, "HitCount": 530, "PrimaryCategoryIDPath": "619:3858:33034", "Country": "US", "ReturnPolicy": {"Refund": "Money Back", "ReturnsWithin": "30 Days", "ReturnsAccepted": "Returns Accepted", "ShippingCostPaidBy": "Buyer", "InternationalReturnsAccepted": "ReturnsNotAccepted"}, "MinimumToBid": {"Value": 1951.0, "CurrencyID": "USD"}, "AutoPay": false, "PaymentAllowedSite": [], "IntegratedMerchantCreditCardEnabled": false, "HandlingTime": 2, "ConditionID": 3000, "ConditionDisplayName": "Used", "GlobalShipping": false, "ConditionDescription": "9 OUT OF 10 CONDITION, NO FRET WEAR, LOW PLAY TIME, INCLUDES LIMITED EDITION WHITE GIBSON USA HARD SHELL CASE AMD ALL CASE CANDY. THREE PIN HEAD SIZE IMPRESSIONS ON THE TOP, NOT THROUGH THE FINISH.", "QuantitySoldByPickupInStore": 0, "NewBestOffer": false}