{"BestOfferEnabled": false, "Description": "EPIPHONE INSPIRED BY \"1966\" CENTURY ARCHTOP WITH P-90. Condition is Used. Mint condition. US shipping only. Epiphone presents the new Inspired by \u201c1966\u201d Century electric guitar, a faithful reissue of the classic thinline all-hollowbody archtop featuring the new Epiphone P-90 PRO\u2122 single-coil pickup. The \u201c1966\u201d Century is available in both a Cherry and Vintage Sunburst Aged Gloss Finish. Historic Epiphone Century Story In Epiphone history, the \u201cCentury\u201d name goes all the way back to the 1930s big band era, when the \u201cHouse of Stathopoulo\u201d was making some of the best archtops ever made. And when Epiphone merged with Gibson and moved its productions to Kalamazoo, Michigan in 1957, the Century was reborn as a popular thinline archtop, similar to a Casino or a \u201c335\u201d but with a slightly smaller body and a single P-90 pickup. Specs: Finish: Aged Gloss Hardware: Aged Nickel Top: Laminated Maple Body: Laminated Maple Neck: Mahogany Neck Profile: Rounded \"C\" shape Pickup: Epiphone P-90 PRO\u2122 Control: Master Volume & Master Tone Output Jack: 1/4\" Truss Rod: Dual-Action Truss Rod Cover: Black PVC \"Bullet\"; 2-layer; Vintage \"E\" in White Neck Joint: Glued-In Fingerboard: Rosewood Fingerboard Inly: Pearloid \"Dots\" Headstock: Historic Sloped Dovewing with gold \"Epiphone\" logo Machine Heads: Wilkinson\u00ae Vintage 3-in-a-row with plastic Ivory buttons; 14:1 ratio Frets: 20; Medium Nut: Nylon Nut Width: 1.65\" (42mm) Scale Length: 25.5\" Strings: D'Addario; 10-46 Bridge: Floating Adjustable; Rosewood Tailpiece: Historic Epiphone Trapeze Binding: Body Top - 1-Layer Body Back \u2013 1-Layer Fingerboard \u2013 None Headstock - None \"F\" holes - NonePickguard: White PVC with foil \"E\"; 3-layer (White/Black/White)", "ItemID": "273664496120", "EndTime": "2019-01-26T18:30:01.000Z", "StartTime": "2019-01-19T18:30:01.000Z", "ViewItemURLForNaturalSearch": "https://www.ebay.com/itm/EPIPHONE-INSPIRED-1966-CENTURY-ARCHTOP-P-90-/273664496120", "ListingType": "Chinese", "Location": "Worcester, Massachusetts", "PaymentMethods": ["PayPal"], "GalleryURL": "https://thumbs1.ebaystatic.com/pict/2736644961208080_1.jpg", "PictureURL": ["https://i.ebayimg.com/00/s/MTYwMFgxMjAw/z/7K8AAOSw2fRcQ2CF/$_12.JPG?set_id=880000500F", "https://i.ebayimg.com/00/s/MTYwMFgxMjAw/z/7M8AAOSw2fRcQ2Cc/$_12.JPG?set_id=880000500F", "https://i.ebayimg.com/00/s/MTYwMFgxMjAw/z/4wYAAOSwb-1cQ2CN/$_12.JPG?set_id=880000500F", "https://i.ebayimg.com/00/s/MTYwMFgxMjAw/z/TKUAAOSwydZcQ2CY/$_12.JPG?set_id=880000500F", "https://i.ebayimg.com/00/s/MTYwMFgxMjAw/z/26MAAOSwv0dcQ2CA/$_12.JPG?set_id=880000500F", "https://i.ebayimg.com/00/s/MTYwMFgxMjAw/z/WTEAAOSwMKVcQ2Cr/$_12.JPG?set_id=880000500F", "https://i.ebayimg.com/00/s/MTYwMFgxMjAw/z/a2AAAOSwMlNcQ2CR/$_12.JPG?set_id=880000500F", "https://i.ebayimg.com/00/s/MTYwMFgxMjAw/z/uIwAAOSwVXdcQ2CV/$_12.JPG?set_id=880000500F", "https://i.ebayimg.com/00/s/MTYwMFgxMjAw/z/KgwAAOSwVsRcQ2Cv/$_12.JPG?set_id=880000500F", "https://i.ebayimg.com/00/s/MTYwMFgxMjAw/z/vVcAAOSwLgpcQ2Cg/$_12.JPG?set_id=880000500F", "https://i.ebayimg.com/00/s/MTYwMFgxMjAw/z/6usAAOSwm-FcQ2Ck/$_12.JPG?set_id=880000500F", "https://i.ebayimg.com/00/s/MTYwMFgxMjAw/z/LtoAAOSwEcdcQ2CI/$_12.JPG?set_id=880000500F"], "PostalCode": "01608", "PrimaryCategoryID": "33034", "PrimaryCategoryName": "Musical Instruments & Gear:Guitars & Basses:Electric Guitars", "Quantity": 1, "Seller": {"UserID": "pipes330133", "FeedbackRatingStar": "Yellow", "FeedbackScore": 40, "PositiveFeedbackPercent": 100.0}, "BidCount": 1, "ConvertedCurrentPrice": {"Value": 300.0, "CurrencyID": "USD"}, "CurrentPrice": {"Value": 300.0, "CurrencyID": "USD"}, "HighBidder": {"UserID": "3***i", "FeedbackPrivate": false, "FeedbackRatingStar": "Purple", "FeedbackScore": 516}, "ListingStatus": "Completed", "QuantitySold": 1, "ShipToLocations": ["US"], "Site": "US", "TimeLeft": "PT0S", "Title": "EPIPHONE INSPIRED BY \"1966\" CENTURY ARCHTOP WITH P-90", "ItemSpecifics": {"NameValueList": [{"Name": "Body Material", "Value": ["Laminate Maple"]}, {"Name": "Brand", "Value": ["Epiphone"]}, {"Name": "Model Year", "Value": ["2018"]}, {"Name": "Model", "Value": ["Inspired by \"1966\" Century"]}, {"Name": "String Configuration", "Value": ["6 String"]}, {"Name": "Right-/ Left-Handed", "Value": ["Right-Handed"]}, {"Name": "Soundboard Style", "Value": ["Archtop"]}, {"Name": "Country/Region of Manufacture", "Value": ["China"]}, {"Name": "Body Type", "Value": ["Hollow"]}, {"Name": "MPN", "Value": ["Does Not Apply"]}, {"Name": "Body Color", "Value": ["Matte Vintage Sunburst"]}, {"Name": "Dexterity", "Value": ["Right-Handed"]}, {"Name": "Size", "Value": ["Full Size"]}]}, "HitCount": 111, "PrimaryCategoryIDPath": "619:3858:33034", "Country": "US", "ReturnPolicy": {"ReturnsAccepted": "ReturnsNotAccepted"}, "MinimumToBid": {"Value": 305.0, "CurrencyID": "USD"}, "AutoPay": true, "PaymentAllowedSite": [], "IntegratedMerchantCreditCardEnabled": false, "HandlingTime": 3, "ConditionID": 3000, "ConditionDisplayName": "Used", "GlobalShipping": false, "QuantitySoldByPickupInStore": 0, "NewBestOffer": false}