{"BestOfferEnabled": false, "Description": "1980's Guild X-79 This is a solid bodied and neck guitar with an ebony fingerboard. Recently set up and gone over, this guitar plays perfectly. Full 24 fret neck and body design make it easy to play in the upper register. Because of the body shape the guitar is super light, you can play it all night long. All original from the pickups, hardware, electronics and paint (I think it's Candy Apple Red). Fret's have plenty of life left on them and the neck is super fast to play. You can see from the pictures the paint has seen a better days. But considering the age, the finish has held up for the most part. There is chips and scratches in the finish as well. Play it as is and enjoy or refinish an restore it to factory original condition, either way this guitar is a blast to play. No case or gig bag. I do have this Guild for sell on two other sites. Please feel free to message for Info or ask any questions.", "ItemID": "254080817454", "EndTime": "2019-01-25T21:11:28.000Z", "StartTime": "2019-01-18T21:11:28.000Z", "ViewItemURLForNaturalSearch": "https://www.ebay.com/itm/1980s-Guild-X-79-/254080817454", "ListingType": "Chinese", "Location": "Chandler, Arizona", "PaymentMethods": ["PayPal"], "GalleryURL": "https://thumbs3.ebaystatic.com/pict/2540808174548080_1.jpg", "PictureURL": ["https://i.ebayimg.com/00/s/MTYwMFgxMjAw/z/fKEAAOSwPDlcQj0u/$_32.JPG?set_id=880000500F", "https://i.ebayimg.com/00/s/MTIwMFgxNjAw/z/E0kAAOSwK9ZcQj1D/$_32.JPG?set_id=880000500F", "https://i.ebayimg.com/00/s/MTIwMFgxNjAw/z/XgkAAOSwuvpcQj1L/$_32.JPG?set_id=880000500F", "https://i.ebayimg.com/00/s/MTYwMFgxMjAw/z/~8gAAOSwWdNcQj1X/$_32.JPG?set_id=880000500F", "https://i.ebayimg.com/00/s/MTIwMFgxNjAw/z/-cwAAOSw7OdcQj1h/$_32.JPG?set_id=880000500F", "https://i.ebayimg.com/00/s/MTIwMFgxNjAw/z/8HsAAOSwckVcQj1p/$_32.JPG?set_id=880000500F"], "PostalCode": "85249", "PrimaryCategoryID": "33034", "PrimaryCategoryName": "Musical Instruments & Gear:Guitars & Basses:Electric Guitars", "Quantity": 1, "Seller": {"UserID": "garciah5sg", "FeedbackRatingStar": "Red", "FeedbackScore": 1053, "PositiveFeedbackPercent": 100.0}, "BidCount": 1, "ConvertedCurrentPrice": {"Value": 434.0, "CurrencyID": "USD"}, "CurrentPrice": {"Value": 434.0, "CurrencyID": "USD"}, "HighBidder": {"UserID": "l***c", "FeedbackPrivate": false, "FeedbackRatingStar": "Red", "FeedbackScore": 1300}, "ListingStatus": "Completed", "QuantitySold": 1, "ShipToLocations": ["US", "CA", "GB", "DK", "RO", "SK", "BG", "CZ", "FI", "HU", "LV", "LT", "MT", "EE", "AU", "GR", "PT", "CY", "SI", "JP", "CN", "SE", "KR", "ID", "TW", "TH", "BE", "FR", "HK", "IE", "NL", "PL", "ES", "IT", "DE", "AT", "BS", "IL", "MX", "NZ", "SG", "CH", "NO", "SA", "UA", "AE", "QA", "KW", "BH", "HR", "MY", "CL", "CO", "CR", "PA", "TT", "GT", "HN", "JM", "AG", "AW", "BZ", "DM", "GD", "KN", "LC", "MS", "TC", "BB", "BD", "BM", "BN", "BO", "EG", "GF", "GG", "GI", "GP", "IS", "JE", "JO", "KH", "KY", "LI", "LK", "LU", "MC", "MO", "MQ", "MV", "NI", "OM", "PK", "PY", "RE"], "Site": "US", "TimeLeft": "PT0S", "Title": "1980's Guild\u00a0 X-79\u00a0", "ItemSpecifics": {"NameValueList": [{"Name": "Body Material", "Value": ["Solid Wood"]}, {"Name": "Brand", "Value": ["Guild"]}, {"Name": "Model Year", "Value": ["1980&#39;s"]}, {"Name": "String Configuration", "Value": ["6 String"]}, {"Name": "Model", "Value": ["Sky Hawk X-79"]}, {"Name": "Body Type", "Value": ["Solid"]}, {"Name": "Body Color", "Value": ["Candy Apple Red"]}, {"Name": "Dexterity", "Value": ["Right-Handed"]}]}, "HitCount": 192, "PrimaryCategoryIDPath": "619:3858:33034", "Country": "US", "ReturnPolicy": {"ReturnsAccepted": "ReturnsNotAccepted"}, "MinimumToBid": {"Value": 439.0, "CurrencyID": "USD"}, "AutoPay": false, "PaymentAllowedSite": [], "IntegratedMerchantCreditCardEnabled": false, "HandlingTime": 3, "ConditionID": 3000, "ConditionDisplayName": "Used", "GlobalShipping": true, "QuantitySoldByPickupInStore": 0, "NewBestOffer": false}