{"BestOfferEnabled": false, "Description": "You are bidding on this : Brand : Fender Item Description: Stratocaster Highway One. Hot Rodded & Molded. High octane Alnico pickups, satin Nitro finish, Huge frets. Dark red color. Super Bullet Strings. Condition: Used. Light general wear. Starting to peel on one corner(see photo). NO gouges or nicks. Comes with case. Case has wear to front pocket. Straight neck. Size: 22 frets7.8 Lbs. Product#: 0073074000 Serial #: Z6249189 We are required to use UPC codes and they may be wrong. Your bidding on what we have in our description Not the upc specs We will do our best to make sure you're given the best customer service as possible. If there is a problem Please contact us before you leave feedback. Thank you... ALOT OF ITEMS WE SELL ARE USED. Images directly above are of the actual item . Also please view all of the photos and if there is a discrepancy between the description and the photos, the photos are the overriding factor (i.e. description may say good condition but photo may show a chip or flaw). Return Policy We will ONLY accept return of the goods up for auction only if They are not as described in this listing. You will be responsible for all return shipping. You must also contact us within 1 day of receiving the item or a refund will not be granted. The goods will be inspected upon return and a refund will sent after we inspect the item. NO Refunds for undamaged items or you changed your mind after the purchase. Please email us with questions prior to purchases. We are open Mon - Fri 10:00 AM to 5:00 PM Est Time Cash Exchange IS NOT THE OWNER OR SELLER OF THESE GOODS, BUT IS A BAILLIE ACTING ON BEHALF OF THE SELLER TO FACILITATE THE SALE OF THE GOODS BY HOLDING THE GOODS UNTIL SUCH TIME AS A SALE IS COMPLETED AND THE GOODS ARE SHIPPED TO THE BUYER OR OTHERWISE DELIVERED TO THE BUYER. ALL ITEMS ARE OFFERED \"AS IS\" WITH NO WARRANTY, EITHER EXPRESS OR IMPLIED, STATUTORY OR OTHERWISE PERTAINING TO THE MERCHANTABILITY OR FITNESS FOR ANY PARTICULAR PURPOSE OF ANY GOODS OFFERED IN THIS SALE.", "ItemID": "233088975108", "EndTime": "2019-01-25T00:30:09.000Z", "StartTime": "2019-01-18T00:30:09.000Z", "ViewItemURLForNaturalSearch": "https://www.ebay.com/itm/Fender-Stratocaster-Electric-Guitar-Highway-One-W-Case-/233088975108", "ListingType": "Chinese", "Location": "Clinton Township, Michigan", "PaymentMethods": ["PayPal"], "GalleryURL": "https://thumbs1.ebaystatic.com/pict/2330889751088080_1.jpg", "PictureURL": ["https://i.ebayimg.com/00/s/MTYwMFgxMDY2/z/HdoAAOSwUWtcN4gu/$_57.JPG?set_id=8800005007", "https://i.ebayimg.com/00/s/MTYwMFgxMDY2/z/Lo0AAOSwEwhcN4g4/$_57.JPG?set_id=8800005007", "https://i.ebayimg.com/00/s/MTA2NlgxNjAw/z/YtIAAOSwH1pcN4W7/$_57.JPG?set_id=8800005007", "https://i.ebayimg.com/00/s/MTA2NlgxNjAw/z/VTEAAOSwXnxcN4W-/$_57.JPG?set_id=8800005007", "https://i.ebayimg.com/00/s/MTA2NlgxNjAw/z/Sx4AAOSwBMpcN4XA/$_57.JPG?set_id=8800005007", "https://i.ebayimg.com/00/s/MTA2NlgxNjAw/z/bpoAAOSwEqVcN4XC/$_57.JPG?set_id=8800005007", "https://i.ebayimg.com/00/s/MTYwMFgxMDY2/z/ek0AAOSwOWdcN4hH/$_57.JPG?set_id=8800005007", "https://i.ebayimg.com/00/s/MTYwMFgxMDY2/z/pncAAOSwmE5cN4hO/$_57.JPG?set_id=8800005007", "https://i.ebayimg.com/00/s/MTA2NlgxNjAw/z/CRQAAOSwtaBcN4XJ/$_57.JPG?set_id=8800005007", "https://i.ebayimg.com/00/s/MTA2NlgxNjAw/z/MrgAAOSw0vJcN4XL/$_57.JPG?set_id=8800005007", "https://i.ebayimg.com/00/s/MTA2NlgxNjAw/z/aWIAAOSwoZJcN4XM/$_57.JPG?set_id=8800005007", "https://i.ebayimg.com/00/s/MTYwMFgxMDY2/z/ZfAAAOSwsGpcN4hj/$_57.JPG?set_id=8800005007"], "PostalCode": "48035", "PrimaryCategoryID": "33034", "PrimaryCategoryName": "Musical Instruments & Gear:Guitars & Basses:Electric Guitars", "Quantity": 1, "Seller": {"UserID": "allamericancashexchange", "FeedbackRatingStar": "YellowShooting", "FeedbackScore": 20715, "PositiveFeedbackPercent": 99.4, "TopRatedSeller": true}, "BidCount": 8, "ConvertedCurrentPrice": {"Value": 582.52, "CurrencyID": "USD"}, "CurrentPrice": {"Value": 582.52, "CurrencyID": "USD"}, "HighBidder": {"UserID": "p***g", "FeedbackPrivate": false, "FeedbackRatingStar": "Yellow", "FeedbackScore": 39}, "ListingStatus": "Completed", "QuantitySold": 1, "ShipToLocations": ["US"], "Site": "US", "TimeLeft": "PT0S", "Title": "Fender Stratocaster Electric Guitar Highway One W/ Case ", "ItemSpecifics": {"NameValueList": [{"Name": "Brand", "Value": ["Fender"]}, {"Name": "Model", "Value": ["Stratocaster Highway One"]}, {"Name": "MPN", "Value": ["Does Not Apply"]}]}, "HitCount": 402, "PrimaryCategoryIDPath": "619:3858:33034", "Storefront": {"StoreURL": "https://stores.ebay.com/id=16799207", "StoreName": "ALLAMERICANCASHEXCHANGE"}, "Country": "US", "ReturnPolicy": {"ReturnsAccepted": "ReturnsNotAccepted", "InternationalReturnsAccepted": "ReturnsNotAccepted"}, "MinimumToBid": {"Value": 592.52, "CurrencyID": "USD"}, "AutoPay": false, "PaymentAllowedSite": [], "IntegratedMerchantCreditCardEnabled": false, "HandlingTime": 2, "ConditionID": 3000, "ConditionDisplayName": "Used", "ExcludeShipToLocation": ["US Protectorates", "APO/FPO", "Africa", "Asia", "Central America and Caribbean", "Europe", "Middle East", "North America", "Oceania", "Southeast Asia", "South America"], "GlobalShipping": false, "QuantitySoldByPickupInStore": 0, "NewBestOffer": false}