{"BestOfferEnabled": false, "Description": "You are bidding on a 2011 Gibson Les Paul Studio Black Electric Guitar With 22 Fret Neck With Trapezoid Inlay , Seymour Duncan Humbuker Neck & Bridge Pickups , Gibson Deluxe Tuners ,Chrome Tune O Matic Bridge With Tailpiece , Black Pickguard & Toggle Switch Comes exactly as pictured with some scratches, dings,nothing major this has been tested and .Still in good playing shape and electronics are in good working condition , Please check out all pictures for condition and just in case I missed something in the description. Not included case. Shipping $ 40.00 Rules and Condition of Sale: PLEASE READ!Please note almost all items for sale were purchased used in our store . We try to describe them to the best of our knowledge .Mostly all items are used unless described as new. All items described as sold as is we be clearly stated in our auction and their will be no returns on these items labeled AS IS.Return shipping will be paid by the buyer. We accept the following forms of Payment - Paypal. Foreign bidders need to request permission before bidding. For AK, HI, PR, APO Boxes and other non-continental US residents \u2013 Shipping will be MORE than quoted in the auction so please email before sending payment if you win our auction.Pickups are welcome, fee will be charged. IF CASH IS USED ON ITEMS THAT ARE PICKED UP IN PERSON, there will be NO 3% fee for pickups. Ca sales tax 7.75%. Serious bidders only. Thank you for being interested in our items. Good Luck.", "ItemID": "223330234950", "EndTime": "2019-01-25T02:00:58.000Z", "StartTime": "2019-01-18T02:00:58.000Z", "ViewItemURLForNaturalSearch": "https://www.ebay.com/itm/2011-Gibson-Les-Paul-Studio-Black-Electric-Guitar-Seymour-Duncan-Pickups-RH-/223330234950", "ListingType": "Chinese", "Location": "Costa Mesa, California", "PaymentMethods": ["PayPal"], "GalleryURL": "https://thumbs3.ebaystatic.com/pict/2233302349508080_2.jpg", "PictureURL": ["https://i.ebayimg.com/00/s/MTYwMFgxMjAw/z/orAAAOSwzExcQN6a/$_57.JPG?set_id=8800005007", "https://i.ebayimg.com/00/s/MTYwMFgxMjAw/z/0EkAAOSw-sVcQNnn/$_57.JPG?set_id=8800005007", "https://i.ebayimg.com/00/s/MTIwMFgxNjAw/z/-uYAAOSwxHlcQNnf/$_57.JPG?set_id=8800005007", "https://i.ebayimg.com/00/s/MTYwMFgxMjAw/z/FR0AAOSwdaVcQNoG/$_57.JPG?set_id=8800005007", "https://i.ebayimg.com/00/s/MTIwMFgxNjAw/z/5QIAAOSw1BtcQNnn/$_57.JPG?set_id=8800005007", "https://i.ebayimg.com/00/s/MTIwMFgxNjAw/z/eGoAAOSwdwVcQNnq/$_57.JPG?set_id=8800005007", "https://i.ebayimg.com/00/s/MTIwMFgxNjAw/z/PiEAAOSw9m5cQNns/$_57.JPG?set_id=8800005007", "https://i.ebayimg.com/00/s/MTIwMFgxNjAw/z/3osAAOSwXyBcQNnw/$_57.JPG?set_id=8800005007", "https://i.ebayimg.com/00/s/MTIwMFgxNjAw/z/QfQAAOSwna5cQNnz/$_57.JPG?set_id=8800005007", "https://i.ebayimg.com/00/s/MTYwMFgxMjAw/z/b2EAAOSwVoNcQN7j/$_57.JPG?set_id=8800005007", "https://i.ebayimg.com/00/s/MTIwMFgxNjAw/z/mHYAAOSwlLlcQN7v/$_57.JPG?set_id=8800005007", "https://i.ebayimg.com/00/s/MTIwMFgxNjAw/z/Vx4AAOSwhH1cQN8H/$_57.JPG?set_id=8800005007"], "PostalCode": "92627", "PrimaryCategoryID": "33034", "PrimaryCategoryName": "Musical Instruments & Gear:Guitars & Basses:Electric Guitars", "Quantity": 1, "Seller": {"UserID": "outopawn", "FeedbackRatingStar": "YellowShooting", "FeedbackScore": 20449, "PositiveFeedbackPercent": 99.0, "TopRatedSeller": true}, "BidCount": 60, "ConvertedCurrentPrice": {"Value": 511.88, "CurrencyID": "USD"}, "CurrentPrice": {"Value": 511.88, "CurrencyID": "USD"}, "HighBidder": {"UserID": "1***a", "FeedbackPrivate": false, "FeedbackRatingStar": "Turquoise", "FeedbackScore": 138}, "ListingStatus": "Completed", "QuantitySold": 1, "ShipToLocations": ["US", "CA", "GB", "DK", "RO", "SK", "BG", "CZ", "FI", "HU", "LV", "LT", "MT", "EE", "GR", "PT", "CY", "SI", "JP", "CN", "SE", "KR", "ID", "TW", "TH", "BE", "FR", "HK", "IE", "NL", "PL", "ES", "IT", "DE", "AT", "SG", "CH", "NO", "UA", "HR", "MY", "CL", "CO", "BD", "BM", "BN", "BO", "GF", "GG", "GI", "IS", "JE", "KH", "LI", "LK", "LU", "MC", "MO", "MV", "PK", "PY"], "Site": "US", "TimeLeft": "PT0S", "Title": "2011 Gibson Les Paul Studio Black Electric Guitar With Seymour Duncan Pickups RH", "ItemSpecifics": {"NameValueList": [{"Name": "Brand", "Value": ["Gibson"]}, {"Name": "Body Color", "Value": ["Black"]}, {"Name": "MPN", "Value": ["Does Not Apply"]}, {"Name": "Product Line", "Value": ["Gibson Les Paul"]}, {"Name": "Model", "Value": ["Les Paul Studio"]}, {"Name": "Model Year", "Value": ["2011"]}]}, "HitCount": 1641, "PrimaryCategoryIDPath": "619:3858:33034", "Storefront": {"StoreURL": "https://stores.ebay.com/id=1902438", "StoreName": "outopawn96"}, "Country": "US", "ReturnPolicy": {"Refund": "Money Back", "ReturnsWithin": "30 Days", "ReturnsAccepted": "Returns Accepted", "ShippingCostPaidBy": "Buyer", "InternationalReturnsAccepted": "ReturnsNotAccepted"}, "MinimumToBid": {"Value": 521.88, "CurrencyID": "USD"}, "AutoPay": false, "PaymentAllowedSite": [], "IntegratedMerchantCreditCardEnabled": false, "HandlingTime": 1, "ConditionID": 3000, "ConditionDisplayName": "Used", "ExcludeShipToLocation": ["Africa", "Central America and Caribbean", "Middle East", "Oceania", "MX", "PM"], "GlobalShipping": true, "QuantitySoldByPickupInStore": 0, "NewBestOffer": false}