{"BestOfferEnabled": false, "Description": "Up for auction is a used Fender Modern Player Telecaster Plus in great condition (see pics). Amazing sounding tele. Has a humbucker in the bridge position. Very versatile guitar. Lots of tone options. Plays like a dream. Great action, straight neck, volume, tone knob, and switch works great. Guitar in my opinion is very underrated. Ask me any questions if you like. Hate to sell it, but time for a change. Good luck. No international shipping. Shipping to the USA only Series: Modern PlayerBody Shape: TelecasterBody Material: PineBody Finish: Gloss PolyesterNeck: Maple, \"C\" ShapeNeck Finish: Gloss Polyester Fretboard: Maple Fretboard Radius: 9.5\" (24.1 cm)Frets: 22, JumboScale Length: 25.5\" (64.8 cm)Nut Width: 1.650\" (42 mm)String Nut: Synthetic BonePickups: Modern Player Humbucking Pickup (Bridge) Modern Player Strat Pickup (Middle) Modern Player Tele Pickup (Neck)Pickup Switching: 5-Position Blade: Position 1. Bridge Pickup, Position 2. Bridge and Middle Pickup, Position 3. Middle Pickup, Position 4. Middle and Neck Pickup, Position 5. Neck PickupAux Switching: Mini-Toggle Rear Coil Selector SwitchControls: Master Volume, Master ToneHardware: Nickel/ChromeTuning Keys: Vintage Style Tuning MachinesBridge: Vintage Style 6-Saddle Strings-Thru-Body Hardtail BridgeControl Knobs: Knurled Chrome DomePickguard: 3-Ply Black/White/BlackStrings: Fender USA, NPS, (.009-.042 Gauges)", "ItemID": "183644235882", "EndTime": "2019-01-25T01:30:01.000Z", "StartTime": "2019-01-20T01:30:01.000Z", "ViewItemURLForNaturalSearch": "https://www.ebay.com/itm/Fender-Modern-Player-Telecaster-Plus-Electric-Guitar-/183644235882", "ListingType": "Chinese", "Location": "Suffolk, Virginia", "PaymentMethods": ["PayPal"], "GalleryURL": "https://thumbs3.ebaystatic.com/pict/1836442358828080_1.jpg", "PictureURL": ["https://i.ebayimg.com/00/s/MTYwMFg5MDA=/z/FnQAAOSwyshcQ8XI/$_32.JPG?set_id=880000500F", "https://i.ebayimg.com/00/s/MTYwMFg5MDA=/z/lRYAAOSwaJ9cQ8XS/$_32.JPG?set_id=880000500F", "https://i.ebayimg.com/00/s/MTIwMFgxNjAw/z/czoAAOSwKV9cQ8Xf/$_32.JPG?set_id=880000500F", "https://i.ebayimg.com/00/s/MTIwMFgxNjAw/z/QQgAAOSwEKxcQ8X4/$_32.JPG?set_id=880000500F", "https://i.ebayimg.com/00/s/MTIwMFgxNjAw/z/Jh0AAOSwYwxcQ8YF/$_32.JPG?set_id=880000500F"], "PostalCode": "23437", "PrimaryCategoryID": "33034", "PrimaryCategoryName": "Musical Instruments & Gear:Guitars & Basses:Electric Guitars", "Quantity": 1, "Seller": {"UserID": "canis_major611", "FeedbackRatingStar": "Purple", "FeedbackScore": 847, "PositiveFeedbackPercent": 100.0}, "BidCount": 3, "ConvertedCurrentPrice": {"Value": 335.0, "CurrencyID": "USD"}, "CurrentPrice": {"Value": 335.0, "CurrencyID": "USD"}, "HighBidder": {"UserID": "g***m", "FeedbackPrivate": false, "FeedbackRatingStar": "Turquoise", "FeedbackScore": 377}, "ListingStatus": "Completed", "QuantitySold": 1, "ShipToLocations": ["US", "CA", "GB", "DK", "RO", "SK", "BG", "CZ", "FI", "HU", "LV", "LT", "MT", "EE", "AU", "GR", "PT", "CY", "SI", "JP", "CN", "SE", "KR", "ID", "TW", "TH", "BE", "FR", "HK", "IE", "NL", "PL", "ES", "IT", "DE", "AT", "BS", "IL", "MX", "NZ", "SG", "CH", "NO", "SA", "UA", "AE", "QA", "KW", "BH", "HR", "MY", "CL", "CO", "CR", "PA", "TT", "GT", "HN", "JM", "AG", "AW", "BZ", "DM", "GD", "KN", "LC", "MS", "TC", "BB", "BD", "BM", "BN", "BO", "EG", "GF", "GG", "GI", "GP", "IS", "JE", "JO", "KH", "KY", "LI", "LK", "LU", "MC", "MO", "MQ", "MV", "NI", "OM", "PK", "PY", "RE"], "Site": "US", "TimeLeft": "PT0S", "Title": "Fender Modern Player Telecaster Plus Electric Guitar", "ItemSpecifics": {"NameValueList": [{"Name": "Body Material", "Value": ["Pine"]}, {"Name": "Product Line", "Value": ["Fender"]}, {"Name": "Model Year", "Value": ["2017"]}, {"Name": "Modified Item", "Value": ["No"]}, {"Name": "Right-/ Left-Handed", "Value": ["Right-Handed"]}, {"Name": "Country/Region of Manufacture", "Value": ["China"]}, {"Name": "Body Color", "Value": ["Transparent Charcoal"]}, {"Name": "Body Type", "Value": ["Solid"]}, {"Name": "Brand", "Value": ["Fender"]}, {"Name": "Model", "Value": ["Modern Player Telecaster Plus"]}, {"Name": "String Configuration", "Value": ["6 String"]}, {"Name": "MPN", "Value": ["241102542"]}]}, "HitCount": 398, "PrimaryCategoryIDPath": "619:3858:33034", "Country": "US", "ReturnPolicy": {"ReturnsAccepted": "ReturnsNotAccepted"}, "MinimumToBid": {"Value": 340.0, "CurrencyID": "USD"}, "ProductID": {"Value": "131648696", "Type": "Reference"}, "AutoPay": false, "PaymentAllowedSite": [], "IntegratedMerchantCreditCardEnabled": false, "HandlingTime": 3, "ConditionID": 3000, "ConditionDisplayName": "Used", "GlobalShipping": true, "QuantitySoldByPickupInStore": 0, "NewBestOffer": false}