{"BestOfferEnabled": false, "Description": "RELISTED BECAUSE OF NON-PAYING BUGGER!AS DESCRIBED IN THE CONDITION REPORTA BEAUTIFUL VINTAGE VERY EARLY 1950'S JAZZ-GUITAR.ALL SOLID WOOD MAPLE BODY. SOLID CARVED OR PRESSED TOP,SOLID BACK AND SIDES.VARIABLE THICKNESS OF THE TOP POINTS TO CARVING. OBVIOUSLY HANDMADE WITH BEAUTIFUL SPARKLING JAZZY TONE AND A LOT OF BANG!VERY GOOD FOR JAZZ,BLUES,JUMP-BLUES,ROCK A BILLY ETC.THIS OLD SOLID WOOD GUITARS SOUND MUCH BETTER THEN THE MORE COMMON LATER LAMINATED ARCHTOP GUITARS.THE GUITAR IS IN GOOD CONDITION WITH NO ISSUES.GOOD COMFORTABLE NECK.CLEAN FRETBOARD,POSSIBLY REPLACED AT SOME STAGE,GOOD FRETS, LOW ACTION.VERY PLAYABLE.REFINISHED,UPGRADED TUNERS AND BRIDGE,NO PICK-GUARD.NO FANCY LOOKS,BUT A GOOD,RELIABLE WORKHORSE,WITH A GREAT VINTAGE TONE WHICH CAN ONLY COME FROM OLD,SOLID WOOD GUITARSI BOUGHT IT IN EUROPE AND USED IT FOR GIGS.LOVELY.FROM MY PRIVATE COLLECTION.I PACK SECURELY WITH INDUSTRIAL MATERIALS. IMPORTANT:THE POSTAGE FOR AUSTRALIA APPLIES ONLY TO QLD,NSW,ACT,VIC,AND FOR THE MAJOR CITIES ONLY.A SURCHARGE APPLIES FOR OTHER LOCATIONS.I WILL REFUND ANY POSTAGE OVER-PAYMENT! INTERNATIONAL BUYER MUST E-MAIL FOR A CORRECT POSTAGE QUOTE.DO NOT RELY ON THE EBAY INFORMATION!", "ItemID": "153348244413", "EndTime": "2019-01-24T20:57:22.000Z", "StartTime": "2019-01-21T20:57:22.000Z", "ViewItemURLForNaturalSearch": "https://www.ebay.com/itm/FANTASTIC-EARLY-1950S-ALL-SOLID-WOOD-ARCH-TOP-JAZZ-GUITAR-/153348244413", "ListingType": "Chinese", "Location": "Nambour, QLD", "PaymentMethods": ["PayPal"], "GalleryURL": "https://thumbs2.ebaystatic.com/pict/1533482444138080_1.jpg", "PictureURL": ["https://i.ebayimg.com/00/s/MTYwMFgxMjAw/z/aWUAAOSwKM1b-1XR/$_57.JPG?set_id=8800005007", "https://i.ebayimg.com/00/s/MTYwMFgxMjAw/z/iYYAAOSwjoFb-1Xs/$_57.JPG?set_id=8800005007", "https://i.ebayimg.com/00/s/MTYwMFgxMjAw/z/-DgAAOSwrpJb-1YM/$_57.JPG?set_id=8800005007", "https://i.ebayimg.com/00/s/MTYwMFgxMjAw/z/KDcAAOSwmkBb-1Yl/$_57.JPG?set_id=8800005007", "https://i.ebayimg.com/00/s/MTYwMFgxMjAw/z/wo0AAOSw~atb-1ZC/$_57.JPG?set_id=8800005007", "https://i.ebayimg.com/00/s/MTYwMFgxMjAw/z/1isAAOSwbX1b-1ZX/$_57.JPG?set_id=8800005007"], "PostalCode": "4560", "PrimaryCategoryID": "33034", "PrimaryCategoryName": "Musical Instruments:Guitars & Basses:Electric Guitars", "Quantity": 1, "Seller": {"UserID": "redheinz1946", "FeedbackRatingStar": "Red", "FeedbackScore": 1866, "PositiveFeedbackPercent": 99.5}, "BidCount": 1, "ConvertedCurrentPrice": {"Value": 279.49, "CurrencyID": "USD"}, "CurrentPrice": {"Value": 390.0, "CurrencyID": "AUD"}, "HighBidder": {"UserID": "a***e", "FeedbackPrivate": false, "FeedbackRatingStar": "Yellow", "FeedbackScore": 11}, "ListingStatus": "Completed", "QuantitySold": 1, "ShipToLocations": ["Worldwide"], "Site": "Australia", "TimeLeft": "PT0S", "Title": "FANTASTIC EARLY 1950'S ALL SOLID WOOD ARCH-TOP JAZZ GUITAR ", "HitCount": 58, "PrimaryCategoryIDPath": "619:3858:33034", "Country": "AU", "ReturnPolicy": {"ReturnsAccepted": "ReturnsNotAccepted", "InternationalReturnsAccepted": "ReturnsNotAccepted"}, "MinimumToBid": {"Value": 395.0, "CurrencyID": "AUD"}, "AutoPay": false, "PaymentAllowedSite": [], "IntegratedMerchantCreditCardEnabled": false, "HandlingTime": 5, "ConditionID": 3000, "ConditionDisplayName": "Used", "GlobalShipping": false, "ConditionDescription": "USED, IN GOOD CONDITION CONSIDERING ITS AGE.GOOD NECK,MEDIUM FRETS,GOOD ACTION.SOLID,NO CRACKS OR BREAKS,NO ISSUES.REFINISHED TOP AND SIDES.NON ORIGINAL TUNERS AND BRIDGE,NO PICK-GUARD.", "QuantitySoldByPickupInStore": 0, "NewBestOffer": false}