{"BestOfferEnabled": true, "Description": "This listing is for one Jackson Pro Series Dinky 7 string guitar w/ Gator hard shell case. Guitar was purchased new w/ case earlier this year and has barely been played. Guitar has (1) chip in the headstock (see photo) and there is slight evidance left from the nut being replaced. Original plastic nut was professionally upgraded to a graphtech black tusq nut. Guitar and case are in near mint condition. Guitar comes strung with new Ernie Ball Cobalt strings (56-10). Guitar has Seymour Duncan Nazgul (bridge) and Sentient (neck) pickups.", "ItemID": "264149929873", "EndTime": "2019-01-26T16:30:19.000Z", "StartTime": "2019-01-19T16:30:19.000Z", "ViewItemURLForNaturalSearch": "https://www.ebay.com/itm/Jackson-Pro-Series-Dinky-7-String-/264149929873", "ListingType": "Chinese", "Location": "Newport, New Hampshire", "PaymentMethods": ["PayPal"], "GalleryURL": "https://thumbs2.ebaystatic.com/pict/2641499298738080_1.jpg", "PictureURL": ["https://i.ebayimg.com/00/s/MTYwMFg1MzY=/z/rB4AAOSwM6FcJ8oP/$_12.JPG?set_id=880000500F", "https://i.ebayimg.com/00/s/MTU5OVg4OTk=/z/stQAAOSw-HRb-tu1/$_12.JPG?set_id=880000500F", "https://i.ebayimg.com/00/s/Nzc4WDE2MDA=/z/E1oAAOSwzCtb-tu3/$_12.JPG?set_id=880000500F", "https://i.ebayimg.com/00/s/MTYwMFgxMDEw/z/jE0AAOSwyRdcJ8o1/$_12.JPG?set_id=880000500F", "https://i.ebayimg.com/00/s/MTYwMFgxMDUz/z/ZYAAAOSwIvBcJ8oo/$_12.JPG?set_id=880000500F", "https://i.ebayimg.com/00/s/MTYwMFg0MDU=/z/rUkAAOSwVP5cJ8ob/$_12.JPG?set_id=880000500F", "https://i.ebayimg.com/00/s/Nzc4WDE2MDA=/z/R8gAAOSw5wFb-tu7/$_12.JPG?set_id=880000500F", "https://i.ebayimg.com/00/s/Nzc4WDE2MDA=/z/9XUAAOSwAbxb-tu9/$_12.JPG?set_id=880000500F"], "PostalCode": "03773", "PrimaryCategoryID": "33034", "PrimaryCategoryName": "Musical Instruments & Gear:Guitars & Basses:Electric Guitars", "Quantity": 1, "Seller": {"UserID": "kraiga", "FeedbackRatingStar": "Turquoise", "FeedbackScore": 258, "PositiveFeedbackPercent": 100.0}, "BidCount": 2, "ConvertedCurrentPrice": {"Value": 460.0, "CurrencyID": "USD"}, "CurrentPrice": {"Value": 460.0, "CurrencyID": "USD"}, "HighBidder": {"UserID": "n***r", "FeedbackPrivate": false, "FeedbackRatingStar": "Yellow", "FeedbackScore": 16}, "ListingStatus": "Completed", "QuantitySold": 1, "ShipToLocations": ["US"], "Site": "US", "TimeLeft": "PT0S", "Title": "Jackson Pro-Series Dinky 7 String ", "ItemSpecifics": {"NameValueList": [{"Name": "Brand", "Value": ["Jackson"]}, {"Name": "String Configuration", "Value": ["7 String"]}, {"Name": "MPN", "Value": ["Does Not Apply"]}]}, "HitCount": 124, "PrimaryCategoryIDPath": "619:3858:33034", "Country": "US", "ReturnPolicy": {"ReturnsAccepted": "ReturnsNotAccepted"}, "MinimumToBid": {"Value": 465.0, "CurrencyID": "USD"}, "AutoPay": false, "PaymentAllowedSite": [], "IntegratedMerchantCreditCardEnabled": false, "HandlingTime": 3, "ConditionID": 3000, "ConditionDisplayName": "Used", "GlobalShipping": false, "QuantitySoldByPickupInStore": 0, "NewBestOffer": false}