{"BestOfferEnabled": true, "Description": "Description: Excellent Guitar out of all I've played in my life this has its own Unique Sound and Feel Kramer Focus 2000 Floyd Rose Style with Dual Pick Up's, Fret Locks, 2 Knobs and Whammy BarGreat Sounding For Lead and Rhythm Sections Even EQ'd for Bass Sounds Excellent!!!Does Show signs of wear considering its Pre-Owned Over all Great Condition!!!See Photo's!!!!! Includes:1x Kramer Focus 2000 Guitar.( No Box or Accessories included ) Free Shipping!!!! (Will be de-tuned Before Shipping!!) Please take time to check out my store I may have some other Items you might be interested in. Thanks!!", "ItemID": "283342926436", "EndTime": "2019-01-24T18:51:29.000Z", "StartTime": "2019-01-17T22:09:00.000Z", "ViewItemURLForNaturalSearch": "https://www.ebay.com/itm/Kramer-Focus-2000-Red-Body-Guitar-Floyd-Rose-Lead-Great-Condition-See-Photos-/283342926436", "ListingType": "Chinese", "Location": "Pocomoke City, Maryland", "PaymentMethods": ["PayPal"], "GalleryURL": "https://thumbs1.ebaystatic.com/pict/2833429264368080_1.jpg", "PictureURL": ["https://i.ebayimg.com/00/s/ODY4WDU3MA==/z/gH0AAOSwZ9xbm~qw/$_57.JPG?set_id=8800005007", "https://i.ebayimg.com/00/s/ODI0WDI5Mw==/z/XkAAAOSwi2tbm~rY/$_57.JPG?set_id=8800005007", "https://i.ebayimg.com/00/s/ODk5WDE2MDA=/z/Fg8AAOSwdZdbm~rk/$_57.JPG?set_id=8800005007", "https://i.ebayimg.com/00/s/ODg4WDUwNg==/z/SoUAAOSwt7Nbm~a4/$_57.JPG?set_id=8800005007", "https://i.ebayimg.com/00/s/ODIwWDkwOA==/z/Vj0AAOSwZZlbm~aJ/$_57.JPG?set_id=8800005007", "https://i.ebayimg.com/00/s/ODg4WDU1OA==/z/-ZcAAOSwvuhbm~qc/$_57.JPG?set_id=8800005007", "https://i.ebayimg.com/00/s/ODU2WDY2Nw==/z/Zg4AAOSwj8hbm~qm/$_57.JPG?set_id=8800005007", "https://i.ebayimg.com/00/s/NzkxWDQyNg==/z/17gAAOSwWrdbm~tT/$_57.JPG?set_id=8800005007", "https://i.ebayimg.com/00/s/ODk5WDE2MDA=/z/-isAAOSwGXlbm~o0/$_57.JPG?set_id=8800005007", "https://i.ebayimg.com/00/s/ODk5WDE2MDA=/z/9PUAAOSwbkVbm~o3/$_57.JPG?set_id=8800005007", "https://i.ebayimg.com/00/s/ODk5WDE2MDA=/z/zYUAAOSwNJxbm~o6/$_57.JPG?set_id=8800005007", "https://i.ebayimg.com/00/s/ODk5WDE2MDA=/z/u~AAAOSwhN5bnAIl/$_57.JPG?set_id=8800005007"], "PostalCode": "21851", "PrimaryCategoryID": "33034", "PrimaryCategoryName": "Musical Instruments & Gear:Guitars & Basses:Electric Guitars", "Quantity": 1, "Seller": {"UserID": "ohyeahgoods", "FeedbackRatingStar": "Blue", "FeedbackScore": 84, "PositiveFeedbackPercent": 98.8}, "BidCount": 1, "ConvertedCurrentPrice": {"Value": 629.95, "CurrencyID": "USD"}, "CurrentPrice": {"Value": 629.95, "CurrencyID": "USD"}, "HighBidder": {"UserID": "m***a", "FeedbackPrivate": false, "FeedbackRatingStar": "Yellow", "FeedbackScore": 10}, "ListingStatus": "Completed", "QuantitySold": 1, "ShipToLocations": ["US"], "Site": "US", "TimeLeft": "PT0S", "Title": "Kramer Focus 2000 Red Body Guitar Floyd Rose Lead Great Condition! See Photo's!!", "ItemSpecifics": {"NameValueList": [{"Name": "Product Line", "Value": ["Focus 2000"]}, {"Name": "Brand", "Value": ["kramer"]}, {"Name": "Model", "Value": ["Floyd Rose"]}, {"Name": "Right-/ Left-Handed", "Value": ["Right-Handed"]}, {"Name": "Country/Region of Manufacture", "Value": ["United States"]}, {"Name": "Body Type", "Value": ["Solid"]}, {"Name": "Body Color", "Value": ["Red"]}, {"Name": "Features", "Value": ["Volume Knob", "With Pickup"]}]}, "HitCount": 43, "PrimaryCategoryIDPath": "619:3858:33034", "Storefront": {"StoreURL": "https://stores.ebay.com/id=1699513313", "StoreName": "ohyeahgoods"}, "Country": "US", "ReturnPolicy": {"ReturnsAccepted": "ReturnsNotAccepted"}, "MinimumToBid": {"Value": 639.95, "CurrencyID": "USD"}, "AutoPay": false, "PaymentAllowedSite": [], "IntegratedMerchantCreditCardEnabled": false, "HandlingTime": 1, "ConditionID": 3000, "ConditionDisplayName": "Used", "ExcludeShipToLocation": ["Alaska/Hawaii", "US Protectorates", "APO/FPO"], "GlobalShipping": false, "QuantitySoldByPickupInStore": 0, "NewBestOffer": false}