{"BestOfferEnabled": false, "Description": "Nice 2017 Gibson Les Paul 50's tribute. Honey Burst. Has Kluson locking tuners and Gibson hard shell case. Has 60's slim profile neck. Will only ship in lower 48 US states.", "ItemID": "123599829145", "EndTime": "2019-01-24T22:01:04.000Z", "StartTime": "2019-01-17T22:01:04.000Z", "ViewItemURLForNaturalSearch": "https://www.ebay.com/itm/Gibson-USA-Les-Paul-Tribute-2017-Electric-Guitar-Faded-Honey-Burst-Mint-/123599829145", "ListingType": "Chinese", "Location": "Whiteville, North Carolina", "PaymentMethods": ["PayPal"], "GalleryURL": "https://thumbs2.ebaystatic.com/pict/1235998291458080_1.jpg", "PictureURL": ["https://i.ebayimg.com/00/s/NDgwWDY0MA==/z/scYAAOSwqjhcFBNk/$_32.JPG?set_id=880000500F", "https://i.ebayimg.com/00/s/NDgwWDY0MA==/z/Rf0AAOSwzCtcFBNs/$_32.JPG?set_id=880000500F", "https://i.ebayimg.com/00/s/NDgwWDY0MA==/z/PGsAAOSwAzxcFBNu/$_32.JPG?set_id=880000500F", "https://i.ebayimg.com/00/s/NjQwWDQ4MA==/z/YtEAAOSwwZxcFBNw/$_32.JPG?set_id=880000500F", "https://i.ebayimg.com/00/s/NDgwWDY0MA==/z/jnEAAOSw~2VcFBNz/$_32.JPG?set_id=880000500F", "https://i.ebayimg.com/00/s/NjQwWDQ4MA==/z/BxwAAOSwpYxcFBN1/$_32.JPG?set_id=880000500F", "https://i.ebayimg.com/00/s/NjQwWDQ4MA==/z/M3MAAOSwcapcFBN4/$_32.JPG?set_id=880000500F", "https://i.ebayimg.com/00/s/NDgwWDY0MA==/z/jeIAAOSwtINcFBN6/$_32.JPG?set_id=880000500F"], "PostalCode": "28472", "PrimaryCategoryID": "33034", "PrimaryCategoryName": "Musical Instruments & Gear:Guitars & Basses:Electric Guitars", "Quantity": 1, "Seller": {"UserID": "starz7468", "FeedbackRatingStar": "Turquoise", "FeedbackScore": 108, "PositiveFeedbackPercent": 100.0}, "BidCount": 16, "ConvertedCurrentPrice": {"Value": 760.0, "CurrencyID": "USD"}, "CurrentPrice": {"Value": 760.0, "CurrencyID": "USD"}, "HighBidder": {"UserID": "l***a", "FeedbackPrivate": false, "FeedbackRatingStar": "None", "FeedbackScore": 0}, "ListingStatus": "Completed", "QuantitySold": 1, "ShipToLocations": ["US"], "Site": "US", "TimeLeft": "PT0S", "Title": "Gibson USA Les Paul Tribute 2017 Electric Guitar, Faded Honey Burst Mint", "ItemSpecifics": {"NameValueList": [{"Name": "Body Material", "Value": ["Mahogany"]}, {"Name": "Product Line", "Value": ["Gibson Les Paul"]}, {"Name": "Brand", "Value": ["Gibson"]}, {"Name": "Model Year", "Value": ["2017"]}, {"Name": "Model", "Value": ["Les Paul 50s Tribute"]}, {"Name": "String Configuration", "Value": ["6 String"]}, {"Name": "Right-/ Left-Handed", "Value": ["Right-Handed"]}, {"Name": "Country/Region of Manufacture", "Value": ["United States"]}, {"Name": "Body Type", "Value": ["Solid"]}, {"Name": "MPN", "Value": ["Does Not Apply"]}, {"Name": "UPC", "Value": ["0711106029269"]}]}, "HitCount": 683, "PrimaryCategoryIDPath": "619:3858:33034", "Country": "US", "ReturnPolicy": {"ReturnsAccepted": "ReturnsNotAccepted"}, "MinimumToBid": {"Value": 770.0, "CurrencyID": "USD"}, "AutoPay": false, "PaymentAllowedSite": [], "IntegratedMerchantCreditCardEnabled": false, "HandlingTime": 3, "ConditionID": 3000, "ConditionDisplayName": "Used", "ExcludeShipToLocation": ["Alaska/Hawaii", "US Protectorates", "APO/FPO", "Africa", "Asia", "Central America and Caribbean", "Europe", "Middle East", "North America", "Oceania", "Southeast Asia", "South America"], "GlobalShipping": false, "QuantitySoldByPickupInStore": 0, "NewBestOffer": false}