{"BestOfferEnabled": false, "Description": "This auction is for a previously owned 2003: Epiphone Lynyrd Skynyrd 30th Anniversary Les Paul Goldtop and the matching Gig bag. The guitar is in very good shape except for a crack I believe is in the finish at one of the knobs \"see photo\". Overall condition is good the knobs all function although they are a little scratchy, the finish is in good shape has normal light scratches from use the neck is nice and straight.The 30th Anniversary Lynyrd Skynyrd Les Paul Goldtop from Epiphone commemorates three decades of the legendary Southern rock band Lynyrd Skynyrd. The limited edition guitar is based on the classic Les Paul Goldtop but with a twist: the 30th Anniversary guitar has a Lynyrd Skynyrd Metallic Gold finish on top and the official emblem from band\u2019s 30th anniversary tour on the back. Features of the 30th Anniversary Goldtop include maple top and mahogany back, rosewood fingerboard with Lynyrd Skynyrd pearloid inlay, two \u201957 Classic Alnico-V pickups, vintage \u201cgreen key\u201d tuners and chrome-plated hardware. Bid with confidence, we have over 9,000 positive feedback and strive to keep a 100% customer satisfaction rating. Check our other auctions for more great items! General \u2013 We reserve the right to cancel bids or end the auction early at any time. We are a Pawnbroker/resale store. All items are pre-owned and show normal wear from prior use, unless otherwise indicated. Emails will be answered, and items will be shipped Monday thru Friday 10:00 AM to 4:00 PM Arizona time. Shipping \u2013 We will only ship to the PayPal CONFIRMED address included with the PayPal payment. Any items more than $250 will require a signature We ship Monday thru Thursday. Items with payment received on Friday through Sunday will not ship until the following Monday. All items shipped to an Arizona address or picked up are subject to sales tax Local pick up is available on most items at our location in Peoria, Arizona. State and local sales tax plus a $5.00 service fee per item will be charged in lieu of shipping. A & D Funding Inc DBA Peoria Pawn 6750 W Olive Ave #109 Peoria AZ 85345 For USPS shipping outside the continental US (Alaska, Hawaii, Puerto Rico and USVI) and/or P.O. Boxes there will be an additional minimum charge. If you reside in one of these locations or ship to a P.O. Box please contact us or wait for us to send an invoice with the exact shipping cost. Payment \u2013 Payment is due within 7 days from close of auction via PayPal. No other forms of payment will be accepted. In the case that payment is not received within 7 days, eBay will automatically open a Non-Paying Bidder dispute against the buyer. Please notify us prior to payment if combining shipping or doing a local pick up. Returns \u2013 If your item is damaged upon arrival, contact us and a claim will be filed with the shipping company. If your item arrives and is defective, please contact us for instructions for your return Feedback \u2013 We highly value our customers and want you to be fully satisfied with your purchase. If for some reason you are unhappy, please email us before posting negative feedback. We feel that most issues can be resolved without that. We will try to resolve all issues diligently and as fairly as possible.", "ItemID": "372570105144", "EndTime": "2019-01-23T23:55:30.000Z", "StartTime": "2019-01-16T23:55:30.000Z", "ViewItemURLForNaturalSearch": "https://www.ebay.com/itm/2003-Epiphone-Lynyrd-Skynyrd-30th-Anniversary-Goldtop-Les-Paul-/372570105144", "ListingType": "Chinese", "Location": "Peoria, Arizona", "PaymentMethods": ["PayPal"], "GalleryURL": "https://thumbs1.ebaystatic.com/pict/3725701051448080_1.jpg", "PictureURL": ["https://i.ebayimg.com/00/s/MTYwMFg5MDA=/z/iOEAAOSwjfdcP8Az/$_57.JPG?set_id=8800005007", "https://i.ebayimg.com/00/s/MTYwMFg5MDA=/z/9vIAAOSwSn1cP8BP/$_57.JPG?set_id=8800005007", "https://i.ebayimg.com/00/s/OTAwWDE2MDA=/z/WQkAAOSwXTVcP8AB/$_57.JPG?set_id=8800005007", "https://i.ebayimg.com/00/s/MTYwMFg5MDA=/z/yFQAAOSwGIZcP8DD/$_57.JPG?set_id=8800005007", "https://i.ebayimg.com/00/s/MTYwMFg5MDA=/z/584AAOSwlfNcP8De/$_57.JPG?set_id=8800005007", "https://i.ebayimg.com/00/s/OTAwWDE2MDA=/z/ucMAAOSwNe9cP8AG/$_57.JPG?set_id=8800005007", "https://i.ebayimg.com/00/s/OTAwWDE2MDA=/z/adEAAOSwyApcP8AI/$_57.JPG?set_id=8800005007", "https://i.ebayimg.com/00/s/OTAwWDE2MDA=/z/n60AAOSwYwZcP8AK/$_57.JPG?set_id=8800005007", "https://i.ebayimg.com/00/s/OTAwWDE2MDA=/z/DsIAAOSwA3xcP8AM/$_57.JPG?set_id=8800005007", "https://i.ebayimg.com/00/s/OTAwWDE2MDA=/z/McoAAOSwWI5cP8AD/$_57.JPG?set_id=8800005007"], "PostalCode": "85345", "PrimaryCategoryID": "33034", "PrimaryCategoryName": "Musical Instruments & Gear:Guitars & Basses:Electric Guitars", "Quantity": 1, "Seller": {"UserID": "dpawnman", "FeedbackRatingStar": "Green", "FeedbackScore": 9241, "PositiveFeedbackPercent": 99.1}, "BidCount": 6, "ConvertedCurrentPrice": {"Value": 340.99, "CurrencyID": "USD"}, "CurrentPrice": {"Value": 340.99, "CurrencyID": "USD"}, "HighBidder": {"UserID": "7***_", "FeedbackPrivate": false, "FeedbackRatingStar": "None", "FeedbackScore": 0}, "ListingStatus": "Completed", "QuantitySold": 1, "ShipToLocations": ["US"], "Site": "US", "TimeLeft": "PT0S", "Title": "2003: Epiphone Lynyrd Skynyrd 30th Anniversary Goldtop Les Paul", "ItemSpecifics": {"NameValueList": [{"Name": "Brand", "Value": ["Epiphone"]}, {"Name": "Model Year", "Value": ["2003"]}, {"Name": "Body Color", "Value": ["Gold"]}, {"Name": "String Configuration", "Value": ["6 String"]}, {"Name": "Model", "Value": ["Les Paul Standard"]}, {"Name": "Right-/ Left-Handed", "Value": ["Right-Handed"]}, {"Name": "Size", "Value": ["Full Size"]}]}, "HitCount": 197, "PrimaryCategoryIDPath": "619:3858:33034", "Country": "US", "ReturnPolicy": {"Refund": "Money Back", "ReturnsWithin": "30 Days", "ReturnsAccepted": "Returns Accepted", "ShippingCostPaidBy": "Buyer", "InternationalReturnsAccepted": "ReturnsNotAccepted"}, "MinimumToBid": {"Value": 345.99, "CurrencyID": "USD"}, "AutoPay": false, "PaymentAllowedSite": [], "IntegratedMerchantCreditCardEnabled": false, "HandlingTime": 2, "ConditionID": 3000, "ConditionDisplayName": "Used", "ExcludeShipToLocation": ["Africa", "Asia", "Central America and Caribbean", "Europe", "Middle East", "North America", "Oceania", "Southeast Asia", "South America"], "GlobalShipping": false, "ConditionDescription": "In very good shape has a crack at one of the knobs \"see photo\"", "QuantitySoldByPickupInStore": 0, "NewBestOffer": false}