{"BestOfferEnabled": false, "Description": "This PRS SE Custom 24 is the quintessential SE instrument, designed to faithfully reflect the PRS model that started it all. The SE Custom 24 with Poplar Burl veneer comes finished in Natural, adding a distinctive new look while serving up classic PRS playability, reliability, and vibrant tone. This model keeps all the same foundational specifications as the SE Custom 24: poplar burl, mahogany back, Wide Thin maple neck with satin finish, 24 frets, 25\u201d scale length, the PRS patented molded tremolo, and dual 85/15 \u201cS\u201d pickups with a 3-way blade switch and push/pull tone control for coil tapping. Ebony Fingerboard is smooth as silk Nickel Neck pickup cover is not permanent or soldered and can be removed easy. Comes with Gig Bag, tremolo bar and truss rod tool. Set up with Ernie Ball 10-46 Only played a few hours in home..... Frets are Factory flawless, Nut height, string action med/ low and plays, sounds great!! Love the satin neck! Open further inspection, I Included a picture of the tremolo cavity. The screws have been re installed from a previous owner that had a tremol No installed. The claw is mounted and seems to be slightly off center. Can be fixed easily by filling in holes and re drilling new. I set up this guitar a holds tune reasonably well but I suggest it be redone. That\u2019s why it\u2019s being listed at a low used price.", "ItemID": "163492825541", "EndTime": "2019-01-25T02:21:27.000Z", "StartTime": "2019-01-18T02:21:27.000Z", "ViewItemURLForNaturalSearch": "https://www.ebay.com/itm/Paul-Reed-Smith-PRS-SE-Custom-24-Poplar-Burl-Top-Natural-1-25-SN-S11452-/163492825541", "ListingType": "Chinese", "Location": "Leesburg, Virginia", "PaymentMethods": ["PayPal"], "GalleryURL": "https://thumbs2.ebaystatic.com/pict/1634928255418080_1.jpg", "PictureURL": ["https://i.ebayimg.com/00/s/MTE5NVgxNTk5/z/tJEAAOSwMKVcQTZT/$_12.JPG?set_id=880000500F", "https://i.ebayimg.com/00/s/MTE5NVgxNTk5/z/CwMAAOSw3GlcQTZf/$_12.JPG?set_id=880000500F", "https://i.ebayimg.com/00/s/MTE5NVgxNTk5/z/X40AAOSwuA9cQTZo/$_12.JPG?set_id=880000500F", "https://i.ebayimg.com/00/s/MTE5NVgxNTk5/z/hH8AAOSws~pcQTZz/$_12.JPG?set_id=880000500F", "https://i.ebayimg.com/00/s/MTE5NVgxNTk5/z/r8MAAOSwtcRcQTZ8/$_12.JPG?set_id=880000500F", "https://i.ebayimg.com/00/s/MTU5OVgxMTk1/z/nXYAAOSwV7BcQTY~/$_12.JPG?set_id=880000500F", "https://i.ebayimg.com/00/s/MTE5NVgxNTk5/z/yU8AAOSwPVFcQTaH/$_12.JPG?set_id=880000500F", "https://i.ebayimg.com/00/s/MTU5OVgxMTk1/z/Pc8AAOSwUu5cQTZC/$_12.JPG?set_id=880000500F", "https://i.ebayimg.com/00/s/MTE5NVgxNTk5/z/u9AAAOSwI01cQTZF/$_12.JPG?set_id=880000500F", "https://i.ebayimg.com/00/s/MTE5NVgxNTk5/z/EnEAAOSw2hxcQTZH/$_12.JPG?set_id=880000500F", "https://i.ebayimg.com/00/s/MTE5NVgxNTk5/z/auMAAOSwkv5cQzQQ/$_12.JPG?set_id=880000500F", "https://i.ebayimg.com/00/s/MTE5NVgxNTk5/z/w60AAOSwOGFcQzQU/$_12.JPG?set_id=880000500F"], "PostalCode": "20175", "PrimaryCategoryID": "33034", "PrimaryCategoryName": "Musical Instruments & Gear:Guitars & Basses:Electric Guitars", "Quantity": 1, "Seller": {"UserID": "cliffbigred123", "FeedbackRatingStar": "Turquoise", "FeedbackScore": 215, "PositiveFeedbackPercent": 100.0}, "BidCount": 10, "ConvertedCurrentPrice": {"Value": 470.0, "CurrencyID": "USD"}, "CurrentPrice": {"Value": 470.0, "CurrencyID": "USD"}, "HighBidder": {"UserID": "d***d", "FeedbackPrivate": false, "FeedbackRatingStar": "Blue", "FeedbackScore": 80}, "ListingStatus": "Completed", "QuantitySold": 1, "ShipToLocations": ["US"], "Site": "US", "TimeLeft": "PT0S", "Title": "Paul Reed Smith PRS SE Custom 24, Poplar Burl Top, Natural, 1 of 25, SN-S11452", "ItemSpecifics": {"NameValueList": [{"Name": "Brand", "Value": ["PRS"]}, {"Name": "Non-Domestic Product", "Value": ["No"]}, {"Name": "Custom Bundle", "Value": ["No"]}, {"Name": "Modified Item", "Value": ["No"]}, {"Name": "String Configuration", "Value": ["6"]}, {"Name": "Body Type", "Value": ["Solid"]}, {"Name": "MPN", "Value": ["SE-CSTM24-1of25"]}, {"Name": "Body Color", "Value": ["Natural"]}]}, "HitCount": 602, "PrimaryCategoryIDPath": "619:3858:33034", "Country": "US", "ReturnPolicy": {"ReturnsAccepted": "ReturnsNotAccepted"}, "MinimumToBid": {"Value": 475.0, "CurrencyID": "USD"}, "AutoPay": false, "PaymentAllowedSite": [], "IntegratedMerchantCreditCardEnabled": false, "HandlingTime": 2, "ConditionID": 3000, "ConditionDisplayName": "Used", "GlobalShipping": false, "QuantitySoldByPickupInStore": 0, "NewBestOffer": false}