{"BestOfferEnabled": false, "Description": "Kirk Hammett ESP LTD \u2018The Mummy\u2019. Condition is Used. Shipped with USPS Parcel Select Ground.", "ItemID": "153344578245", "EndTime": "2019-01-25T20:34:44.000Z", "StartTime": "2019-01-18T20:34:44.000Z", "ViewItemURLForNaturalSearch": "https://www.ebay.com/itm/Kirk-Hammett-ESP-LTD-The-Mummy-/153344578245", "ListingType": "Chinese", "Location": "Millersburg, Ohio", "PaymentMethods": ["PayPal"], "GalleryURL": "https://thumbs2.ebaystatic.com/pict/1533445782458080_1.jpg", "PictureURL": ["https://i.ebayimg.com/00/s/MTYwMFgxMjAw/z/ViYAAOSwwZVcQjfh/$_32.JPG?set_id=880000500F", "https://i.ebayimg.com/00/s/MTYwMFgxMjAw/z/UU0AAOSw5vxcQjfz/$_32.JPG?set_id=880000500F", "https://i.ebayimg.com/00/s/MTYwMFgxMjAw/z/maUAAOSwyPFcQjgF/$_32.JPG?set_id=880000500F", "https://i.ebayimg.com/00/s/MTYwMFgxMjAw/z/uRoAAOSwjthcQjgT/$_32.JPG?set_id=880000500F"], "PostalCode": "44654", "PrimaryCategoryID": "33034", "PrimaryCategoryName": "Musical Instruments & Gear:Guitars & Basses:Electric Guitars", "Quantity": 1, "Seller": {"UserID": "lgray1070", "FeedbackRatingStar": "Blue", "FeedbackScore": 65, "PositiveFeedbackPercent": 100.0}, "BidCount": 11, "ConvertedCurrentPrice": {"Value": 536.99, "CurrencyID": "USD"}, "CurrentPrice": {"Value": 536.99, "CurrencyID": "USD"}, "HighBidder": {"UserID": "o***y", "FeedbackPrivate": false, "FeedbackRatingStar": "Purple", "FeedbackScore": 564}, "ListingStatus": "Completed", "QuantitySold": 1, "ShipToLocations": ["US"], "Site": "US", "TimeLeft": "PT0S", "Title": "Kirk Hammett ESP LTD \u2018The Mummy\u2019", "ItemSpecifics": {"NameValueList": [{"Name": "Brand", "Value": ["ESP"]}, {"Name": "String Configuration", "Value": ["6 String"]}, {"Name": "Body Type", "Value": ["Solid"]}, {"Name": "Body Color", "Value": ["Black"]}]}, "HitCount": 347, "PrimaryCategoryIDPath": "619:3858:33034", "Country": "US", "ReturnPolicy": {"ReturnsAccepted": "ReturnsNotAccepted"}, "MinimumToBid": {"Value": 546.99, "CurrencyID": "USD"}, "AutoPay": true, "PaymentAllowedSite": [], "IntegratedMerchantCreditCardEnabled": false, "HandlingTime": 3, "ConditionID": 3000, "ConditionDisplayName": "Used", "GlobalShipping": false, "QuantitySoldByPickupInStore": 0, "NewBestOffer": false}