{"BestOfferEnabled": false, "Description": "Beautiful natural body with maple neck. Great twang, grear crunch and warm bluesy tones. Good action with no fret buzz. Maple neck. From a smoke-free home.\u00a0 Very light use and wear.\u00a0 Normal pick guard strum wear. Overall great cosmetic and playing condition.\u00a0 A few tiny dents on the rear (smaller than a pinky fingernail) and a hairline scratch in the poly clear that can be buffed or rubbed out with fine cut cleaner and polish.\u00a0 These are barely visible to the naked eye.\u00a0 Tiny barely visible mar between the fifth and sixth tuning machine on the headstock. All are shown in photos.\u00a0 High quality case included. I have several guitars and am sad to part with this, but I don't play it enough.\u00a0 The buyer will get a great value that is priced low and already worth more than the starting bid.\u00a0 This is the real deal and will continue to appreciate over time. Good luck!", "ItemID": "233101588361", "EndTime": "2019-01-24T23:18:37.000Z", "StartTime": "2019-01-19T23:18:37.000Z", "ViewItemURLForNaturalSearch": "https://www.ebay.com/itm/2008-American-Standard-Telecaster-Natural-Finish-/233101588361", "ListingType": "Chinese", "Location": "Lincolnwood, Illinois", "PaymentMethods": ["PayPal"], "GalleryURL": "https://thumbs2.ebaystatic.com/pict/2331015883618080_1.jpg", "PictureURL": ["https://i.ebayimg.com/00/s/Njg0WDE2MDA=/z/E00AAOSwPYNcKs6N/$_32.JPG?set_id=880000500F", "https://i.ebayimg.com/00/s/MTYwMFgxNTM4/z/KZEAAOSwm~1cKs6B/$_32.JPG?set_id=880000500F", "https://i.ebayimg.com/00/s/MTYwMFgxMjAw/z/uJoAAOSwFlJcKs6w/$_32.JPG?set_id=880000500F", "https://i.ebayimg.com/00/s/MTYwMFgxMjAw/z/ioUAAOSwJOJcKs6~/$_32.JPG?set_id=880000500F", "https://i.ebayimg.com/00/s/MTYwMFgxMjAw/z/DMUAAOSwpTBcKs6V/$_32.JPG?set_id=880000500F", "https://i.ebayimg.com/00/s/MTYwMFgxMzk4/z/7vEAAOSwjiZcKs6q/$_32.JPG?set_id=880000500F", "https://i.ebayimg.com/00/s/MTIwMFgxNjAw/z/sHsAAOSwe9VcKs6I/$_32.JPG?set_id=880000500F", "https://i.ebayimg.com/00/s/MTIwMFgxNjAw/z/7i8AAOSw2zRcKs6e/$_32.JPG?set_id=880000500F", "https://i.ebayimg.com/00/s/MTYwMFg3Mzk=/z/X5YAAOSwJtJcKs7c/$_32.JPG?set_id=880000500F", "https://i.ebayimg.com/00/s/MTYwMFgxMjAw/z/irkAAOSwa55cPP5s/$_32.JPG?set_id=880000500F", "https://i.ebayimg.com/00/s/NjQwWDQ4MA==/z/aU8AAOSwqztcPP59/$_32.JPG?set_id=880000500F", "https://i.ebayimg.com/00/s/NjQwWDQ4MA==/z/mjkAAOSwlLlcPP8U/$_32.JPG?set_id=880000500F"], "PostalCode": "60712", "PrimaryCategoryID": "33034", "PrimaryCategoryName": "Musical Instruments & Gear:Guitars & Basses:Electric Guitars", "Quantity": 1, "Seller": {"UserID": "mpcinc2002", "FeedbackRatingStar": "Turquoise", "FeedbackScore": 218, "PositiveFeedbackPercent": 100.0}, "BidCount": 7, "ConvertedCurrentPrice": {"Value": 881.0, "CurrencyID": "USD"}, "CurrentPrice": {"Value": 881.0, "CurrencyID": "USD"}, "HighBidder": {"UserID": "l***b", "FeedbackPrivate": false, "FeedbackRatingStar": "Turquoise", "FeedbackScore": 228}, "ListingStatus": "Completed", "QuantitySold": 1, "ShipToLocations": ["US"], "Site": "US", "TimeLeft": "PT0S", "Title": "2008 American Standard Telecaster - Natural Finish", "ItemSpecifics": {"NameValueList": [{"Name": "Body Material", "Value": ["Ash"]}, {"Name": "Product Line", "Value": ["American Standard"]}, {"Name": "Brand", "Value": ["Fender"]}, {"Name": "Model Year", "Value": ["2008"]}, {"Name": "Model", "Value": ["Telecaster American Standard"]}, {"Name": "String Configuration", "Value": ["6 String"]}, {"Name": "Right-/ Left-Handed", "Value": ["Right-Handed"]}, {"Name": "Country/Region of Manufacture", "Value": ["United States"]}, {"Name": "Body Type", "Value": ["Solid"]}, {"Name": "Body Color", "Value": ["Clear"]}, {"Name": "Features", "Value": ["Single Cut"]}]}, "HitCount": 364, "PrimaryCategoryIDPath": "619:3858:33034", "Country": "US", "ReturnPolicy": {"ReturnsAccepted": "ReturnsNotAccepted"}, "MinimumToBid": {"Value": 891.0, "CurrencyID": "USD"}, "AutoPay": false, "PaymentAllowedSite": [], "IntegratedMerchantCreditCardEnabled": false, "HandlingTime": 2, "ConditionID": 3000, "ConditionDisplayName": "Used", "GlobalShipping": false, "QuantitySoldByPickupInStore": 0, "NewBestOffer": false}