{"BestOfferEnabled": false, "Description": "fender stratocaster mexico Electric Guitar. Condition is Used.", "ItemID": "113580910293", "EndTime": "2019-01-25T22:46:51.000Z", "StartTime": "2019-01-20T22:46:51.000Z", "ViewItemURLForNaturalSearch": "https://www.ebay.com/itm/fender-stratocaster-mexico-Electric-Guitar-/113580910293", "ListingType": "Chinese", "Location": "Fieldale, Virginia", "PaymentMethods": ["PayPal"], "GalleryURL": "https://thumbs2.ebaystatic.com/pict/1135809102938080_1.jpg", "PictureURL": ["https://i.ebayimg.com/00/s/MTYwMFgxMjAw/z/d4MAAOSw5wFcRPhq/$_12.JPG?set_id=880000500F", "https://i.ebayimg.com/00/s/MTIwMFgxNjAw/z/xj8AAOSw~5ZcRPhk/$_12.JPG?set_id=880000500F", "https://i.ebayimg.com/00/s/MTIwMFgxNjAw/z/pXMAAOSwfvtcRPho/$_12.JPG?set_id=880000500F", "https://i.ebayimg.com/00/s/MTYwMFgxMjAw/z/DT4AAOSwY4JcRPhl/$_12.JPG?set_id=880000500F", "https://i.ebayimg.com/00/s/MTYwMFgxMjAw/z/z9cAAOSw8zNcRPhr/$_12.JPG?set_id=880000500F", "https://i.ebayimg.com/00/s/MTYwMFgxMjAw/z/u68AAOSw9xJcRPht/$_12.JPG?set_id=880000500F"], "PostalCode": "24089", "PrimaryCategoryID": "33034", "PrimaryCategoryName": "Musical Instruments & Gear:Guitars & Basses:Electric Guitars", "Quantity": 1, "Seller": {"UserID": "barnhlev", "FeedbackRatingStar": "Yellow", "FeedbackScore": 49, "PositiveFeedbackPercent": 100.0}, "BidCount": 36, "ConvertedCurrentPrice": {"Value": 360.0, "CurrencyID": "USD"}, "CurrentPrice": {"Value": 360.0, "CurrencyID": "USD"}, "HighBidder": {"UserID": "t***o", "FeedbackPrivate": false, "FeedbackRatingStar": "Turquoise", "FeedbackScore": 336}, "ListingStatus": "Completed", "QuantitySold": 1, "ShipToLocations": ["US"], "Site": "US", "TimeLeft": "PT0S", "Title": "fender stratocaster mexico Electric Guitar", "ItemSpecifics": {"NameValueList": [{"Name": "Brand", "Value": ["Fender"]}, {"Name": "Country/Region of Manufacture", "Value": ["Mexico"]}]}, "HitCount": 872, "PrimaryCategoryIDPath": "619:3858:33034", "Country": "US", "ReturnPolicy": {"Refund": "Money Back", "ReturnsWithin": "30 Days", "ReturnsAccepted": "Returns Accepted", "ShippingCostPaidBy": "Seller"}, "MinimumToBid": {"Value": 365.0, "CurrencyID": "USD"}, "AutoPay": false, "PaymentAllowedSite": [], "IntegratedMerchantCreditCardEnabled": false, "HandlingTime": 3, "ConditionID": 3000, "ConditionDisplayName": "Used", "GlobalShipping": false, "QuantitySoldByPickupInStore": 0, "NewBestOffer": false}