{"BestOfferEnabled": false, "Description": "C.1975 Vintage Ovation Deacon, VERY NICE, OHC, plays and sounds great! Very cool vintage Guitar.. $50 extra shipping in USA.", "ItemID": "223335835298", "EndTime": "2019-01-25T23:48:24.000Z", "StartTime": "2019-01-20T23:48:24.000Z", "ViewItemURLForNaturalSearch": "https://www.ebay.com/itm/C-1975-Vintage-Ovation-Deacon-VERY-NICE-OHC-plays-and-sounds-great-/223335835298", "ListingType": "Chinese", "Location": "Portland, Maine", "PaymentMethods": ["PayPal"], "GalleryURL": "https://thumbs3.ebaystatic.com/pict/2233358352988080_1.jpg", "PictureURL": ["https://i.ebayimg.com/00/s/NjQwWDQ4MA==/z/gccAAOSws0pcJoVW/$_57.JPG?set_id=8800005007", "https://i.ebayimg.com/00/s/NjQwWDQ4MA==/z/BDsAAOSw~sdcJoVk/$_57.JPG?set_id=8800005007", "https://i.ebayimg.com/00/s/NjQwWDQ4MA==/z/DksAAOSwpLVcJoV0/$_57.JPG?set_id=8800005007", "https://i.ebayimg.com/00/s/NDgwWDY0MA==/z/AzAAAOSwIbtcJoWm/$_57.JPG?set_id=8800005007", "https://i.ebayimg.com/00/s/NjQwWDQ4MA==/z/5iwAAOSwhhlcJoWw/$_57.JPG?set_id=8800005007", "https://i.ebayimg.com/00/s/NDgwWDY0MA==/z/UrcAAOSwVCpcJoW5/$_57.JPG?set_id=8800005007", "https://i.ebayimg.com/00/s/NDgwWDY0MA==/z/rfEAAOSwyUFcJoX0/$_57.JPG?set_id=8800005007", "https://i.ebayimg.com/00/s/NjQwWDQ4MA==/z/Z2sAAOSwJ~xcR4Oz/$_57.JPG?set_id=8800005007", "https://i.ebayimg.com/00/s/NDgwWDY0MA==/z/rgYAAOSwrm9cR4PC/$_57.JPG?set_id=8800005007", "https://i.ebayimg.com/00/s/NDgwWDY0MA==/z/cq4AAOSwmvpcSMl~/$_57.JPG?set_id=8800005007", "https://i.ebayimg.com/00/s/NDgwWDY0MA==/z/iAMAAOSwiJZcSMmf/$_57.JPG?set_id=8800005007", "https://i.ebayimg.com/00/s/NDgwWDY0MA==/z/ggMAAOSw2fRcSMnt/$_57.JPG?set_id=8800005007"], "PostalCode": "04102", "PrimaryCategoryID": "33034", "PrimaryCategoryName": "Musical Instruments & Gear:Guitars & Basses:Electric Guitars", "Quantity": 1, "Seller": {"UserID": "captainnorlon", "FeedbackRatingStar": "Red", "FeedbackScore": 1205, "PositiveFeedbackPercent": 100.0}, "BidCount": 5, "ConvertedCurrentPrice": {"Value": 1325.0, "CurrencyID": "USD"}, "CurrentPrice": {"Value": 1325.0, "CurrencyID": "USD"}, "HighBidder": {"UserID": "i***0", "FeedbackPrivate": false, "FeedbackRatingStar": "Turquoise", "FeedbackScore": 208}, "ListingStatus": "Completed", "QuantitySold": 1, "ShipToLocations": ["US", "CA", "GB", "DK", "RO", "SK", "BG", "CZ", "FI", "HU", "LV", "LT", "MT", "EE", "AU", "GR", "PT", "CY", "SI", "JP", "CN", "SE", "KR", "ID", "TW", "TH", "BE", "FR", "HK", "IE", "NL", "PL", "ES", "IT", "DE", "AT", "BS", "IL", "MX", "NZ", "SG", "CH", "NO", "SA", "UA", "AE", "QA", "KW", "BH", "HR", "MY", "CL", "CO", "CR", "PA", "TT", "GT", "HN", "JM", "BB", "BD", "BM", "BN", "BO", "EG", "GF", "GG", "GI", "GP", "IS", "JE", "JO", "KH", "KY", "LI", "LK", "LU", "MC", "MO", "MQ", "MV", "NI", "OM", "PK", "PY", "RE"], "Site": "US", "TimeLeft": "PT0S", "Title": "C.1975 Vintage Ovation Deacon, VERY NICE, OHC, plays and sounds great!", "ItemSpecifics": {"NameValueList": [{"Name": "Country/Region of Manufacture", "Value": ["United States"]}]}, "HitCount": 182, "PrimaryCategoryIDPath": "619:3858:33034", "Country": "US", "ReturnPolicy": {"ReturnsAccepted": "ReturnsNotAccepted", "InternationalReturnsAccepted": "ReturnsNotAccepted"}, "MinimumToBid": {"Value": 1350.0, "CurrencyID": "USD"}, "AutoPay": false, "PaymentAllowedSite": [], "IntegratedMerchantCreditCardEnabled": false, "HandlingTime": 2, "ConditionID": 3000, "ConditionDisplayName": "Used", "GlobalShipping": true, "QuantitySoldByPickupInStore": 0, "NewBestOffer": false}