{"BestOfferEnabled": false, "Description": "This is a 2OO6 Fender Standard Stratocaster, the year fender celebrated its 60th anniversary. This guitar is used but still in great shape. The frets have a small amount of wear that doesn't really show up in the auction photos. There is one small mark on the back of the neck(see photo) and some light cosmetic wear to the back of the neck as well. The finish on the body of this guitar is still in beautiful condition and very glossy. The guitar has nice action and plays really good. It has a full sized tremolo block and a really great tone. It comes with a basic Fender electric guitar gig bag. USA shipping only. Email questions.", "ItemID": "183641793569", "EndTime": "2019-01-26T04:30:10.000Z", "StartTime": "2019-01-19T04:30:10.000Z", "ViewItemURLForNaturalSearch": "https://www.ebay.com/itm/FENDER-STANDARD-STRATOCASTER-EXCELLENT-CONDITION-MEXICAN-STRAT-60th-ANNIVERSARY-/183641793569", "ListingType": "Chinese", "Location": "Catawba, South Carolina", "PaymentMethods": ["PayPal"], "GalleryURL": "https://thumbs2.ebaystatic.com/pict/1836417935698080_1.jpg", "PictureURL": ["https://i.ebayimg.com/00/s/MTYwMFgxNTIw/z/FVcAAOSw4ntcQZis/$_57.JPG?set_id=8800005007", "https://i.ebayimg.com/00/s/NTM1WDE2MDA=/z/5fYAAOSwGWJcQZiu/$_57.JPG?set_id=8800005007", "https://i.ebayimg.com/00/s/MTA3OFgxNjAw/z/tX8AAOSwJLJcQZiw/$_57.JPG?set_id=8800005007", "https://i.ebayimg.com/00/s/MTA1OVgxNjAw/z/RocAAOSwrHtcQZiy/$_57.JPG?set_id=8800005007", "https://i.ebayimg.com/00/s/NjA1WDE2MDA=/z/1awAAOSw7MNcQZ9O/$_57.JPG?set_id=8800005007", "https://i.ebayimg.com/00/s/MTMyNFgxNjAw/z/Y7MAAOSw3K1cQZ9p/$_57.JPG?set_id=8800005007", "https://i.ebayimg.com/00/s/NTYxWDE2MDA=/z/sREAAOSwzgtcQZi4/$_57.JPG?set_id=8800005007", "https://i.ebayimg.com/00/s/NzIzWDE2MDA=/z/y5QAAOSwsGpcQZi6/$_57.JPG?set_id=8800005007", "https://i.ebayimg.com/00/s/NTU1WDE2MDA=/z/jTcAAOSwoEFcQZi7/$_57.JPG?set_id=8800005007", "https://i.ebayimg.com/00/s/MTYwMFgxMDM0/z/7JAAAOSw~xtcQZi-/$_57.JPG?set_id=8800005007", "https://i.ebayimg.com/00/s/Njk4WDE2MDA=/z/PlUAAOSwptZcQZjA/$_57.JPG?set_id=8800005007", "https://i.ebayimg.com/00/s/NDEwWDE2MDA=/z/G~YAAOSwtcRcQZjB/$_57.JPG?set_id=8800005007"], "PostalCode": "29704", "PrimaryCategoryID": "33034", "PrimaryCategoryName": "Musical Instruments & Gear:Guitars & Basses:Electric Guitars", "Quantity": 1, "Seller": {"UserID": "planetmongo", "FeedbackRatingStar": "Red", "FeedbackScore": 3298, "PositiveFeedbackPercent": 100.0}, "BidCount": 48, "ConvertedCurrentPrice": {"Value": 361.0, "CurrencyID": "USD"}, "CurrentPrice": {"Value": 361.0, "CurrencyID": "USD"}, "HighBidder": {"UserID": "6***e", "FeedbackPrivate": false, "FeedbackRatingStar": "Purple", "FeedbackScore": 845}, "ListingStatus": "Completed", "QuantitySold": 1, "ShipToLocations": ["US"], "Site": "US", "TimeLeft": "PT0S", "Title": "FENDER STANDARD STRATOCASTER EXCELLENT CONDITION MEXICAN STRAT 60th ANNIVERSARY", "ItemSpecifics": {"NameValueList": [{"Name": "Brand", "Value": ["Fender"]}, {"Name": "String Configuration", "Value": ["6 String"]}, {"Name": "Body Type", "Value": ["Solid"]}, {"Name": "Model", "Value": ["Standard Stratocaster"]}, {"Name": "Model Year", "Value": ["2006"]}, {"Name": "Body Material", "Value": ["Alder"]}, {"Name": "Modified Item", "Value": ["No"]}, {"Name": "Right-/ Left-Handed", "Value": ["Right-Handed"]}, {"Name": "Series", "Value": ["Standard"]}, {"Name": "Size", "Value": ["Full Size"]}, {"Name": "Country/Region of Manufacture", "Value": ["Mexico"]}]}, "HitCount": 420, "PrimaryCategoryIDPath": "619:3858:33034", "Country": "US", "ReturnPolicy": {"ReturnsAccepted": "ReturnsNotAccepted", "InternationalReturnsAccepted": "ReturnsNotAccepted"}, "MinimumToBid": {"Value": 366.0, "CurrencyID": "USD"}, "AutoPay": true, "PaymentAllowedSite": [], "IntegratedMerchantCreditCardEnabled": false, "HandlingTime": 3, "ConditionID": 3000, "ConditionDisplayName": "Used", "ExcludeShipToLocation": ["Africa", "Central America and Caribbean", "Oceania", "Southeast Asia", "South America", "AF", "AM", "AZ", "BD", "BT", "CN", "GE", "IN", "KZ", "KR", "KG", "MV", "MN", "NP", "PK", "RU", "LK", "TJ", "TM", "UZ", "BA", "UA", "BM", "MX", "BH", "IQ", "JO", "KW", "LB", "OM", "QA", "SA", "TR", "AE", "YE"], "GlobalShipping": false, "ConditionDescription": "USED IN GREAT CONDITION, SEE DESCRIPTION", "QuantitySoldByPickupInStore": 0, "NewBestOffer": false}