{"BestOfferEnabled": false, "Description": "Offering an ESP LTD James Hetfield Snakebyte solid body electric guitar in Mint condition. No evidence of use, still has factory plastic covers on pickups. A few fingerprints on body but no marks or wear. Original case excellentr, a scuff or such. Flat black color. Factory setup. A pretty much new guitar awaiting a good home. SOLD AS IS, good luck.", "ItemID": "264150735569", "EndTime": "2019-01-25T03:00:21.000Z", "StartTime": "2019-01-20T03:00:21.000Z", "ViewItemURLForNaturalSearch": "https://www.ebay.com/itm/ESP-LTD-Hetfield-Snakebyte-Guitar-MINT-CONDITION-Unplayed-Case-Black-no-reserve-/264150735569", "ListingType": "Chinese", "Location": "Hollywood, Florida", "PaymentMethods": ["PayPal"], "GalleryURL": "https://thumbs2.ebaystatic.com/pict/2641507355698080_1.jpg", "PictureURL": ["https://i.ebayimg.com/00/s/MTIwMFgxNjAw/z/YucAAOSwUHBcQ6~a/$_57.JPG?set_id=8800005007", "https://i.ebayimg.com/00/s/MTIwMFgxNjAw/z/TF4AAOSwvapcQ6~Z/$_57.JPG?set_id=8800005007", "https://i.ebayimg.com/00/s/MTIwMFgxNjAw/z/4WsAAOSwsqxcQ6~c/$_57.JPG?set_id=8800005007", "https://i.ebayimg.com/00/s/MTIwMFgxNjAw/z/UaAAAOSwGIZcQ6~g/$_57.JPG?set_id=8800005007", "https://i.ebayimg.com/00/s/MTIwMFgxNjAw/z/738AAOSwNJJcQ6~l/$_57.JPG?set_id=8800005007", "https://i.ebayimg.com/00/s/MTIwMFgxNjAw/z/BakAAOSwP85cQ6~p/$_57.JPG?set_id=8800005007", "https://i.ebayimg.com/00/s/MTIwMFgxNjAw/z/jtwAAOSwhzhcQ6~w/$_57.JPG?set_id=8800005007", "https://i.ebayimg.com/00/s/MTIwMFgxNjAw/z/NW8AAOSwYV5cQ6~0/$_57.JPG?set_id=8800005007", "https://i.ebayimg.com/00/s/MTIwMFgxNjAw/z/KXsAAOSw9g1cQ6~2/$_57.JPG?set_id=8800005007", "https://i.ebayimg.com/00/s/MTIwMFgxNjAw/z/QcIAAOSw5wJcQ6~~/$_57.JPG?set_id=8800005007", "https://i.ebayimg.com/00/s/MTIwMFgxNjAw/z/OJ4AAOSw8VtcQ7AB/$_57.JPG?set_id=8800005007", "https://i.ebayimg.com/00/s/MTIwMFgxNjAw/z/FCUAAOSwXh9cQ7AI/$_57.JPG?set_id=8800005007"], "PostalCode": "33020", "PrimaryCategoryID": "33034", "PrimaryCategoryName": "Musical Instruments & Gear:Guitars & Basses:Electric Guitars", "Quantity": 1, "Seller": {"UserID": "tomusic55", "FeedbackRatingStar": "Green", "FeedbackScore": 7157, "PositiveFeedbackPercent": 99.7, "TopRatedSeller": true}, "BidCount": 6, "ConvertedCurrentPrice": {"Value": 669.0, "CurrencyID": "USD"}, "CurrentPrice": {"Value": 669.0, "CurrencyID": "USD"}, "HighBidder": {"UserID": "2***r", "FeedbackPrivate": false, "FeedbackRatingStar": "Yellow", "FeedbackScore": 39}, "ListingStatus": "Completed", "QuantitySold": 1, "ShipToLocations": ["US"], "Site": "US", "TimeLeft": "PT0S", "Title": "ESP LTD Hetfield Snakebyte Guitar MINT CONDITION Unplayed Case Black no reserve", "HitCount": 305, "PrimaryCategoryIDPath": "619:3858:33034", "Storefront": {"StoreURL": "https://stores.ebay.com/id=182298727", "StoreName": "tomusic55"}, "Country": "US", "ReturnPolicy": {"ReturnsAccepted": "ReturnsNotAccepted", "InternationalReturnsAccepted": "ReturnsNotAccepted"}, "MinimumToBid": {"Value": 679.0, "CurrencyID": "USD"}, "AutoPay": false, "PaymentAllowedSite": [], "IntegratedMerchantCreditCardEnabled": false, "HandlingTime": 3, "ConditionID": 3000, "ConditionDisplayName": "Used", "ExcludeShipToLocation": ["Alaska/Hawaii", "US Protectorates", "APO/FPO", "Africa", "Asia", "Central America and Caribbean", "Europe", "Middle East", "North America", "Oceania", "Southeast Asia", "South America", "PO Box"], "GlobalShipping": false, "QuantitySoldByPickupInStore": 0, "NewBestOffer": false}