{"BestOfferEnabled": true, "Description": "2014 model upgraded with noiseless springs (pictured). Finish is tobacco burst (pictures cannot do it justice). Stock Seymour Duncan TB and '59 zebra pickups, Floyd Rose FR-1000 trem. 9/10 condition: -everything works perfectly -has never left my smoke free home -straight neck, low action -minimal fretware -routed for D-Tuna (not included) -typical hairline finish crack at neck pocket so small it wouldn't show up in pictures (less than 1cm long) -finish scratch above rear cavity (approx 0.5\" long) -rear cover not included Comes with original trem bar and new Charvel double strap case (pictured). I have tried to photo every flaw as listed above. Anything else that looks like a flaw is most likely a reflection. Good luck and happy bidding! On Jan-19-19 at 19:04:14 PST, seller added the following information: Should say Seymour Duncan JB, not \"TB\" - sorry for the typo", "ItemID": "192796911851", "EndTime": "2019-01-24T23:32:06.000Z", "StartTime": "2019-01-19T23:32:06.000Z", "ViewItemURLForNaturalSearch": "https://www.ebay.com/itm/Charvel-San-Dimas-Pro-Mod-FR-Style-1-HH-upgraded-No-Reserve-/192796911851", "ListingType": "Chinese", "Location": "Gonzales, Louisiana", "PaymentMethods": ["PayPal"], "GalleryURL": "https://thumbs4.ebaystatic.com/pict/1927969118518080_1.jpg", "PictureURL": ["https://i.ebayimg.com/00/s/MTU5OVgxMTE3/z/J2UAAOSwpppcQ6yx/$_12.JPG?set_id=880000500F", "https://i.ebayimg.com/00/s/MTU5OVg3MTc=/z/d2IAAOSw7wFcQ6yy/$_12.JPG?set_id=880000500F", "https://i.ebayimg.com/00/s/MTIwMFgxNjAw/z/4soAAOSw3BJcQ6y0/$_12.JPG?set_id=880000500F", "https://i.ebayimg.com/00/s/MTYwMFgxMjAw/z/34wAAOSwPVFcQ6y2/$_12.JPG?set_id=880000500F", "https://i.ebayimg.com/00/s/MTU5OVgxMDk5/z/hNwAAOSwdaVcQ6y3/$_12.JPG?set_id=880000500F", "https://i.ebayimg.com/00/s/MTYwMFgxMjAw/z/2KwAAOSwJtJcQ6y5/$_12.JPG?set_id=880000500F", "https://i.ebayimg.com/00/s/MTU5OVgxMDIz/z/9vUAAOSwa3FcQ6y6/$_12.JPG?set_id=880000500F", "https://i.ebayimg.com/00/s/MTYwMFgxMjAw/z/H0cAAOSwZ-9cQ6y8/$_12.JPG?set_id=880000500F", "https://i.ebayimg.com/00/s/MTYwMFgxMjAw/z/iMcAAOSw8fRcQ6y~/$_12.JPG?set_id=880000500F", "https://i.ebayimg.com/00/s/MTYwMFg4MDM=/z/QRAAAOSwYPNcQ6zA/$_12.JPG?set_id=880000500F", "https://i.ebayimg.com/00/s/MTEwMFgxNjAw/z/BRYAAOSw27lcQ6zC/$_12.JPG?set_id=880000500F"], "PostalCode": "70737", "PrimaryCategoryID": "33034", "PrimaryCategoryName": "Musical Instruments & Gear:Guitars & Basses:Electric Guitars", "Quantity": 1, "Seller": {"UserID": "eat_at_moes", "FeedbackRatingStar": "Turquoise", "FeedbackScore": 369, "PositiveFeedbackPercent": 100.0}, "BidCount": 7, "ConvertedCurrentPrice": {"Value": 350.0, "CurrencyID": "USD"}, "CurrentPrice": {"Value": 350.0, "CurrencyID": "USD"}, "HighBidder": {"UserID": "8***s", "FeedbackPrivate": false, "FeedbackRatingStar": "None", "FeedbackScore": 0}, "ListingStatus": "Completed", "QuantitySold": 1, "ShipToLocations": ["US", "CA", "GB", "DK", "RO", "SK", "BG", "CZ", "FI", "HU", "LV", "LT", "MT", "EE", "AU", "GR", "PT", "CY", "SI", "JP", "CN", "SE", "KR", "ID", "TW", "TH", "BE", "FR", "HK", "IE", "NL", "PL", "ES", "IT", "DE", "AT", "BS", "IL", "MX", "NZ", "SG", "CH", "NO", "SA", "UA", "AE", "QA", "KW", "BH", "HR", "MY", "CL", "CO", "CR", "PA", "TT", "GT", "HN", "JM", "AG", "AW", "BZ", "DM", "GD", "KN", "LC", "MS", "TC", "BB", "BD", "BM", "BN", "BO", "EG", "GF", "GG", "GI", "GP", "IS", "JE", "JO", "KH", "KY", "LI", "LK", "LU", "MC", "MO", "MQ", "MV", "NI", "OM", "PK", "PY", "RE"], "Site": "US", "TimeLeft": "PT0S", "Title": "Charvel San Dimas Pro Mod FR Style 1 HH (upgraded!) No Reserve!", "ItemSpecifics": {"NameValueList": [{"Name": "Brand", "Value": ["Charvel"]}, {"Name": "Non-Domestic Product", "Value": ["No"]}, {"Name": "Custom Bundle", "Value": ["No"]}, {"Name": "Modified Item", "Value": ["No"]}]}, "HitCount": 545, "PrimaryCategoryIDPath": "619:3858:33034", "Country": "US", "ReturnPolicy": {"ReturnsAccepted": "ReturnsNotAccepted"}, "MinimumToBid": {"Value": 355.0, "CurrencyID": "USD"}, "AutoPay": false, "PaymentAllowedSite": [], "IntegratedMerchantCreditCardEnabled": false, "HandlingTime": 3, "ConditionID": 3000, "ConditionDisplayName": "Used", "GlobalShipping": true, "QuantitySoldByPickupInStore": 0, "NewBestOffer": false}