{"BestOfferEnabled": true, "Description": "epiphone sg Custom tony iommi Lefty Left Handed. Condition is Used but in mint condition and has been professionally set up! Sounds amazing with the Gibson tony iommi pick ups!! Comes with a hard shell case too!!!Any questions just ask.. $50 flat shipping to the lower 48 only.. thanks for looking", "ItemID": "333024819986", "EndTime": "2019-01-25T01:29:45.000Z", "StartTime": "2019-01-20T01:29:45.000Z", "ViewItemURLForNaturalSearch": "https://www.ebay.com/itm/epiphone-sg-Custom-tony-iommi-Lefty-Left-Handed-/333024819986", "ListingType": "Chinese", "Location": "Madison, Ohio", "PaymentMethods": ["PayPal"], "GalleryURL": "https://thumbs3.ebaystatic.com/pict/3330248199868080_1.jpg", "PictureURL": ["https://i.ebayimg.com/00/s/MTYwMFgxMjAw/z/2pkAAOSwf29cQ85E/$_12.JPG?set_id=880000500F", "https://i.ebayimg.com/00/s/MTYwMFgxMjAw/z/qr4AAOSw5cZcQ85L/$_12.JPG?set_id=880000500F", "https://i.ebayimg.com/00/s/MTYwMFgxMjAw/z/H0QAAOSwrQ5cQ85I/$_12.JPG?set_id=880000500F", "https://i.ebayimg.com/00/s/MTYwMFgxMjAw/z/rxcAAOSwIS9cQ85G/$_12.JPG?set_id=880000500F", "https://i.ebayimg.com/00/s/MTYwMFgxMjAw/z/HKkAAOSw11BcQ85M/$_12.JPG?set_id=880000500F", "https://i.ebayimg.com/00/s/MTYwMFgxMjAw/z/YxsAAOSw259cQ85J/$_12.JPG?set_id=880000500F"], "PostalCode": "44057", "PrimaryCategoryID": "33034", "PrimaryCategoryName": "Musical Instruments & Gear:Guitars & Basses:Electric Guitars", "Quantity": 1, "Seller": {"UserID": "ttt455", "FeedbackRatingStar": "Turquoise", "FeedbackScore": 191, "PositiveFeedbackPercent": 100.0}, "BidCount": 1, "ConvertedCurrentPrice": {"Value": 650.0, "CurrencyID": "USD"}, "CurrentPrice": {"Value": 650.0, "CurrencyID": "USD"}, "HighBidder": {"UserID": "w***e", "FeedbackPrivate": false, "FeedbackRatingStar": "Purple", "FeedbackScore": 757}, "ListingStatus": "Completed", "QuantitySold": 1, "ShipToLocations": ["US", "CA", "GB", "DK", "RO", "SK", "BG", "CZ", "FI", "HU", "LV", "LT", "MT", "EE", "AU", "GR", "PT", "CY", "SI", "JP", "CN", "SE", "KR", "ID", "TW", "TH", "BE", "FR", "HK", "IE", "NL", "PL", "ES", "IT", "DE", "AT", "BS", "IL", "MX", "NZ", "SG", "CH", "NO", "SA", "UA", "AE", "QA", "KW", "BH", "HR", "MY", "CL", "CO", "CR", "PA", "TT", "GT", "HN", "JM", "BB", "BD", "BM", "BN", "BO", "EG", "GF", "GG", "GI", "GP", "IS", "JE", "JO", "KH", "KY", "LI", "LK", "LU", "MC", "MO", "MQ", "MV", "NI", "OM", "PK", "PY", "RE"], "Site": "US", "TimeLeft": "PT0S", "Title": "epiphone sg Custom tony iommi Lefty Left Handed", "ItemSpecifics": {"NameValueList": [{"Name": "Brand", "Value": ["Epiphone"]}, {"Name": "Model", "Value": ["SG"]}, {"Name": "Right-/ Left-Handed", "Value": ["Left-Handed"]}]}, "HitCount": 113, "PrimaryCategoryIDPath": "619:3858:33034", "Country": "US", "ReturnPolicy": {"ReturnsAccepted": "ReturnsNotAccepted"}, "MinimumToBid": {"Value": 660.0, "CurrencyID": "USD"}, "AutoPay": false, "PaymentAllowedSite": [], "IntegratedMerchantCreditCardEnabled": false, "HandlingTime": 3, "ConditionID": 3000, "ConditionDisplayName": "Used", "GlobalShipping": true, "QuantitySoldByPickupInStore": 0, "NewBestOffer": false}