{"BestOfferEnabled": true, "Description": "Early model Peavey T60 purchased new in 1980. Swamp Ash body with Rock Maple neck. Includes original factory contour case and owner's manual. Freshly detailed, set up and new strings.", "ItemID": "123610193763", "EndTime": "2019-01-26T16:10:14.000Z", "StartTime": "2019-01-24T11:40:25.000Z", "ViewItemURLForNaturalSearch": "https://www.ebay.com/itm/Peavey-T-60-VINTAGE-1980-USA-Natural-Ash-Original-Contour-Case-Owners-Manual-/123610193763", "ListingType": "Chinese", "Location": "Reading, Pennsylvania", "PaymentMethods": ["PayPal"], "GalleryURL": "https://thumbs4.ebaystatic.com/pict/1236101937638080_1.jpg", "PictureURL": ["https://i.ebayimg.com/00/s/MTYwMFg5MDA=/z/AN8AAOSwlelcI7a6/$_32.JPG?set_id=880000500F", "https://i.ebayimg.com/00/s/MTYwMFg5MDA=/z/VvoAAOSw2sxcI7g2/$_32.JPG?set_id=880000500F", "https://i.ebayimg.com/00/s/MTYwMFg5MDA=/z/VSMAAOSw2sxcI7a4/$_32.JPG?set_id=880000500F", "https://i.ebayimg.com/00/s/MTYwMFg5MDA=/z/hpYAAOSwIsdcI7a4/$_32.JPG?set_id=880000500F", "https://i.ebayimg.com/00/s/MTYwMFg5MDA=/z/x6YAAOSw~llcI7a4/$_32.JPG?set_id=880000500F", "https://i.ebayimg.com/00/s/OTAwWDE2MDA=/z/uiYAAOSwW~JcI7a5/$_32.JPG?set_id=880000500F", "https://i.ebayimg.com/00/s/OTAwWDE2MDA=/z/GrgAAOSwEppcI7a6/$_32.JPG?set_id=880000500F", "https://i.ebayimg.com/00/s/MTYwMFg5MDA=/z/knMAAOSwu3ZcI7f9/$_32.JPG?set_id=880000500F", "https://i.ebayimg.com/00/s/OTAwWDE2MDA=/z/3UYAAOSwHGxcI7f~/$_32.JPG?set_id=880000500F", "https://i.ebayimg.com/00/s/OTAwWDE2MDA=/z/cbEAAOSwzwVcI7f-/$_32.JPG?set_id=880000500F", "https://i.ebayimg.com/00/s/MTYwMFg5MDA=/z/nJ8AAOSw19dcI7f-/$_32.JPG?set_id=880000500F", "https://i.ebayimg.com/00/s/OTAwWDE2MDA=/z/OLMAAOSwIKNcI7f-/$_32.JPG?set_id=880000500F"], "PostalCode": "19606", "PrimaryCategoryID": "33034", "PrimaryCategoryName": "Musical Instruments & Gear:Guitars & Basses:Electric Guitars", "Quantity": 1, "Seller": {"UserID": "damar_1524", "FeedbackRatingStar": "None", "FeedbackScore": 0, "PositiveFeedbackPercent": 0.0}, "BidCount": 1, "ConvertedCurrentPrice": {"Value": 529.0, "CurrencyID": "USD"}, "CurrentPrice": {"Value": 529.0, "CurrencyID": "USD"}, "HighBidder": {"UserID": "r***t", "FeedbackPrivate": false, "FeedbackRatingStar": "Blue", "FeedbackScore": 64}, "ListingStatus": "Completed", "QuantitySold": 1, "ShipToLocations": ["US"], "Site": "US", "TimeLeft": "PT0S", "Title": "Peavey T-60 VINTAGE 1980 USA, Natural Ash, Original Contour Case, Owner's Manual", "ItemSpecifics": {"NameValueList": [{"Name": "Body Material", "Value": ["Maple Neck", "Ash"]}, {"Name": "Brand", "Value": ["Peavey"]}, {"Name": "Custom Bundle", "Value": ["No"]}, {"Name": "Model Year", "Value": ["1980"]}, {"Name": "Model", "Value": ["T60"]}, {"Name": "String Configuration", "Value": ["6 String"]}, {"Name": "Right-/ Left-Handed", "Value": ["Right-Handed"]}, {"Name": "Country/Region of Manufacture", "Value": ["United States"]}, {"Name": "Body Type", "Value": ["Solid"]}, {"Name": "Body Color", "Value": ["Natural"]}, {"Name": "MPN", "Value": ["Does Not Apply"]}]}, "HitCount": 24, "PrimaryCategoryIDPath": "619:3858:33034", "Country": "US", "ReturnPolicy": {"ReturnsAccepted": "ReturnsNotAccepted", "InternationalReturnsAccepted": "ReturnsNotAccepted"}, "MinimumToBid": {"Value": 539.0, "CurrencyID": "USD"}, "AutoPay": false, "PaymentAllowedSite": [], "IntegratedMerchantCreditCardEnabled": false, "HandlingTime": 3, "ConditionID": 3000, "ConditionDisplayName": "Used", "GlobalShipping": false, "QuantitySoldByPickupInStore": 0, "NewBestOffer": false}