{"BestOfferEnabled": false, "Description": "GIBSON 2010 NOS Les Paul Traditional Honey Burst! Paypal Accepted! / Trustworthy Seller! / Fast and Secure Shipping!7 Day Auction! You are bidding on a NEW OLF STOCK 2010 Gibson Les Paul Traditional Premium Plus Top Honey Burst.This guitar was for sale at one time in an established shop but never sold. Selling to downsize my guitar collection. This guitar has a gorgeous premium Honey Burst Maple Top and a Dark Rosewood Fretboard. GUITAR IS IN MINT CONDITION. NO ISSUES. I ALMOST NEVER USE THE WORD MINT WHEN DESCRIBINGA GUITAR, BUT IN THIS CASE I HAVE NO HESITATION IN DOING SO. THIS IS A BEAUTIFUL GUITAR THAT HAS A GREAT FEEL TO IT. FRETBOARD IS LIKE BUTTER. No Dings, Scratches, Belt Buckle Rash, etc. Dead Solid Perfect! WEIGHT: 8lbs. 6oz. I have owned several Les Pauls and a few Les Paul Traditionals. This one seems a little lighter than the previous ones I have owned. Very comfortable. This has a 50's style neck which is also very comfortable. Guitar is 100% original, no modifications.Has the nice Ivory Tulip style Tuners which look great on a Les Paul.Comes w/ original Gibson hardshell case and the following documentation:Owner's Manual and Checklist from the factory with signatures of those who inspected it and packed it, etc. Shipped in original box. Bridge Pickup: 57 Classic Plus Humbucker.Neck Pickup: 57 Classic Humbucker.Decal on one of the pickups says PLEK.(Can be removed by new owner) You will find this guitar very fun to play.I think you will love this guitar. SHIPPING: $75.00 UPS shipping to all destinations. USA ONLY please (lower 48). Payment by Paypal ONLY.Must have verified eBay address. No PO Boxes. Thanks for looking and email me with any questions.All answered promptly. BID WITH CONFIDENCE, I have been doing this since 1997!", "ItemID": "273662949481", "EndTime": "2019-01-25T16:02:30.000Z", "StartTime": "2019-01-18T16:02:30.000Z", "ViewItemURLForNaturalSearch": "https://www.ebay.com/itm/2010-NOS-Gibson-Les-Paul-Traditional-Honey-Burst-w-Figured-Top-/273662949481", "ListingType": "Chinese", "Location": "Ladys Island, South Carolina", "PaymentMethods": ["PayPal"], "GalleryURL": "https://thumbs2.ebaystatic.com/pict/2736629494818080_1.jpg", "PictureURL": ["https://i.ebayimg.com/00/s/MTYwMFg3OTY=/z/V-MAAOSwZddcQfLP/$_57.JPG?set_id=8800005007", "https://i.ebayimg.com/00/s/MTYwMFgxMjAw/z/NQcAAOSwJiBcQfLI/$_57.JPG?set_id=8800005007", "https://i.ebayimg.com/00/s/Nzg4WDE2MDA=/z/yEQAAOSwA3xcQfLA/$_57.JPG?set_id=8800005007", "https://i.ebayimg.com/00/s/MTEwNFgxNjAw/z/~tEAAOSwpzRcQfL3/$_57.JPG?set_id=8800005007", "https://i.ebayimg.com/00/s/MTYwMFgxMjI1/z/z3QAAOSwsQJcQfLY/$_57.JPG?set_id=8800005007", "https://i.ebayimg.com/00/s/MTYwMFg4Nzg=/z/efgAAOSwcXhcQfK3/$_57.JPG?set_id=8800005007", "https://i.ebayimg.com/00/s/MTYwMFgxMjQz/z/848AAOSwuQhcQfLh/$_57.JPG?set_id=8800005007", "https://i.ebayimg.com/00/s/ODk4WDE2MDA=/z/w6gAAOSwWAhcQfLr/$_57.JPG?set_id=8800005007"], "PostalCode": "29907", "PrimaryCategoryID": "33034", "PrimaryCategoryName": "Musical Instruments & Gear:Guitars & Basses:Electric Guitars", "Quantity": 1, "Seller": {"UserID": "biscotti", "FeedbackRatingStar": "Red", "FeedbackScore": 2617, "PositiveFeedbackPercent": 100.0}, "BidCount": 2, "ConvertedCurrentPrice": {"Value": 1575.0, "CurrencyID": "USD"}, "CurrentPrice": {"Value": 1575.0, "CurrencyID": "USD"}, "HighBidder": {"UserID": "a***i", "FeedbackPrivate": false, "FeedbackRatingStar": "Turquoise", "FeedbackScore": 256}, "ListingStatus": "Completed", "QuantitySold": 1, "ShipToLocations": ["US"], "Site": "US", "TimeLeft": "PT0S", "Title": "2010 NOS Gibson Les Paul Traditional Honey Burst w/ Figured Top!  ", "ItemSpecifics": {"NameValueList": [{"Name": "String Configuration", "Value": ["6 String"]}, {"Name": "Brand", "Value": ["Gibson"]}, {"Name": "Right-/ Left-Handed", "Value": ["Right-Handed"]}, {"Name": "Soundboard Style", "Value": ["Solid Body"]}, {"Name": "Non-Domestic Product", "Value": ["No"]}, {"Name": "Body Type", "Value": ["Solid"]}, {"Name": "Model", "Value": ["Les Paul Traditional"]}, {"Name": "Body Color", "Value": ["Honey Burst Figured Top"]}, {"Name": "Custom Bundle", "Value": ["No"]}, {"Name": "Model Year", "Value": ["2010"]}, {"Name": "Size", "Value": ["Full Size"]}, {"Name": "Modified Item", "Value": ["No"]}, {"Name": "Product Line", "Value": ["Gibson Les Paul"]}, {"Name": "Country/Region of Manufacture", "Value": ["United States"]}]}, "HitCount": 719, "PrimaryCategoryIDPath": "619:3858:33034", "Country": "US", "ReturnPolicy": {"ReturnsAccepted": "ReturnsNotAccepted", "InternationalReturnsAccepted": "ReturnsNotAccepted"}, "MinimumToBid": {"Value": 1600.0, "CurrencyID": "USD"}, "AutoPay": false, "PaymentAllowedSite": [], "IntegratedMerchantCreditCardEnabled": false, "HandlingTime": 2, "ConditionID": 3000, "ConditionDisplayName": "Used", "GlobalShipping": false, "QuantitySoldByPickupInStore": 0, "NewBestOffer": false}