{"BestOfferEnabled": false, "Description": "https://youtu.be/LRPL0Cz9aDQ", "ItemID": "123600100653", "EndTime": "2019-01-25T02:45:38.000Z", "StartTime": "2019-01-18T02:45:38.000Z", "ViewItemURLForNaturalSearch": "https://www.ebay.com/itm/heavy-relic-distressed-electric-guitar-tele-style-blue-/123600100653", "ListingType": "Chinese", "Location": "Tallmadge, Ohio", "PaymentMethods": ["PayPal"], "GalleryURL": "https://thumbs2.ebaystatic.com/pict/1236001006538080_1.jpg", "PictureURL": ["https://i.ebayimg.com/00/s/MTIwMFgxNjAw/z/ELkAAOSwYPNcQTwE/$_32.JPG?set_id=880000500F", "https://i.ebayimg.com/00/s/MTIwMFgxNjAw/z/K80AAOSw7wFcQTmN/$_32.JPG?set_id=880000500F", "https://i.ebayimg.com/00/s/MTIwMFgxNjAw/z/Yr8AAOSw6IdcQTmR/$_32.JPG?set_id=880000500F", "https://i.ebayimg.com/00/s/MTIwMFgxNjAw/z/294AAOSwnCdcQTmN/$_32.JPG?set_id=880000500F", "https://i.ebayimg.com/00/s/MTIwMFgxNjAw/z/sqgAAOSw76JcQTmQ/$_32.JPG?set_id=880000500F", "https://i.ebayimg.com/00/s/MTIwMFgxNjAw/z/S3YAAOSw-sVcQTmP/$_32.JPG?set_id=880000500F", "https://i.ebayimg.com/00/s/MTIwMFgxNjAw/z/WFAAAOSwCjpcQTmT/$_32.JPG?set_id=880000500F", "https://i.ebayimg.com/00/s/MTIwMFgxNjAw/z/ydgAAOSwF5VcQTmL/$_32.JPG?set_id=880000500F", "https://i.ebayimg.com/00/s/MTIwMFgxNjAw/z/wLsAAOSwDsZcQTmG/$_32.JPG?set_id=880000500F", "https://i.ebayimg.com/00/s/MTIwMFgxNjAw/z/2JkAAOSw~flcQTmO/$_32.JPG?set_id=880000500F", "https://i.ebayimg.com/00/s/MTIwMFgxNjAw/z/1WwAAOSwlfNcQTmO/$_32.JPG?set_id=880000500F"], "PostalCode": "44278", "PrimaryCategoryID": "33034", "PrimaryCategoryName": "Musical Instruments & Gear:Guitars & Basses:Electric Guitars", "Quantity": 1, "Seller": {"UserID": "drog55", "FeedbackRatingStar": "Red", "FeedbackScore": 1241, "PositiveFeedbackPercent": 100.0}, "BidCount": 78, "ConvertedCurrentPrice": {"Value": 365.0, "CurrencyID": "USD"}, "CurrentPrice": {"Value": 365.0, "CurrencyID": "USD"}, "HighBidder": {"UserID": "4***r", "FeedbackPrivate": false, "FeedbackRatingStar": "Turquoise", "FeedbackScore": 499}, "ListingStatus": "Completed", "QuantitySold": 1, "ShipToLocations": ["US", "CA", "GB", "DK", "RO", "SK", "BG", "CZ", "FI", "HU", "LV", "LT", "MT", "EE", "AU", "GR", "PT", "CY", "SI", "JP", "CN", "SE", "KR", "ID", "TW", "TH", "BE", "FR", "HK", "IE", "NL", "PL", "ES", "IT", "DE", "AT", "BS", "IL", "MX", "NZ", "SG", "CH", "NO", "SA", "UA", "AE", "QA", "KW", "BH", "HR", "MY", "CL", "CO", "CR", "DO", "PA", "TT", "GT", "SV", "HN", "JM", "AG", "AW", "BZ", "DM", "GD", "KN", "LC", "MS", "TC", "BB", "BD", "BM", "BN", "BO", "EG", "GF", "GG", "GI", "GP", "IS", "JE", "JO", "KH", "KY", "LI", "LK", "LU", "MC", "MO", "MQ", "MV", "NI", "OM", "PK", "PY", "RE"], "Site": "US", "TimeLeft": "PT0S", "Title": "heavy relic distressed electric guitar tele style-blue", "ItemSpecifics": {"NameValueList": [{"Name": "Brand", "Value": ["Unbranded"]}, {"Name": "String Configuration", "Value": ["6 String"]}, {"Name": "Body Type", "Value": ["Solid"]}, {"Name": "Body Color", "Value": ["Blue"]}]}, "HitCount": 871, "PrimaryCategoryIDPath": "619:3858:33034", "Country": "US", "ReturnPolicy": {"ReturnsAccepted": "ReturnsNotAccepted"}, "MinimumToBid": {"Value": 370.0, "CurrencyID": "USD"}, "AutoPay": false, "PaymentAllowedSite": [], "IntegratedMerchantCreditCardEnabled": false, "HandlingTime": 2, "ConditionID": 3000, "ConditionDisplayName": "Used", "GlobalShipping": true, "QuantitySoldByPickupInStore": 0, "NewBestOffer": false}