{"BestOfferEnabled": false, "Description": "PRS CE24 Electric Guitar Satin Cherry Burst w/GigBag USED. Condition is Used. Shipped with USPS Priority Mail. PRS CE 24 Solidbody Electric Guitar Features:Sweetwater-exclusive CE 24 with distinctive Cherry Burst satin nitro finishBolt-on Pattern Thin maple neck - woody attack, quick responseLightweight mahogany body provides warm, balanced sustainArticulate East Indian rosewood fingerboard suits shredders to chordistsSignature bird inlays for classic PRS looks85/15 pickup configuration delivers 6 versatile humbucker/single-coil soundsPush-pull coil tappingTremolo bridge adds texture to chords and leadsLocking tuners keep you stage and studio readyNickel hardware resists fingerprintsProprietary PRS pot taper delivers smooth volume swells25\" scale length", "ItemID": "303036027648", "EndTime": "2019-01-24T17:05:27.000Z", "StartTime": "2019-01-20T21:27:15.000Z", "ViewItemURLForNaturalSearch": "https://www.ebay.com/itm/PRS-CE24-Electric-Guitar-Satin-Cherry-Burst-w-GigBag-USED-/303036027648", "ListingType": "Chinese", "Location": "Severn, Maryland", "PaymentMethods": ["PayPal"], "GalleryURL": "https://thumbs1.ebaystatic.com/pict/3030360276488080_1.jpg", "PictureURL": ["https://i.ebayimg.com/00/s/MTYwMFgxMjAw/z/jJoAAOSwgadcROWk/$_32.JPG?set_id=880000500F", "https://i.ebayimg.com/00/s/MTIwMFgxNjAw/z/OlYAAOSwKdpcROWj/$_32.JPG?set_id=880000500F", "https://i.ebayimg.com/00/s/MTYwMFgxMjAw/z/LDYAAOSwXI1cROWj/$_32.JPG?set_id=880000500F", "https://i.ebayimg.com/00/s/MTYwMFgxMjAw/z/F8UAAOSwZnpcROWj/$_32.JPG?set_id=880000500F", "https://i.ebayimg.com/00/s/MTYwMFgxMjAw/z/bwoAAOSwZ-9cROWl/$_32.JPG?set_id=880000500F", "https://i.ebayimg.com/00/s/MTYwMFgxMjAw/z/9IEAAOSws9pcROWj/$_32.JPG?set_id=880000500F", "https://i.ebayimg.com/00/s/MTYwMFgxMjAw/z/aRsAAOSw4b1cROWj/$_32.JPG?set_id=880000500F", "https://i.ebayimg.com/00/s/MTYwMFgxMjAw/z/kOYAAOSw0TBcROWj/$_32.JPG?set_id=880000500F", "https://i.ebayimg.com/00/s/MTYwMFgxMjAw/z/3E4AAOSwD1pcROWk/$_32.JPG?set_id=880000500F"], "PostalCode": "21144", "PrimaryCategoryID": "33034", "PrimaryCategoryName": "Musical Instruments & Gear:Guitars & Basses:Electric Guitars", "Quantity": 1, "Seller": {"UserID": "vedder_10", "FeedbackRatingStar": "Turquoise", "FeedbackScore": 193, "PositiveFeedbackPercent": 100.0}, "BidCount": 1, "ConvertedCurrentPrice": {"Value": 1400.0, "CurrencyID": "USD"}, "CurrentPrice": {"Value": 1400.0, "CurrencyID": "USD"}, "HighBidder": {"UserID": "s***t", "FeedbackPrivate": false, "FeedbackRatingStar": "Yellow", "FeedbackScore": 33}, "ListingStatus": "Completed", "QuantitySold": 1, "ShipToLocations": ["US"], "Site": "US", "TimeLeft": "PT0S", "Title": "PRS CE24 Electric Guitar Satin Cherry Burst w/GigBag USED", "ItemSpecifics": {"NameValueList": [{"Name": "Custom Field 1", "Value": ["USEDCE24SATIN"]}, {"Name": "Brand", "Value": ["PRS"]}, {"Name": "Custom Field 2", "Value": ["USEDCE24SATIN"]}, {"Name": "Model", "Value": ["CE24"]}, {"Name": "Custom1", "Value": ["USEDCE24SATIN"]}, {"Name": "Custom2", "Value": ["USEDCE24SATIN"]}, {"Name": "Item Condition", "Value": ["Used"]}, {"Name": "Hand", "Value": ["Right"]}, {"Name": "Dexterity", "Value": ["Right-Handed"]}, {"Name": "Body Color", "Value": ["Satin McCarty Burst"]}, {"Name": "String Configuration", "Value": ["6 String"]}, {"Name": "Body Type", "Value": ["Solid"]}, {"Name": "MPN", "Value": ["Does Not Apply"]}, {"Name": "UPC", "Value": ["Does Not Apply"]}]}, "HitCount": 280, "PrimaryCategoryIDPath": "619:3858:33034", "Country": "US", "ReturnPolicy": {"ReturnsAccepted": "ReturnsNotAccepted"}, "MinimumToBid": {"Value": 1425.0, "CurrencyID": "USD"}, "AutoPay": false, "PaymentAllowedSite": [], "IntegratedMerchantCreditCardEnabled": false, "HandlingTime": 3, "ConditionID": 3000, "ConditionDisplayName": "Used", "GlobalShipping": false, "QuantitySoldByPickupInStore": 0, "NewBestOffer": false}