{"BestOfferEnabled": false, "Description": "Rare Mid Eighties (1985) Yamaha SBG 1000 Black Beauty Guitar: This Gem was made in Japan in the mid eighties (1985) as per it's original Yamaha Warr. Tag (Included) in the sale. This Guitar appears to have spent most of it's life in it's case as it's in great shape for being 34 years of age. This shows only light handling, pick swirls/ scratches, however no dings, dents or major marks and the gold metal finish shows most of it's original plating. The original protective plastic is still on the rear panels and this sale includes the original warranty card with Dealer information and signed to this guitar in April of 1985. This includes the original Yamaha case, Original Warr. Card (as shown) and some case candy as pictured. This guitar is amazing, and 100% original. it's all stock and top quality. Please do research these, they are heavy, a great slab of mahogany with ebony triangular block beautiful mother pearl inlays. Push/pull tone controls that gives you a great range of sounds. And this one is a rare find in this condition. Please view the pictures as your best overall example of condition. Case shows some wear here and there, but also quite nice and solid for it's age, just shows more wear than the guitar itself. Don't miss your chance to own this high quality made in Japan gem, being sold with a low starting bid and no-reserve! Shipping is a flat $89 to the lower 48 states. USA Sales Only Please! Note: All items sold as described, as-is and final. Only what is shown in the pictures is included, nothing more. This is a vintage used item and may show sings of wear/ playing use, etc. Regardless please view the pictures as they are your best overall example of condition, as condition can be subjective. This was an estate find and we are by no means experts, so again please view the pictures and ask any questions prior to bidding. Only what is shown in the pictures is included, nothing more. Thank you and best of luck!", "ItemID": "264162590056", "EndTime": "2019-01-25T02:08:44.000Z", "StartTime": "2019-01-25T01:43:37.000Z", "ViewItemURLForNaturalSearch": "https://www.ebay.com/itm/1985-Yamaha-SBG-1000-Japan-Black-Beauty-Electric-Guitar-Orig-Case-Tag-Nice-/264162590056", "ListingType": "Chinese", "Location": "Medford, Oregon", "PaymentMethods": ["PayPal"], "GalleryURL": "https://thumbs1.ebaystatic.com/pict/2641625900568080_1.jpg", "PictureURL": ["https://i.ebayimg.com/00/s/NzY1WDE2MDA=/z/jCMAAOSwnh5cSmfT/$_57.JPG?set_id=8800005007", "https://i.ebayimg.com/00/s/ODUxWDE2MDA=/z/8FkAAOSw5tNcSmfq/$_57.JPG?set_id=8800005007", "https://i.ebayimg.com/00/s/MTAwOFgxNjAw/z/eFkAAOSw5cZcSmhW/$_57.JPG?set_id=8800005007", "https://i.ebayimg.com/00/s/OTU2WDEwNDk=/z/LyMAAOSwGplcSmiL/$_57.JPG?set_id=8800005007", "https://i.ebayimg.com/00/s/MTI1MVgxMzQz/z/-i4AAOSwpYxcSmin/$_57.JPG?set_id=8800005007", "https://i.ebayimg.com/00/s/NjUxWDE0ODM=/z/RqYAAOSwlfNcSmjQ/$_57.JPG?set_id=8800005007", "https://i.ebayimg.com/00/s/OTk1WDE2MDA=/z/v2UAAOSwNqxcSmjo/$_57.JPG?set_id=8800005007", "https://i.ebayimg.com/00/s/MTAwMlgxNjAw/z/juUAAOSwiOZcSmkA/$_57.JPG?set_id=8800005007", "https://i.ebayimg.com/00/s/NzM5WDEzMzg=/z/VOIAAOSwoRpcSmkm/$_57.JPG?set_id=8800005007", "https://i.ebayimg.com/00/s/OTY2WDE2MDA=/z/LJ4AAOSw7HhcSmk9/$_57.JPG?set_id=8800005007", "https://i.ebayimg.com/00/s/ODg2WDE2MDA=/z/vnEAAOSwseFcSmlT/$_57.JPG?set_id=8800005007", "https://i.ebayimg.com/00/s/NzQzWDE1Mzk=/z/g-8AAOSwF5VcSml7/$_57.JPG?set_id=8800005007"], "PostalCode": "97501", "PrimaryCategoryID": "33034", "PrimaryCategoryName": "Musical Instruments & Gear:Guitars & Basses:Electric Guitars", "Quantity": 1, "Seller": {"UserID": "pickersparadise_mall", "FeedbackRatingStar": "Red", "FeedbackScore": 3521, "PositiveFeedbackPercent": 100.0, "TopRatedSeller": true}, "BidCount": 1, "ConvertedCurrentPrice": {"Value": 599.0, "CurrencyID": "USD"}, "CurrentPrice": {"Value": 599.0, "CurrencyID": "USD"}, "HighBidder": {"UserID": "r***i", "FeedbackPrivate": false, "FeedbackRatingStar": "Turquoise", "FeedbackScore": 348}, "ListingStatus": "Completed", "QuantitySold": 1, "ShipToLocations": ["US"], "Site": "US", "TimeLeft": "PT0S", "Title": "1985 Yamaha SBG 1000 Japan Black Beauty Electric Guitar Orig Case & Tag! Nice!", "ItemSpecifics": {"NameValueList": [{"Name": "Brand", "Value": ["Yamaha"]}, {"Name": "Body Color", "Value": ["Black"]}, {"Name": "Model", "Value": ["SBG 1000"]}, {"Name": "String Configuration", "Value": ["6 String"]}, {"Name": "Model Year", "Value": ["1985"]}, {"Name": "Country/Region of Manufacture", "Value": ["Japan"]}]}, "HitCount": 14, "Subtitle": "Rare 34 yr Old Closet Classic Case Queen. Nice!", "PrimaryCategoryIDPath": "619:3858:33034", "Storefront": {"StoreURL": "https://stores.ebay.com/id=1051932295", "StoreName": "pickersparadise_mall"}, "Country": "US", "ReturnPolicy": {"ReturnsAccepted": "ReturnsNotAccepted", "InternationalReturnsAccepted": "ReturnsNotAccepted"}, "MinimumToBid": {"Value": 609.0, "CurrencyID": "USD"}, "AutoPay": false, "PaymentAllowedSite": [], "IntegratedMerchantCreditCardEnabled": false, "HandlingTime": 3, "ConditionID": 3000, "ConditionDisplayName": "Used", "GlobalShipping": false, "ConditionDescription": "Light swirls and pick scratches, from light use. Case shows some wear from storage and use..", "QuantitySoldByPickupInStore": 0, "NewBestOffer": false}