{"BestOfferEnabled": true, "Description": "Ebony Body.", "ItemID": "223330590101", "EndTime": "2019-01-24T23:53:21.000Z", "StartTime": "2019-01-17T23:53:21.000Z", "ViewItemURLForNaturalSearch": "https://www.ebay.com/itm/2004-Fender-American-Deluxe-Telecaster-original-w-case-Excellent-Condition-/223330590101", "ListingType": "Chinese", "Location": "Brainerd, Minnesota", "PaymentMethods": ["PayPal"], "GalleryURL": "https://thumbs2.ebaystatic.com/pict/2233305901018080_1.jpg", "PictureURL": ["https://i.ebayimg.com/00/s/MTIwMFgxNjAw/z/ud4AAOSwhfRcQRLF/$_32.JPG?set_id=880000500F"], "PostalCode": "56401", "PrimaryCategoryID": "33034", "PrimaryCategoryName": "Musical Instruments & Gear:Guitars & Basses:Electric Guitars", "Quantity": 1, "Seller": {"UserID": "dannord_48", "FeedbackRatingStar": "None", "FeedbackScore": 0, "PositiveFeedbackPercent": 0.0}, "BidCount": 1, "ConvertedCurrentPrice": {"Value": 1000.0, "CurrencyID": "USD"}, "CurrentPrice": {"Value": 1000.0, "CurrencyID": "USD"}, "HighBidder": {"UserID": "e***6", "FeedbackPrivate": false, "FeedbackRatingStar": "None", "FeedbackScore": 0}, "ListingStatus": "Completed", "QuantitySold": 1, "ShipToLocations": ["US"], "Site": "US", "TimeLeft": "PT0S", "Title": "2004 Fender American Deluxe Telecaster - original w/case - Excellent Condition", "ItemSpecifics": {"NameValueList": [{"Name": "Product Line", "Value": ["American Deluxe"]}, {"Name": "Brand", "Value": ["Fender"]}, {"Name": "Model Year", "Value": ["2004"]}, {"Name": "Model", "Value": ["Telecaster American Deluxe"]}, {"Name": "String Configuration", "Value": ["6 String"]}, {"Name": "Right-/ Left-Handed", "Value": ["Right-Handed"]}, {"Name": "Series", "Value": ["American Deluxe"]}, {"Name": "Country/Region of Manufacture", "Value": ["United States"]}, {"Name": "Body Type", "Value": ["Solid"]}, {"Name": "MPN", "Value": ["Does Not Apply"]}, {"Name": "Body Color", "Value": ["Aged Cherry Burst"]}]}, "HitCount": 424, "PrimaryCategoryIDPath": "619:3858:33034", "Country": "US", "ReturnPolicy": {"ReturnsAccepted": "ReturnsNotAccepted"}, "MinimumToBid": {"Value": 1025.0, "CurrencyID": "USD"}, "AutoPay": false, "PaymentAllowedSite": [], "IntegratedMerchantCreditCardEnabled": false, "HandlingTime": 3, "ConditionID": 3000, "ConditionDisplayName": "Used", "GlobalShipping": false, "QuantitySoldByPickupInStore": 0, "NewBestOffer": false}