{"BestOfferEnabled": false, "Description": "Vintage Eric Clapton Relic. Condition is Player Blues Style. Professionaly Set Up. Plays Like Butter. I Have Loved This Guitar For Over 19 Years... I Got Some Other Things Going, So Letting It Go. Enjoy The Vintage Vibe On This Thing.On Jan-21-19 at 07:34:42 PST, seller added the following information: I have the original Reciepts for this Made In USA Eric Clapton that I purchased at Guitar Center Years Ago, and will post photos of them Tuesday. They are at my work.", "ItemID": "352572615516", "EndTime": "2019-01-26T05:28:02.000Z", "StartTime": "2019-01-19T05:28:02.000Z", "ViewItemURLForNaturalSearch": "https://www.ebay.com/itm/Fender-Custom-Shop-Stratocaster-Limited-Edition-Relic-Vintage-Eric-Clapton-/352572615516", "ListingType": "Chinese", "Location": "Glendale, California", "PaymentMethods": ["PayPal"], "GalleryURL": "https://thumbs1.ebaystatic.com/pict/3525726155168080_1.jpg", "PictureURL": ["https://i.ebayimg.com/00/s/MTYwMFgxMjAw/z/cbwAAOSwLeFcQrQ1/$_12.JPG?set_id=880000500F", "https://i.ebayimg.com/00/s/MTYwMFgxMjAw/z/htwAAOSwCXxcQrQ5/$_12.JPG?set_id=880000500F", "https://i.ebayimg.com/00/s/MTYwMFgxMjAw/z/0YAAAOSwjoFcQrQ7/$_12.JPG?set_id=880000500F", "https://i.ebayimg.com/00/s/MTYwMFgxMjAw/z/M4kAAOSwYX9cQrQ9/$_12.JPG?set_id=880000500F", "https://i.ebayimg.com/00/s/MTYwMFgxMjAw/z/Y14AAOSwrAFcQrQ3/$_12.JPG?set_id=880000500F", "https://i.ebayimg.com/00/s/MTYwMFgxMjAw/z/HYkAAOSwfgNcQrg~/$_12.JPG?set_id=880000500F", "https://i.ebayimg.com/00/s/MTYwMFgxMjAw/z/4K0AAOSw8NNcQrhB/$_12.JPG?set_id=880000500F", "https://i.ebayimg.com/00/s/MTYwMFgxMjAw/z/DXoAAOSwI9FcQrg9/$_12.JPG?set_id=880000500F", "https://i.ebayimg.com/00/s/MTYwMFgxMjAw/z/u-cAAOSwcDdcQrhC/$_12.JPG?set_id=880000500F", "https://i.ebayimg.com/00/s/MTYwMFgxMjAw/z/fcoAAOSwKdpcQrg7/$_12.JPG?set_id=880000500F", "https://i.ebayimg.com/00/s/MTYwMFgxMjAw/z/0jsAAOSworNcQtLf/$_12.JPG?set_id=880000500F", "https://i.ebayimg.com/00/s/MTYwMFgxMjAw/z/cPkAAOSwFlJcQtLb/$_12.JPG?set_id=880000500F"], "PostalCode": "91205", "PrimaryCategoryID": "33034", "PrimaryCategoryName": "Musical Instruments & Gear:Guitars & Basses:Electric Guitars", "Quantity": 1, "Seller": {"UserID": "stones_collectibles", "FeedbackRatingStar": "Blue", "FeedbackScore": 96, "PositiveFeedbackPercent": 100.0}, "BidCount": 33, "ConvertedCurrentPrice": {"Value": 516.88, "CurrencyID": "USD"}, "CurrentPrice": {"Value": 516.88, "CurrencyID": "USD"}, "HighBidder": {"UserID": "c***c", "FeedbackPrivate": false, "FeedbackRatingStar": "Turquoise", "FeedbackScore": 356}, "ListingStatus": "Completed", "QuantitySold": 1, "ShipToLocations": ["US"], "Site": "US", "TimeLeft": "PT0S", "Title": "Fender Custom Shop Stratocaster Limited Edition Relic Vintage Eric Clapton", "ItemSpecifics": {"NameValueList": [{"Name": "Brand", "Value": ["Fender"]}, {"Name": "Model", "Value": ["Custom"]}]}, "HitCount": 1201, "PrimaryCategoryIDPath": "619:3858:33034", "Country": "US", "ReturnPolicy": {"ReturnsAccepted": "ReturnsNotAccepted"}, "MinimumToBid": {"Value": 526.88, "CurrencyID": "USD"}, "AutoPay": false, "PaymentAllowedSite": [], "IntegratedMerchantCreditCardEnabled": false, "HandlingTime": 3, "ConditionID": 3000, "ConditionDisplayName": "Used", "GlobalShipping": false, "QuantitySoldByPickupInStore": 0, "NewBestOffer": false}