{"BestOfferEnabled": false, "Description": "**PLEASE READ ALL BEFORE BIDDING** The pictures in this auction are of the actual item(s) you will receive. This 2011 Gibson Les Paul Deluxe Made In The USA with Gibson Hardcase is in used working condition and plays well. This has scratches, dings and chips in the finish. Foam stuck at the headstock from a rest/holder. The action is low and fast and this has push/pull pots. This will come with the used working 2011 Gibson Les Paul Deluxe Made In The USA with a Gibson Hardcase Only. 436194-1R WE DON'T DO \"BUY IT NOW\" (BIN) AUCTIONS,WE DO NOT ACCEPT ANY OFFERS ON OUR AUCTIONS AND WE WILL NOT END AN AUCTION EARLY TO SELL IT. PLEASE DO NOT ASK.... We ONLY ship to the continual UNITED STATES. We are a pawnshop and most of our items are things we either bought through the shop or things a customer was unable to return for. All sales are AS IS with no returns UNLESS the item is not as described or damaged in shipping. AS of January 1, 2019 Ebay will collect SALES TAX from you if you live in any of these states. Washinton state and Minnesota. Please read our entire description and terms before bidding. If you have any questions please ask them BEFORE you bid. We do our best to present accurate information about every item we sell. We strive to provide strong customer satisfaction and a positive experience for each bidder. However, it is the responsiblity of the BIDDER to carefully review all item photos and descriptions. By bidding on this item YOU UNDERSTAND AND AGREE TO THE TERMS STATED BELOW. TERMS: Items are sold as is - refunds only allowed if item(s) are not as described. Payment must be received within 3 days of the end of each auction. If payment IS NOT received within 3 days of close of auction we will file a \"non paying bidder alert\" to re-coup our listing fees and the item will be relisted. PAYMENT METHODS: We ONLY accept PAYPAL and we ONLY ship to CONFIRMED Paypal addresses. If you need it shipped to a different address YOU will have to update the address in YOUR Paypal account BEFORE we can ship your package. WE WILL NOT CHANGE A ADDRESS. SHIPPING: We do allow free local pickup BUT you must contact us BEFORE making payment to let us know you are coming in to the store to pickup. Otherwise your item will get shipped. We do not ship on Saturdays, Sundays or holidays. Although most of our auctions are free shipping we will combine shipping charges (if there are any) if multiple auctions are won. If your auction ends for $250.00 or more we will include insurance at no cost to you. If YOU wish to have insurance on any item LESS than $250.00 it will be YOUR responsibilty to let us know before paying so that we can add this into YOUR cost. We do our best to have each item shipped by 5:00 pm the next business day from the time payment is made and cleared through paypal. We appreciate your business!! Thank you for bidding and GOOD LUCK!!", "ItemID": "183640737964", "EndTime": "2019-01-24T16:31:53.000Z", "StartTime": "2019-01-17T16:31:53.000Z", "ViewItemURLForNaturalSearch": "https://www.ebay.com/itm/2011-Gibson-Les-Paul-Deluxe-Made-USA-w-Gibson-Hardcase-/183640737964", "ListingType": "Chinese", "Location": "Lacey, Washington", "PaymentMethods": ["PayPal"], "GalleryURL": "https://thumbs1.ebaystatic.com/pict/1836407379648080_1.jpg", "PictureURL": ["https://i.ebayimg.com/00/s/MTA3MFgxNjAw/z/uroAAOSwj9hcQK2g/$_1.JPG?set_id=880000500F", "https://i.ebayimg.com/00/s/MTYwMFgxMDcw/z/0FoAAOSw0YlcQK2o/$_1.JPG?set_id=880000500F", "https://i.ebayimg.com/00/s/MTA3MFgxNjAw/z/UvUAAOSw8bpcQK2w/$_1.JPG?set_id=880000500F", "https://i.ebayimg.com/00/s/MTA3MFgxNjAw/z/A18AAOSwI01cQK26/$_1.JPG?set_id=880000500F", "https://i.ebayimg.com/00/s/MTYwMFgxMDcw/z/1NgAAOSwNJJcQK3D/$_1.JPG?set_id=880000500F", "https://i.ebayimg.com/00/s/MTA3MFgxNjAw/z/CJMAAOSwKL5cQK3L/$_1.JPG?set_id=880000500F", "https://i.ebayimg.com/00/s/MTA3MFgxNjAw/z/0XYAAOSwfMlcQK3S/$_1.JPG?set_id=880000500F", "https://i.ebayimg.com/00/s/MTA3MFgxNjAw/z/QfYAAOSwOKxcQK3Y/$_1.JPG?set_id=880000500F", "https://i.ebayimg.com/00/s/MTYwMFgxMDcw/z/kxQAAOSw~odcQK3f/$_1.JPG?set_id=880000500F", "https://i.ebayimg.com/00/s/MTA3MFgxNjAw/z/QP4AAOSwNqRcQK3m/$_1.JPG?set_id=880000500F", "https://i.ebayimg.com/00/s/MTA3MFgxNjAw/z/MDAAAOSwsQJcQK3t/$_1.JPG?set_id=880000500F", "https://i.ebayimg.com/00/s/MTYwMFgxMDcw/z/PYAAAOSwnBhcQK33/$_1.JPG?set_id=880000500F"], "PostalCode": "98503", "PrimaryCategoryID": "33034", "PrimaryCategoryName": "Musical Instruments & Gear:Guitars & Basses:Electric Guitars", "Quantity": 1, "Seller": {"UserID": "cashnw", "FeedbackRatingStar": "YellowShooting", "FeedbackScore": 19665, "PositiveFeedbackPercent": 99.7, "TopRatedSeller": true}, "BidCount": 15, "ConvertedCurrentPrice": {"Value": 627.05, "CurrencyID": "USD"}, "CurrentPrice": {"Value": 627.05, "CurrencyID": "USD"}, "HighBidder": {"UserID": "i***m", "FeedbackPrivate": false, "FeedbackRatingStar": "None", "FeedbackScore": 3}, "ListingStatus": "Completed", "QuantitySold": 1, "ShipToLocations": ["US"], "Site": "US", "TimeLeft": "PT0S", "Title": "2011  Gibson Les Paul Deluxe  Made In The USA w/Gibson Hardcase", "ItemSpecifics": {"NameValueList": [{"Name": "Brand", "Value": ["Gibson"]}, {"Name": "Body Type", "Value": ["Solid"]}, {"Name": "MPN", "Value": ["Does Not Apply"]}, {"Name": "Model", "Value": ["2011 Les Paul DELUXE"]}, {"Name": "String Configuration", "Value": ["6 String"]}, {"Name": "Model Year", "Value": ["2011"]}, {"Name": "Right-/ Left-Handed", "Value": ["Right-Handed"]}]}, "HitCount": 1245, "PrimaryCategoryIDPath": "619:3858:33034", "Storefront": {"StoreURL": "https://stores.ebay.com/id=7886933", "StoreName": "Cash Northwest"}, "Country": "US", "ReturnPolicy": {"Refund": "Money Back", "ReturnsWithin": "30 Days", "ReturnsAccepted": "Returns Accepted", "ShippingCostPaidBy": "Buyer"}, "MinimumToBid": {"Value": 637.05, "CurrencyID": "USD"}, "AutoPay": false, "PaymentAllowedSite": [], "IntegratedMerchantCreditCardEnabled": false, "HandlingTime": 1, "ConditionID": 3000, "ConditionDisplayName": "Used", "ExcludeShipToLocation": ["Alaska/Hawaii", "APO/FPO", "US Protectorates", "Africa", "Asia", "Central America and Caribbean", "Europe", "Middle East", "North America", "Oceania", "Southeast Asia", "South America"], "GlobalShipping": false, "ConditionDescription": "scratches, dings and chips in finish front and back, foam on headstock from padded stand/holder", "QuantitySoldByPickupInStore": 0, "NewBestOffer": false}