{"BestOfferEnabled": true, "Description": "Gibson Les Paul 2015 Traditional With OHSC. Condition is Used. One of the few 2015 Les Pauls without the hologram or the \u201c100\u201d signature on the headstock. Plays great. I replaced the robot tuners with Grovers and I will include them if you would like to reinstall them. A few minor dings, which are pictures. Thanks for looking and if you have any questions, please ask.", "ItemID": "163492518518", "EndTime": "2019-01-24T22:11:05.000Z", "StartTime": "2019-01-17T22:11:05.000Z", "ViewItemURLForNaturalSearch": "https://www.ebay.com/itm/Gibson-Les-Paul-2015-Traditional-OHSC-/163492518518", "ListingType": "Chinese", "Location": "Omaha, Nebraska", "PaymentMethods": ["PayPal"], "GalleryURL": "https://thumbs3.ebaystatic.com/pict/1634925185188080_1.jpg", "PictureURL": ["https://i.ebayimg.com/00/s/MTYwMFgxMjAw/z/zZkAAOSw3GlcQPyH/$_12.JPG?set_id=880000500F", "https://i.ebayimg.com/00/s/MTYwMFgxMjAw/z/WrUAAOSwsqxcQPyC/$_12.JPG?set_id=880000500F", "https://i.ebayimg.com/00/s/MTYwMFgxMjAw/z/678AAOSw1rpcQPyB/$_12.JPG?set_id=880000500F", "https://i.ebayimg.com/00/s/MTYwMFgxMjAw/z/Vs8AAOSwj5BcQPyE/$_12.JPG?set_id=880000500F", "https://i.ebayimg.com/00/s/MTYwMFgxMjAw/z/iPMAAOSwqkRcQPyI/$_12.JPG?set_id=880000500F", "https://i.ebayimg.com/00/s/MTIwMFgxNjAw/z/8V4AAOSw0xtcQPyA/$_12.JPG?set_id=880000500F", "https://i.ebayimg.com/00/s/MTYwMFgxMjAw/z/5a4AAOSwIndcQPyF/$_12.JPG?set_id=880000500F", "https://i.ebayimg.com/00/s/MTYwMFgxMjAw/z/GqMAAOSw~bhcQPx-/$_12.JPG?set_id=880000500F", "https://i.ebayimg.com/00/s/MTYwMFgxMjAw/z/pAAAAOSwmFxcQPyK/$_12.JPG?set_id=880000500F"], "PostalCode": "68152", "PrimaryCategoryID": "33034", "PrimaryCategoryName": "Musical Instruments & Gear:Guitars & Basses:Electric Guitars", "Quantity": 1, "Seller": {"UserID": "ylwledbttr1976", "FeedbackRatingStar": "Turquoise", "FeedbackScore": 195, "PositiveFeedbackPercent": 100.0}, "BidCount": 20, "ConvertedCurrentPrice": {"Value": 1195.0, "CurrencyID": "USD"}, "CurrentPrice": {"Value": 1195.0, "CurrencyID": "USD"}, "HighBidder": {"UserID": "b***5", "FeedbackPrivate": false, "FeedbackRatingStar": "Turquoise", "FeedbackScore": 236}, "ListingStatus": "Completed", "QuantitySold": 1, "ShipToLocations": ["US"], "Site": "US", "TimeLeft": "PT0S", "Title": "Gibson Les Paul 2015 Traditional With OHSC", "ItemSpecifics": {"NameValueList": [{"Name": "Brand", "Value": ["Gibson"]}, {"Name": "Product Line", "Value": ["Gibson Les Paul"]}, {"Name": "Model Year", "Value": ["2015"]}, {"Name": "Model", "Value": ["Les Paul Traditional"]}]}, "HitCount": 1133, "PrimaryCategoryIDPath": "619:3858:33034", "Country": "US", "ReturnPolicy": {"ReturnsAccepted": "ReturnsNotAccepted"}, "MinimumToBid": {"Value": 1220.0, "CurrencyID": "USD"}, "AutoPay": false, "PaymentAllowedSite": [], "IntegratedMerchantCreditCardEnabled": false, "HandlingTime": 2, "ConditionID": 3000, "ConditionDisplayName": "Used", "GlobalShipping": false, "QuantitySoldByPickupInStore": 0, "NewBestOffer": false}