{"BestOfferEnabled": false, "Description": "Gibson Blueshawk semi-hollowbody electric guitar in very good condition. Body, neck, electronics, frets and fingerboard have little wear and are in excellent working condition. Neck set, straightness, and action are also excellent. Finish is quite good with some very minor scuffing around controls. Everything works as when brand new. Comes with original Gibson padded soft case.", "ItemID": "292926263136", "EndTime": "2019-01-25T00:03:39.000Z", "StartTime": "2019-01-20T00:03:39.000Z", "ViewItemURLForNaturalSearch": "https://www.ebay.com/itm/Gibson-Blueshawk-/292926263136", "ListingType": "Chinese", "Location": "Ashland, Oregon", "PaymentMethods": ["PayPal"], "GalleryURL": "https://thumbs1.ebaystatic.com/pict/2929262631368080_1.jpg", "PictureURL": ["https://i.ebayimg.com/00/s/NjQwWDQ4MA==/z/o7kAAOSwjMtcQ7iI/$_57.JPG?set_id=8800005007", "https://i.ebayimg.com/00/s/NjQwWDQ4MA==/z/8FgAAOSw-iZcQ7iS/$_57.JPG?set_id=8800005007", "https://i.ebayimg.com/00/s/NjQwWDQ4MA==/z/w4sAAOSwmMNcQ7iW/$_57.JPG?set_id=8800005007", "https://i.ebayimg.com/00/s/NDgwWDY0MA==/z/3bsAAOSwlEBcQ7ib/$_57.JPG?set_id=8800005007", "https://i.ebayimg.com/00/s/NjQwWDQ4MA==/z/3cAAAOSwlEBcQ7ig/$_57.JPG?set_id=8800005007", "https://i.ebayimg.com/00/s/NjQwWDQ4MA==/z/594AAOSw7cZcQ7il/$_57.JPG?set_id=8800005007", "https://i.ebayimg.com/00/s/NjQwWDQ4MA==/z/KP4AAOSw4QtcQ7is/$_57.JPG?set_id=8800005007", "https://i.ebayimg.com/00/s/NjQwWDQ4MA==/z/IYEAAOSwJaxcQ7ix/$_57.JPG?set_id=8800005007", "https://i.ebayimg.com/00/s/NjQwWDQ4MA==/z/GVkAAOSwUVFcQ7i2/$_57.JPG?set_id=8800005007", "https://i.ebayimg.com/00/s/NjQwWDQ4MA==/z/YdAAAOSwdgxcQ7i-/$_57.JPG?set_id=8800005007", "https://i.ebayimg.com/00/s/NjQwWDQ4MA==/z/0K0AAOSwQZdcQ7jE/$_57.JPG?set_id=8800005007", "https://i.ebayimg.com/00/s/NjQwWDY0MA==/z/WwoAAOSwK89cQ7jL/$_57.JPG?set_id=8800005007"], "PostalCode": "97520", "PrimaryCategoryID": "33034", "PrimaryCategoryName": "Musical Instruments & Gear:Guitars & Basses:Electric Guitars", "Quantity": 1, "Seller": {"UserID": "ilevelmedia", "FeedbackRatingStar": "Blue", "FeedbackScore": 93, "PositiveFeedbackPercent": 100.0}, "BidCount": 8, "ConvertedCurrentPrice": {"Value": 690.0, "CurrencyID": "USD"}, "CurrentPrice": {"Value": 690.0, "CurrencyID": "USD"}, "HighBidder": {"UserID": "t***o", "FeedbackPrivate": false, "FeedbackRatingStar": "Blue", "FeedbackScore": 83}, "ListingStatus": "Completed", "QuantitySold": 1, "ShipToLocations": ["US", "CA", "GB", "DK", "RO", "SK", "BG", "CZ", "FI", "HU", "LV", "LT", "MT", "EE", "AU", "GR", "PT", "CY", "SI", "JP", "CN", "SE", "KR", "ID", "TW", "TH", "BE", "FR", "HK", "IE", "NL", "PL", "ES", "IT", "DE", "AT", "BS", "IL", "MX", "NZ", "SG", "CH", "NO", "SA", "UA", "AE", "QA", "KW", "BH", "HR", "MY", "CL", "CO", "CR", "PA", "TT", "GT", "HN", "JM", "BB", "BD", "BM", "BN", "BO", "EG", "GF", "GG", "GI", "GP", "IS", "JE", "JO", "KH", "KY", "LI", "LK", "LU", "MC", "MO", "MQ", "MV", "NI", "OM", "PK", "PY", "RE"], "Site": "US", "TimeLeft": "PT0S", "Title": "Gibson Blueshawk", "ItemSpecifics": {"NameValueList": [{"Name": "Brand", "Value": ["Gibson"]}, {"Name": "Body Type", "Value": ["Semi-Hollow"]}, {"Name": "Model", "Value": ["Blueshawk"]}, {"Name": "String Configuration", "Value": ["6 String"]}, {"Name": "Body Color", "Value": ["Black"]}, {"Name": "Model Year", "Value": ["1998"]}, {"Name": "Right-/ Left-Handed", "Value": ["Right-Handed"]}, {"Name": "Country/Region of Manufacture", "Value": ["United States"]}, {"Name": "Soundboard Style", "Value": ["Flat Top"]}]}, "HitCount": 250, "Subtitle": "Gibson Blueshawk semi-hollowbody electric guitar", "PrimaryCategoryIDPath": "619:3858:33034", "Country": "US", "ReturnPolicy": {"Refund": "Money Back", "ReturnsWithin": "30 Days", "ReturnsAccepted": "Returns Accepted", "ShippingCostPaidBy": "Buyer", "InternationalReturnsAccepted": "ReturnsNotAccepted"}, "MinimumToBid": {"Value": 700.0, "CurrencyID": "USD"}, "AutoPay": false, "PaymentAllowedSite": [], "IntegratedMerchantCreditCardEnabled": false, "HandlingTime": 1, "ConditionID": 3000, "ConditionDisplayName": "Used", "GlobalShipping": true, "ConditionDescription": "Very good condition with little wear to body, neck, electronics, frets and fingerboard. Finish is quite good with some very minor scuffing around controls. Everything works as when new.", "QuantitySoldByPickupInStore": 0, "NewBestOffer": false}