{"BestOfferEnabled": false, "Description": "NO RESERVE AUCTION !!! 2004 Fender American Standard Stratocaster, Olympic White, made in USA, 50th Anniversary on the neck plate, weighs 8 lbs. - 4.3 oz., missing the tremolo arm, some fret wear, has pick wear on the pick guard, light scratches on the back, some wear on the neck back, overall nice condition, has a Fender hard case. $50.00 for lower USA 48 states shipping. &amp;amp;lt;div style=\"text-align:center\"&amp;amp;gt;&amp;amp;lt;a style=\"text-decoration:none\" href=\"http://mostpopular.sellathon.com/?id=AC1173833\"&amp;amp;gt;&amp;amp;lt;img src=\"http://www.sellathon.com/Resources/Images/countercredit.gif\" border=\"0\"&amp;amp;gt;&amp;amp;lt;/a&amp;amp;gt;&amp;amp;lt;/div&amp;amp;gt;", "ItemID": "372575951574", "EndTime": "2019-01-26T01:00:35.000Z", "StartTime": "2019-01-23T01:00:35.000Z", "ViewItemURLForNaturalSearch": "https://www.ebay.com/itm/2004-Fender-American-Standard-Stratocaster-Olympic-White-w-Hard-Case-NO-RESERV-/372575951574", "ListingType": "Chinese", "Location": "Madison, Wisconsin", "PaymentMethods": ["PayPal"], "GalleryURL": "https://thumbs3.ebaystatic.com/pict/3725759515748080_1.jpg", "PictureURL": ["https://i.ebayimg.com/00/s/MTIwMFgxNjAw/z/PTsAAOSwTQNcEtxD/$_1.JPG?set_id=8800005007", "https://i.ebayimg.com/00/s/MTIwMFgxNjAw/z/DmoAAOSwjoFcEtxH/$_1.JPG?set_id=8800005007", "https://i.ebayimg.com/00/s/MTIwMFgxNjAw/z/PXUAAOSwGq5cEtxM/$_1.JPG?set_id=8800005007", "https://i.ebayimg.com/00/s/MTIwMFgxNjAw/z/TzQAAOSwTEZcEtxQ/$_1.JPG?set_id=8800005007", "https://i.ebayimg.com/00/s/MTIwMFgxNjAw/z/APgAAOSwzDFcEtxT/$_1.JPG?set_id=8800005007", "https://i.ebayimg.com/00/s/MTIwMFgxNjAw/z/odIAAOSwrZBcEtxW/$_1.JPG?set_id=8800005007", "https://i.ebayimg.com/00/s/MTIwMFgxNjAw/z/qMAAAOSw29JcEtxZ/$_1.JPG?set_id=8800005007", "https://i.ebayimg.com/00/s/MTIwMFgxNjAw/z/D9YAAOSwT-pcEtxd/$_1.JPG?set_id=8800005007", "https://i.ebayimg.com/00/s/MTIwMFgxNjAw/z/PpcAAOSwv0dcEtxg/$_1.JPG?set_id=8800005007", "https://i.ebayimg.com/00/s/MTIwMFgxNjAw/z/UMwAAOSwdhdcEtw~/$_1.JPG?set_id=8800005007", "https://i.ebayimg.com/00/s/MTIwMFgxNjAw/z/sF8AAOSwdrdcEtw8/$_1.JPG?set_id=8800005007"], "PostalCode": "53713", "PrimaryCategoryID": "33034", "PrimaryCategoryName": "Musical Instruments & Gear:Guitars & Basses:Electric Guitars", "Quantity": 1, "Seller": {"UserID": "bizarre-guitars", "FeedbackRatingStar": "YellowShooting", "FeedbackScore": 14698, "PositiveFeedbackPercent": 100.0}, "BidCount": 2, "ConvertedCurrentPrice": {"Value": 700.0, "CurrencyID": "USD"}, "CurrentPrice": {"Value": 700.0, "CurrencyID": "USD"}, "HighBidder": {"UserID": "i***g", "FeedbackPrivate": false, "FeedbackRatingStar": "Turquoise", "FeedbackScore": 354}, "ListingStatus": "Completed", "QuantitySold": 1, "ShipToLocations": ["US", "CA", "GB", "DK", "RO", "SK", "BG", "CZ", "FI", "HU", "LV", "LT", "MT", "EE", "AU", "GR", "PT", "CY", "SI", "JP", "CN", "SE", "KR", "ID", "TW", "TH", "BE", "FR", "HK", "IE", "NL", "PL", "ES", "IT", "DE", "AT", "BS", "IL", "MX", "NZ", "SG", "CH", "NO", "SA", "UA", "AE", "QA", "KW", "BH", "HR", "MY", "CL", "CO", "CR", "PA", "TT", "GT", "HN", "JM", "BB", "BD", "BM", "BN", "BO", "EG", "GF", "GG", "GI", "GP", "IS", "JE", "JO", "KH", "KY", "LI", "LK", "LU", "MC", "MO", "MQ", "MV", "NI", "OM", "PK", "PY", "RE"], "Site": "US", "TimeLeft": "PT0S", "Title": "2004 Fender American Standard Stratocaster  Olympic White  w/Hard Case NO RESERV", "ItemSpecifics": {"NameValueList": [{"Name": "Body Color", "Value": ["Olympic White"]}, {"Name": "String Configuration", "Value": ["6 String"]}, {"Name": "Modified Item", "Value": ["No"]}, {"Name": "Custom Bundle", "Value": ["No"]}, {"Name": "Dexterity", "Value": ["Right-Handed"]}, {"Name": "Brand", "Value": ["Fender"]}, {"Name": "Non-Domestic Product", "Value": ["No"]}, {"Name": "Body Type", "Value": ["Solid"]}, {"Name": "Right-/ Left-Handed", "Value": ["Right-Handed"]}, {"Name": "Country/Region of Manufacture", "Value": ["United States"]}, {"Name": "Model", "Value": ["American Standard Stratocaster"]}, {"Name": "Model Year", "Value": ["2004"]}]}, "HitCount": 269, "PrimaryCategoryIDPath": "619:3858:33034", "Storefront": {"StoreURL": "https://stores.ebay.com/id=440285", "StoreName": "Brian Goff&#39;s Bizarre Guitars"}, "Country": "US", "ReturnPolicy": {"ReturnsAccepted": "ReturnsNotAccepted", "InternationalReturnsAccepted": "ReturnsNotAccepted"}, "MinimumToBid": {"Value": 710.0, "CurrencyID": "USD"}, "AutoPay": false, "PaymentAllowedSite": [], "IntegratedMerchantCreditCardEnabled": false, "HandlingTime": 3, "ConditionID": 3000, "ConditionDisplayName": "Used", "GlobalShipping": true, "QuantitySoldByPickupInStore": 0, "NewBestOffer": false}