{"BestOfferEnabled": false, "Description": "ESP LTD Deluxe M-1000 Electric Guitar. Condition is Used. Shipped with USPS Parcel Select Ground.Equipped with active EMG 81 on both bridge and neck.", "ItemID": "223329010348", "EndTime": "2019-01-24T00:22:52.000Z", "StartTime": "2019-01-17T00:22:52.000Z", "ViewItemURLForNaturalSearch": "https://www.ebay.com/itm/ESP-LTD-Deluxe-M-1000-Electric-Guitar-/223329010348", "ListingType": "Chinese", "Location": "Tucson, Arizona", "PaymentMethods": ["PayPal"], "GalleryURL": "https://thumbs1.ebaystatic.com/pict/2233290103488080_1.jpg", "PictureURL": ["https://i.ebayimg.com/00/s/MTYwMFgxMjAw/z/HxMAAOSwl1FcP8oH/$_12.JPG?set_id=880000500F", "https://i.ebayimg.com/00/s/MTYwMFgxMjAw/z/A8EAAOSwxoJcP8oJ/$_12.JPG?set_id=880000500F", "https://i.ebayimg.com/00/s/MTYwMFgxMjAw/z/QOwAAOSw6EpcP8oL/$_12.JPG?set_id=880000500F", "https://i.ebayimg.com/00/s/MTYwMFgxMjAw/z/K4AAAOSw3-9cP8oN/$_12.JPG?set_id=880000500F", "https://i.ebayimg.com/00/s/MTYwMFgxMjAw/z/zTwAAOSwbWJcP8oP/$_12.JPG?set_id=880000500F", "https://i.ebayimg.com/00/s/MTYwMFgxMjAw/z/RAUAAOSwijtcP8oR/$_12.JPG?set_id=880000500F", "https://i.ebayimg.com/00/s/MTYwMFgxMjAw/z/j18AAOSwiOZcP8oW/$_12.JPG?set_id=880000500F", "https://i.ebayimg.com/00/s/MTYwMFgxMjAw/z/sEsAAOSwuZ9cP8oU/$_12.JPG?set_id=880000500F", "https://i.ebayimg.com/00/s/MTYwMFgxMjAw/z/~6UAAOSwlkpcP8oZ/$_12.JPG?set_id=880000500F", "https://i.ebayimg.com/00/s/MTYwMFgxMjAw/z/zUcAAOSwbWJcP8oa/$_12.JPG?set_id=880000500F", "https://i.ebayimg.com/00/s/MTYwMFgxMjAw/z/Az0AAOSwAEFcP8oc/$_12.JPG?set_id=880000500F", "https://i.ebayimg.com/00/s/MTYwMFgxMjAw/z/0~cAAOSwyn1cP8oe/$_12.JPG?set_id=880000500F"], "PostalCode": "85710", "PrimaryCategoryID": "33034", "PrimaryCategoryName": "Musical Instruments & Gear:Guitars & Basses:Electric Guitars", "Quantity": 1, "Seller": {"UserID": "ferndawg007", "FeedbackRatingStar": "Turquoise", "FeedbackScore": 198, "PositiveFeedbackPercent": 100.0}, "BidCount": 2, "ConvertedCurrentPrice": {"Value": 450.0, "CurrencyID": "USD"}, "CurrentPrice": {"Value": 450.0, "CurrencyID": "USD"}, "HighBidder": {"UserID": "4***9", "FeedbackPrivate": false, "FeedbackRatingStar": "None", "FeedbackScore": 0}, "ListingStatus": "Completed", "QuantitySold": 1, "ShipToLocations": ["US", "CA", "GB", "DK", "RO", "SK", "BG", "CZ", "FI", "HU", "LV", "LT", "MT", "EE", "AU", "GR", "PT", "CY", "SI", "JP", "CN", "SE", "KR", "ID", "TW", "TH", "BE", "FR", "HK", "IE", "NL", "PL", "ES", "IT", "DE", "AT", "BS", "IL", "MX", "NZ", "SG", "CH", "NO", "SA", "UA", "AE", "QA", "KW", "BH", "HR", "MY", "CL", "CO", "CR", "PA", "TT", "GT", "HN", "JM", "AG", "AW", "BZ", "DM", "GD", "KN", "LC", "MS", "TC", "BB", "BD", "BM", "BN", "BO", "EG", "GF", "GG", "GI", "GP", "IS", "JE", "JO", "KH", "KY", "LI", "LK", "LU", "MC", "MO", "MQ", "MV", "NI", "OM", "PK", "PY", "RE"], "Site": "US", "TimeLeft": "PT0S", "Title": "ESP LTD Deluxe M-1000 Electric Guitar", "ItemSpecifics": {"NameValueList": [{"Name": "Brand", "Value": ["ESP"]}, {"Name": "Model", "Value": ["M-1000"]}, {"Name": "Body Material", "Value": ["Alder"]}, {"Name": "String Configuration", "Value": ["6 String"]}, {"Name": "Body Type", "Value": ["Solid"]}, {"Name": "MPN", "Value": ["LM1000STBLK", "M-1000STBLK"]}, {"Name": "MPN", "Value": ["LM1000STBLK"]}]}, "HitCount": 246, "PrimaryCategoryIDPath": "619:3858:33034", "Country": "US", "ReturnPolicy": {"ReturnsAccepted": "ReturnsNotAccepted"}, "MinimumToBid": {"Value": 455.0, "CurrencyID": "USD"}, "ProductID": {"Value": "78656260", "Type": "Reference"}, "AutoPay": true, "PaymentAllowedSite": [], "IntegratedMerchantCreditCardEnabled": false, "HandlingTime": 2, "ConditionID": 3000, "ConditionDisplayName": "Used", "GlobalShipping": true, "QuantitySoldByPickupInStore": 0, "NewBestOffer": false}