{"BestOfferEnabled": false, "Description": "ESP LTD KH202 Kirk Hammett Electric Guitar w/Hard CaseSerial Number: L09036266 This Electric Guitar comes from an estate. It is in Very Good Condition. It just need the bottom string. It comes in the hard case which is also in Very Good Condition. Please email me if you have any questions... Thank you for your interest...", "ItemID": "352570424572", "EndTime": "2019-01-24T00:00:24.000Z", "StartTime": "2019-01-17T00:00:24.000Z", "ViewItemURLForNaturalSearch": "https://www.ebay.com/itm/ESP-LTD-KH-202-Kirk-Hammett-Electric-Guitar-w-Hard-Case-/352570424572", "ListingType": "Chinese", "Location": "Jamaica, New York", "PaymentMethods": ["PayPal"], "GalleryURL": "https://thumbs1.ebaystatic.com/pict/3525704245728080_1.jpg", "PictureURL": ["https://i.ebayimg.com/00/s/MTIwMFgxNjAw/z/DyEAAOSwXINcPz-L/$_57.JPG?set_id=8800005007", "https://i.ebayimg.com/00/s/MTYwMFgxMjAw/z/bu4AAOSwPntcPz-m/$_57.JPG?set_id=8800005007", "https://i.ebayimg.com/00/s/MTIwMFgxNjAw/z/9swAAOSwjfBcPz-8/$_57.JPG?set_id=8800005007", "https://i.ebayimg.com/00/s/MTIwMFgxNjAw/z/Iu0AAOSwH0lcPz~V/$_57.JPG?set_id=8800005007", "https://i.ebayimg.com/00/s/MTIwMFgxNjAw/z/JPwAAOSw3s9cPz~h/$_57.JPG?set_id=8800005007", "https://i.ebayimg.com/00/s/MTIwMFgxNjAw/z/6wAAAOSwPPFcPz~2/$_57.JPG?set_id=8800005007", "https://i.ebayimg.com/00/s/MTIwMFgxNjAw/z/8YwAAOSwrVRcP0AW/$_57.JPG?set_id=8800005007", "https://i.ebayimg.com/00/s/MTIwMFgxNjAw/z/rIgAAOSwa1ZcP0Aw/$_57.JPG?set_id=8800005007", "https://i.ebayimg.com/00/s/MTYwMFgxMjAw/z/gi0AAOSw7D1cP0BI/$_57.JPG?set_id=8800005007", "https://i.ebayimg.com/00/s/MTIwMFgxNjAw/z/G1wAAOSw7aNcP0Bo/$_57.JPG?set_id=8800005007", "https://i.ebayimg.com/00/s/MTIwMFgxNjAw/z/OW4AAOSwlINcP0CF/$_57.JPG?set_id=8800005007", "https://i.ebayimg.com/00/s/OTA4WDE1ODc=/z/t5gAAOSwSidcP0Cu/$_57.JPG?set_id=8800005007"], "PostalCode": "11435", "PrimaryCategoryID": "33034", "PrimaryCategoryName": "Musical Instruments & Gear:Guitars & Basses:Electric Guitars", "Quantity": 1, "Seller": {"UserID": "moveco.718", "FeedbackRatingStar": "Red", "FeedbackScore": 1154, "PositiveFeedbackPercent": 100.0, "TopRatedSeller": true}, "BidCount": 47, "ConvertedCurrentPrice": {"Value": 272.0, "CurrencyID": "USD"}, "CurrentPrice": {"Value": 272.0, "CurrencyID": "USD"}, "HighBidder": {"UserID": "i***l", "FeedbackPrivate": false, "FeedbackRatingStar": "Turquoise", "FeedbackScore": 224}, "ListingStatus": "Completed", "QuantitySold": 1, "ShipToLocations": ["US", "CA", "GB", "DK", "RO", "SK", "BG", "CZ", "FI", "HU", "LV", "LT", "MT", "EE", "AU", "GR", "PT", "CY", "SI", "JP", "CN", "SE", "KR", "ID", "TW", "TH", "BE", "FR", "HK", "IE", "NL", "PL", "ES", "IT", "DE", "AT", "BS", "IL", "MX", "NZ", "SG", "CH", "NO", "SA", "UA", "AE", "QA", "KW", "BH", "HR", "MY", "CL", "CO", "CR", "DO", "PA", "TT", "GT", "SV", "HN", "JM", "AG", "AW", "BZ", "DM", "GD", "KN", "LC", "MS", "TC", "BB", "BD", "BM", "BN", "BO", "EG", "GF", "GG", "GI", "GP", "IS", "JE", "JO", "KH", "KY", "LI", "LK", "LU", "MC", "MO", "MQ", "MV", "NI", "OM", "PK", "PY", "RE"], "Site": "US", "TimeLeft": "PT0S", "Title": "ESP LTD KH-202 Kirk Hammett Electric Guitar w/Hard Case", "ItemSpecifics": {"NameValueList": [{"Name": "Body Color", "Value": ["Black"]}, {"Name": "Model", "Value": ["KH202"]}, {"Name": "Right-/ Left-Handed", "Value": ["Right-Handed"]}, {"Name": "Modified Item", "Value": ["No"]}, {"Name": "Product Line", "Value": ["ESP LTD"]}, {"Name": "Body Type", "Value": ["Solid"]}, {"Name": "Brand", "Value": ["ESP"]}, {"Name": "Body Material", "Value": ["Basswood"]}, {"Name": "String Configuration", "Value": ["6 String"]}, {"Name": "MPN", "Value": ["LKH202BLK"]}]}, "HitCount": 832, "PrimaryCategoryIDPath": "619:3858:33034", "Country": "US", "ReturnPolicy": {"Refund": "Money Back", "ReturnsWithin": "30 Days", "ReturnsAccepted": "Returns Accepted", "ShippingCostPaidBy": "Buyer", "InternationalReturnsAccepted": "ReturnsNotAccepted"}, "MinimumToBid": {"Value": 277.0, "CurrencyID": "USD"}, "ProductID": {"Value": "78630449", "Type": "Reference"}, "AutoPay": false, "PaymentAllowedSite": [], "IntegratedMerchantCreditCardEnabled": false, "HandlingTime": 1, "ConditionID": 3000, "ConditionDisplayName": "Used", "GlobalShipping": true, "ConditionDescription": "Very Good Condition", "QuantitySoldByPickupInStore": 0, "NewBestOffer": false}