{"BestOfferEnabled": true, "Description": "This guitar was ordered new in 1999 It only shows minor scuffs from very light playing. It spent most of its life stored in the case. Beautiful flame maple top, alder semi hollow body with \u201cl beam\u201d, dual H22 humbucker pickups with coil splitting switches, three way pickup selector, jumbo Stainless Steel frets, Ebony fingerboard, 20\u201d radius, sperzel locking tuners, chrome hardware and Carvin molded hard shell case. I\u2019ll pay ground shipping with insurance to USA Lower 48 only. **** 1/17/19 I\u2019ve added a photo showing the width of the body to be 2 1/8\u201d thick indicating this is a HF2 Fatboy and not an H2 with a 1 7/8 body thickness. (I also have an H2 listed for sale) I have also included a photo of the warranty card showing the description as \u201cHF2\u201d. Please bid accordingly.", "ItemID": "173739728517", "EndTime": "2019-01-24T01:05:36.000Z", "StartTime": "2019-01-14T02:24:04.000Z", "ViewItemURLForNaturalSearch": "https://www.ebay.com/itm/Carvin-HF2-Allan-Holdsworth-Semi-Hollow-FATBOY-Natural-Flame-Maple-Top-w-OHSC-/173739728517", "ListingType": "Chinese", "Location": "Tonawanda, New York", "PaymentMethods": ["PayPal"], "GalleryURL": "https://thumbs2.ebaystatic.com/pict/1737397285178080_1.jpg", "PictureURL": ["https://i.ebayimg.com/00/s/MTYwMFgxMjAw/z/IyMAAOSw6eRcLDwM/$_12.JPG?set_id=880000500F", "https://i.ebayimg.com/00/s/MTYwMFgxMjAw/z/TT8AAOSwwfFcLDwY/$_12.JPG?set_id=880000500F", "https://i.ebayimg.com/00/s/MTYwMFgxMjAw/z/jowAAOSwCWNcLDwi/$_12.JPG?set_id=880000500F", "https://i.ebayimg.com/00/s/MTYwMFgxMjAw/z/ikQAAOSwT5tcLDwq/$_12.JPG?set_id=880000500F", "https://i.ebayimg.com/00/s/MTYwMFgxMjAw/z/T~QAAOSw76JcLDwy/$_12.JPG?set_id=880000500F", "https://i.ebayimg.com/00/s/MTYwMFgxMjAw/z/I1gAAOSw6eRcLDw7/$_12.JPG?set_id=880000500F", "https://i.ebayimg.com/00/s/MTYwMFgxMjAw/z/lYcAAOSwqLRcLDxF/$_12.JPG?set_id=880000500F", "https://i.ebayimg.com/00/s/MTYwMFgxMjAw/z/6ecAAOSwOnJcLPa5/$_12.JPG?set_id=880000500F", "https://i.ebayimg.com/00/s/MTYwMFgxMjAw/z/PEYAAOSwS2lcQMKd/$_12.JPG?set_id=880000500F", "https://i.ebayimg.com/00/s/MTYwMFgxMjAw/z/FugAAOSw4ntcQMKv/$_12.JPG?set_id=880000500F"], "PostalCode": "14150", "PrimaryCategoryID": "33034", "PrimaryCategoryName": "Musical Instruments & Gear:Guitars & Basses:Electric Guitars", "Quantity": 1, "Seller": {"UserID": "whitmore87800", "FeedbackRatingStar": "Turquoise", "FeedbackScore": 114, "PositiveFeedbackPercent": 97.4}, "BidCount": 1, "ConvertedCurrentPrice": {"Value": 1200.0, "CurrencyID": "USD"}, "CurrentPrice": {"Value": 1200.0, "CurrencyID": "USD"}, "HighBidder": {"UserID": "j***e", "FeedbackPrivate": false, "FeedbackRatingStar": "Blue", "FeedbackScore": 79}, "ListingStatus": "Completed", "QuantitySold": 1, "ShipToLocations": ["US"], "Site": "US", "TimeLeft": "PT0S", "Title": "Carvin HF2 Allan Holdsworth Semi Hollow \"FATBOY\" Natural Flame Maple Top w/OHSC", "ItemSpecifics": {"NameValueList": [{"Name": "Body Material", "Value": ["Maple"]}, {"Name": "Brand", "Value": ["Carvin"]}, {"Name": "Model Year", "Value": ["1999"]}, {"Name": "String Configuration", "Value": ["6 String"]}, {"Name": "Right-/ Left-Handed", "Value": ["Right-Handed"]}, {"Name": "Country/Region of Manufacture", "Value": ["United States"]}, {"Name": "Body Type", "Value": ["Semi-Hollow"]}, {"Name": "Body Color", "Value": ["Clear"]}, {"Name": "Features", "Value": ["Coil Splitting"]}]}, "HitCount": 175, "PrimaryCategoryIDPath": "619:3858:33034", "Country": "US", "ReturnPolicy": {"ReturnsAccepted": "ReturnsNotAccepted", "InternationalReturnsAccepted": "ReturnsNotAccepted"}, "MinimumToBid": {"Value": 1225.0, "CurrencyID": "USD"}, "AutoPay": false, "PaymentAllowedSite": [], "IntegratedMerchantCreditCardEnabled": false, "HandlingTime": 1, "ConditionID": 3000, "ConditionDisplayName": "Used", "GlobalShipping": false, "QuantitySoldByPickupInStore": 0, "NewBestOffer": false}