{"BestOfferEnabled": false, "Description": "44205 SIDL00123903 BL E5 - 19.00lbs PRS CE24 Electric Guitar with Bolt On Neck Gray Black with Gig Bag YOU ARE BIDDING ON A PRS CE24 Electric Guitar with Bolt On Neck Gray Black with Gig Bag. STAND AND ADDITIONAL ACCESSORIES NOT INCLUDED. THIS GUITAR WAS TESTED AND THE ELECTRONICS AND TRUSS ROD BOTH RESPOND. THERE ARE TWO GIGANTIC CRACKS ON THE BACK BODY OF THE GUITAR EMANATING FROM THE NECK JOINT (SEE PICS). THERE ARE OTHER SIGNS OF WEAR AND USE THAT DO NOT SHOW IN PHOTOGRAPHS. THE GUITAR HAS TROUBLE STAYING IN TUNE, IT COULD USE A SET UP. SOLD AS IS. GOOD LUCK!!! WE ONLY SHIP INSIDE THE UNITED STATES.... But we don't ship to Hawaii, Puerto Rico, or Alaska. U.S. SHIPPING ADDRESSES ARE OK FOR ANYONE WHO IS ABROAD!!! WE DON'T SHIP TO P.O. BOXES...WE NEED PHYSICAL ADDRESSES!!! LOCAL PICKUP OF OUR ITEMS IS NOT ALLOWED. ALL ITEMS ARE SHIPPED BY US VIA UPS GROUND (or LTL/Freight) THANK YOU VERY MUCH FOR YOUR INQUIRIES! GOOD LUCK! MHZSTUDIO8", "ItemID": "233103711503", "EndTime": "2019-01-26T14:06:04.000Z", "StartTime": "2019-01-21T14:06:04.000Z", "ViewItemURLForNaturalSearch": "https://www.ebay.com/itm/PRS-CE24-Electric-Guitar-Bolt-Neck-Gray-Black-Gig-Bag-/233103711503", "ListingType": "Chinese", "Location": "Oakland, New Jersey", "PaymentMethods": ["PayPal"], "GalleryURL": "https://thumbs4.ebaystatic.com/pict/2331037115038080_1.jpg", "PictureURL": ["https://i.ebayimg.com/00/s/MTYwMFg3NjQ=/z/OokAAOSwsrlcPmQV/$_57.JPG?set_id=880000500F", "https://i.ebayimg.com/00/s/MTYwMFgxMTgy/z/~J4AAOSw4QtcPmQZ/$_57.JPG?set_id=880000500F", "https://i.ebayimg.com/00/s/MTYwMFgxMTAz/z/EZ8AAOSwqztcPmQc/$_57.JPG?set_id=880000500F", "https://i.ebayimg.com/00/s/MTU5OVg1OTA=/z/538AAOSwh99cPmQf/$_57.JPG?set_id=880000500F", "https://i.ebayimg.com/00/s/MTA4OFgxNjAw/z/c~AAAOSw7R9cPmQi/$_57.JPG?set_id=880000500F", "https://i.ebayimg.com/00/s/ODc0WDEyNTI=/z/r~sAAOSw6iZcPmQl/$_57.JPG?set_id=880000500F", "https://i.ebayimg.com/00/s/MTYwMFg5MzE=/z/alQAAOSwXI1cPmQp/$_57.JPG?set_id=880000500F"], "PostalCode": "07436", "PrimaryCategoryID": "33034", "PrimaryCategoryName": "Musical Instruments & Gear:Guitars & Basses:Electric Guitars", "Quantity": 1, "Seller": {"UserID": "mhzstudio8", "FeedbackRatingStar": "TurquoiseShooting", "FeedbackScore": 33859, "PositiveFeedbackPercent": 99.7, "TopRatedSeller": true}, "BidCount": 10, "ConvertedCurrentPrice": {"Value": 575.0, "CurrencyID": "USD"}, "CurrentPrice": {"Value": 575.0, "CurrencyID": "USD"}, "HighBidder": {"UserID": "h***d", "FeedbackPrivate": false, "FeedbackRatingStar": "Purple", "FeedbackScore": 586}, "ListingStatus": "Completed", "QuantitySold": 1, "ReserveMet": true, "ShipToLocations": ["US"], "Site": "US", "TimeLeft": "PT0S", "Title": "PRS CE24 Electric Guitar with Bolt On Neck Gray Black with Gig Bag", "HitCount": 531, "PrimaryCategoryIDPath": "619:3858:33034", "Storefront": {"StoreURL": "https://stores.ebay.com/id=14687446", "StoreName": "MhzStudio8"}, "Country": "US", "ReturnPolicy": {"Refund": "Money Back", "ReturnsWithin": "30 Days", "ReturnsAccepted": "Returns Accepted", "ShippingCostPaidBy": "Seller", "InternationalReturnsAccepted": "ReturnsNotAccepted"}, "MinimumToBid": {"Value": 585.0, "CurrencyID": "USD"}, "AutoPay": false, "PaymentAllowedSite": [], "IntegratedMerchantCreditCardEnabled": false, "HandlingTime": 10, "ConditionID": 3000, "ConditionDisplayName": "Used", "ExcludeShipToLocation": ["US Protectorates", "APO/FPO", "Africa", "Asia", "Central America and Caribbean", "Europe", "Middle East", "North America", "Oceania", "Southeast Asia", "South America"], "GlobalShipping": false, "QuantitySoldByPickupInStore": 0, "NewBestOffer": false}