{"BestOfferEnabled": false, "Description": "Paul Reed Smith 2013 SC245 Artist Package Bonnie Pink. Quilted Maple top, light weight Mahogany body, Brazilian Rosewood fretboard. 57/08 pickups with hybrid hardware. This guitar is in pristine condition and sounds amazing. You can no longer order Quilted Maple or Brazilian Rosewood as an option.", "ItemID": "183641150509", "EndTime": "2019-01-24T22:22:28.000Z", "StartTime": "2019-01-17T22:22:28.000Z", "ViewItemURLForNaturalSearch": "https://www.ebay.com/itm/Paul-Reed-Smith-PRS-2013-SC245-Artist-Package-Bonnie-Pink-/183641150509", "ListingType": "Chinese", "Location": "Hillsboro, Oregon", "PaymentMethods": ["PayPal"], "GalleryURL": "https://thumbs2.ebaystatic.com/pict/1836411505098080_1.jpg", "PictureURL": ["https://i.ebayimg.com/00/s/MTU5OVg3MTk=/z/s68AAOSwa1hcQPsU/$_12.JPG?set_id=880000500F", "https://i.ebayimg.com/00/s/MTU5OVgxMzk0/z/SmEAAOSwjW9cQPsY/$_12.JPG?set_id=880000500F", "https://i.ebayimg.com/00/s/NjIxWDE2MDA=/z/KBkAAOSwXIdcQPsZ/$_12.JPG?set_id=880000500F", "https://i.ebayimg.com/00/s/MTIwMFgxNjAw/z/HMUAAOSw~~5cQPsc/$_12.JPG?set_id=880000500F", "https://i.ebayimg.com/00/s/NzQwWDE2MDA=/z/yrMAAOSwaJ9cQPse/$_12.JPG?set_id=880000500F", "https://i.ebayimg.com/00/s/OTUxWDE2MDA=/z/t3kAAOSwNqRcQPsg/$_12.JPG?set_id=880000500F", "https://i.ebayimg.com/00/s/MTU5OVg3Nzg=/z/imEAAOSwXFRcQPsi/$_12.JPG?set_id=880000500F", "https://i.ebayimg.com/00/s/MTA2MFgxNTk5/z/L74AAOSw~2VcQPsk/$_12.JPG?set_id=880000500F", "https://i.ebayimg.com/00/s/MTA2MVgxNjAw/z/Sm4AAOSwHDdcQPsm/$_12.JPG?set_id=880000500F", "https://i.ebayimg.com/00/s/MTYwMFgxNTA3/z/5O8AAOSwgyZcQPsp/$_12.JPG?set_id=880000500F", "https://i.ebayimg.com/00/s/MTYwMFgxNjAw/z/lXAAAOSwg5FcQPss/$_12.JPG?set_id=880000500F", "https://i.ebayimg.com/00/s/MTYwMFgxMjAw/z/acEAAOSwbWJcQPsu/$_12.JPG?set_id=880000500F"], "PostalCode": "97123", "PrimaryCategoryID": "33034", "PrimaryCategoryName": "Musical Instruments & Gear:Guitars & Basses:Electric Guitars", "Quantity": 1, "Seller": {"UserID": "josiriver_5", "FeedbackRatingStar": "Blue", "FeedbackScore": 99, "PositiveFeedbackPercent": 100.0}, "BidCount": 18, "ConvertedCurrentPrice": {"Value": 2658.0, "CurrencyID": "USD"}, "CurrentPrice": {"Value": 2658.0, "CurrencyID": "USD"}, "HighBidder": {"UserID": "1***a", "FeedbackPrivate": false, "FeedbackRatingStar": "Turquoise", "FeedbackScore": 359}, "ListingStatus": "Completed", "QuantitySold": 1, "ReserveMet": true, "ShipToLocations": ["US"], "Site": "US", "TimeLeft": "PT0S", "Title": "Paul Reed Smith PRS 2013 SC245 Artist Package Bonnie Pink", "ItemSpecifics": {"NameValueList": [{"Name": "Brand", "Value": ["PRS"]}, {"Name": "Model Year", "Value": ["2013"]}, {"Name": "Body Color", "Value": ["Pink"]}]}, "HitCount": 247, "PrimaryCategoryIDPath": "619:3858:33034", "Country": "US", "ReturnPolicy": {"ReturnsAccepted": "ReturnsNotAccepted"}, "MinimumToBid": {"Value": 2708.0, "CurrencyID": "USD"}, "AutoPay": false, "PaymentAllowedSite": [], "IntegratedMerchantCreditCardEnabled": false, "HandlingTime": 3, "ConditionID": 3000, "ConditionDisplayName": "Used", "GlobalShipping": false, "QuantitySoldByPickupInStore": 0, "NewBestOffer": false}