{"BestOfferEnabled": false, "Description": "$1.00 NO RESERVE AUCTION !!! Fender Foto-Flame Telecaster, made in Japan, serial # T026976, Cherry Sunburst Flame, weighs 7 lbs. - 8.3 oz., hardly any fret wear, body has very little play wear, part of the top is flaking off a bit, the rest is in nice condition, has a hard case-1broken latch. $50.00 for lower USA 48 states shipping. &amp;amp;amp;lt;div style=\"text-align:center\"&amp;amp;amp;gt;&amp;amp;amp;lt;a style=\"text-decoration:none\" href=\"http://mostpopular.sellathon.com/?id=AC1173833\"&amp;amp;amp;gt;&amp;amp;amp;lt;img src=\"http://www.sellathon.com/Resources/Images/countercredit.gif\" border=\"0\"&amp;amp;amp;gt;&amp;amp;amp;lt;/a&amp;amp;amp;gt;&amp;amp;amp;lt;/div&amp;amp;amp;gt; On Jan-24-19 at 18:54:36 PST, seller added the following information: It's a regular Tele, not a Nashville Tele.", "ItemID": "352575518558", "EndTime": "2019-01-26T01:00:15.000Z", "StartTime": "2019-01-23T01:00:15.000Z", "ViewItemURLForNaturalSearch": "https://www.ebay.com/itm/Fender-Foto-Flame-Nashville-Telecaster-Japan-Made-Cherry-Sunburst-Flame-NO-RES-/352575518558", "ListingType": "Chinese", "Location": "Madison, Wisconsin", "PaymentMethods": ["PayPal"], "GalleryURL": "https://thumbs3.ebaystatic.com/pict/3525755185588080_1.jpg", "PictureURL": ["https://i.ebayimg.com/00/s/MTIwMFgxNjAw/z/G-cAAOSwHjtb~Ga-/$_1.JPG?set_id=8800005007", "https://i.ebayimg.com/00/s/MTIwMFgxNjAw/z/23cAAOSwK5Fb~GbB/$_1.JPG?set_id=8800005007", "https://i.ebayimg.com/00/s/MTIwMFgxNjAw/z/LK4AAOSw5wFb~GbF/$_1.JPG?set_id=8800005007", "https://i.ebayimg.com/00/s/MTIwMFgxNjAw/z/68kAAOSwUu5b~GbI/$_1.JPG?set_id=8800005007", "https://i.ebayimg.com/00/s/MTIwMFgxNjAw/z/d4gAAOSwQXlb~GbL/$_1.JPG?set_id=8800005007", "https://i.ebayimg.com/00/s/MTIwMFgxNjAw/z/LKsAAOSw~xtb~GbP/$_1.JPG?set_id=8800005007", "https://i.ebayimg.com/00/s/MTIwMFgxNjAw/z/RUIAAOSwlThb~GbT/$_1.JPG?set_id=8800005007", "https://i.ebayimg.com/00/s/MTIwMFgxNjAw/z/SRYAAOSwYYpb~GbW/$_1.JPG?set_id=8800005007", "https://i.ebayimg.com/00/s/MTIwMFgxNjAw/z/q8EAAOSwtcRb~Gba/$_1.JPG?set_id=8800005007", "https://i.ebayimg.com/00/s/MTIwMFgxNjAw/z/40IAAOSwFx5b~Gbe/$_1.JPG?set_id=8800005007", "https://i.ebayimg.com/00/s/MTIwMFgxNjAw/z/gIgAAOSwHrlb~Ga6/$_1.JPG?set_id=8800005007", "https://i.ebayimg.com/00/s/MTIwMFgxNjAw/z/6uMAAOSwfcNb~Ga0/$_1.JPG?set_id=8800005007"], "PostalCode": "53713", "PrimaryCategoryID": "33034", "PrimaryCategoryName": "Musical Instruments & Gear:Guitars & Basses:Electric Guitars", "Quantity": 1, "Seller": {"UserID": "bizarre-guitars", "FeedbackRatingStar": "YellowShooting", "FeedbackScore": 14698, "PositiveFeedbackPercent": 100.0}, "BidCount": 38, "ConvertedCurrentPrice": {"Value": 393.0, "CurrencyID": "USD"}, "CurrentPrice": {"Value": 393.0, "CurrencyID": "USD"}, "HighBidder": {"UserID": "0***e", "FeedbackPrivate": false, "FeedbackRatingStar": "Turquoise", "FeedbackScore": 424}, "ListingStatus": "Completed", "QuantitySold": 1, "ShipToLocations": ["US", "CA", "GB", "DK", "RO", "SK", "BG", "CZ", "FI", "HU", "LV", "LT", "MT", "EE", "AU", "GR", "PT", "CY", "SI", "JP", "CN", "SE", "KR", "ID", "TW", "TH", "BE", "FR", "HK", "IE", "NL", "PL", "ES", "IT", "DE", "AT", "BS", "IL", "MX", "NZ", "SG", "CH", "NO", "SA", "UA", "AE", "QA", "KW", "BH", "HR", "MY", "CL", "CO", "CR", "DO", "PA", "TT", "GT", "SV", "HN", "JM", "AG", "AW", "BZ", "DM", "GD", "KN", "LC", "MS", "TC", "BB", "BD", "BM", "BN", "BO", "EG", "GF", "GG", "GI", "GP", "IS", "JE", "JO", "KH", "KY", "LI", "LK", "LU", "MC", "MO", "MQ", "MV", "NI", "OM", "PK", "PY", "RE"], "Site": "US", "TimeLeft": "PT0S", "Title": "Fender Foto-Flame Nashville Telecaster  Japan Made  Cherry Sunburst Flame NO RES", "ItemSpecifics": {"NameValueList": [{"Name": "Body Color", "Value": ["Cherry Sunburst Flame"]}, {"Name": "String Configuration", "Value": ["6 String"]}, {"Name": "Modified Item", "Value": ["No"]}, {"Name": "Custom Bundle", "Value": ["No"]}, {"Name": "Dexterity", "Value": ["Right-Handed"]}, {"Name": "Brand", "Value": ["Fender"]}, {"Name": "Non-Domestic Product", "Value": ["No"]}, {"Name": "Body Type", "Value": ["Solid"]}, {"Name": "Right-/ Left-Handed", "Value": ["Right-Handed"]}, {"Name": "Country/Region of Manufacture", "Value": ["Japan"]}, {"Name": "Model", "Value": ["Foto-Flame Telecaster"]}]}, "HitCount": 850, "PrimaryCategoryIDPath": "619:3858:33034", "Storefront": {"StoreURL": "https://stores.ebay.com/id=440285", "StoreName": "Brian Goff&#39;s Bizarre Guitars"}, "Country": "US", "ReturnPolicy": {"ReturnsAccepted": "ReturnsNotAccepted", "InternationalReturnsAccepted": "ReturnsNotAccepted"}, "MinimumToBid": {"Value": 398.0, "CurrencyID": "USD"}, "AutoPay": false, "PaymentAllowedSite": [], "IntegratedMerchantCreditCardEnabled": false, "HandlingTime": 3, "ConditionID": 3000, "ConditionDisplayName": "Used", "GlobalShipping": true, "QuantitySoldByPickupInStore": 0, "NewBestOffer": false}