{"BestOfferEnabled": false, "Description": "Black Agile AL 3000. DiMarzio Super Distortion and Super 2 pickup upgrade. Slim '60s neck. Finish cracks on neck near nut. Neck is stable. Plays great. See photos for condition.", "ItemID": "143093452710", "EndTime": "2019-01-24T03:25:33.000Z", "StartTime": "2019-01-17T03:25:33.000Z", "ViewItemURLForNaturalSearch": "https://www.ebay.com/itm/Black-Agile-3000-electric-guitar-DiMarzio-Super-Distortion-Super-2-pickups-/143093452710", "ListingType": "Chinese", "Location": "Staten Island, New York", "PaymentMethods": ["PayPal"], "GalleryURL": "https://thumbs3.ebaystatic.com/pict/1430934527108080_1.jpg", "PictureURL": ["https://i.ebayimg.com/00/s/ODAwWDYwMA==/z/rKwAAOSwLj9ZeeQT/$_32.JPG?set_id=880000500F", "https://i.ebayimg.com/00/s/MTIwMFgxNjAw/z/fycAAOSwWGtZeeQy/$_32.JPG?set_id=880000500F", "https://i.ebayimg.com/00/s/NjAwWDgwMA==/z/GHwAAOSw7ChZeeQU/$_32.JPG?set_id=880000500F", "https://i.ebayimg.com/00/s/NjAwWDgwMA==/z/XksAAOSwVJRZeeQV/$_32.JPG?set_id=880000500F", "https://i.ebayimg.com/00/s/NjAwWDgwMA==/z/Nr4AAOSwxf1ZeeQW/$_32.JPG?set_id=880000500F", "https://i.ebayimg.com/00/s/MTIwMFgxNjAw/z/orUAAOSwBrpZeeQ8/$_32.JPG?set_id=880000500F", "https://i.ebayimg.com/00/s/MTIwMFgxNjAw/z/eN8AAOSwEeVZeeQ5/$_32.JPG?set_id=880000500F"], "PostalCode": "10301", "PrimaryCategoryID": "33034", "PrimaryCategoryName": "Musical Instruments & Gear:Guitars & Basses:Electric Guitars", "Quantity": 1, "Seller": {"UserID": "johnsidmusic", "FeedbackRatingStar": "Purple", "FeedbackScore": 601, "PositiveFeedbackPercent": 100.0}, "BidCount": 1, "ConvertedCurrentPrice": {"Value": 295.0, "CurrencyID": "USD"}, "CurrentPrice": {"Value": 295.0, "CurrencyID": "USD"}, "HighBidder": {"UserID": "v***t", "FeedbackPrivate": false, "FeedbackRatingStar": "None", "FeedbackScore": 2}, "ListingStatus": "Completed", "QuantitySold": 1, "ShipToLocations": ["US"], "Site": "US", "TimeLeft": "PT0S", "Title": "Black Agile 3000 electric guitar DiMarzio Super Distortion Super 2 pickups", "ItemSpecifics": {"NameValueList": [{"Name": "Brand", "Value": ["DiMarzio"]}, {"Name": "Body Color", "Value": ["Black"]}]}, "HitCount": 104, "PrimaryCategoryIDPath": "619:3858:33034", "Country": "US", "ReturnPolicy": {"ReturnsAccepted": "ReturnsNotAccepted", "InternationalReturnsAccepted": "ReturnsNotAccepted"}, "MinimumToBid": {"Value": 300.0, "CurrencyID": "USD"}, "AutoPay": true, "PaymentAllowedSite": [], "IntegratedMerchantCreditCardEnabled": false, "HandlingTime": 3, "ConditionID": 3000, "ConditionDisplayName": "Used", "GlobalShipping": false, "QuantitySoldByPickupInStore": 0, "NewBestOffer": false}