{"BestOfferEnabled": true, "Description": "Fender Standard Stratacaster, Made in Mexico,#MX 13420267. Fender tuners, Fender single coil pickups, bolt on neck, satin Finnish, Arizona sunset color, contour body, 2-point tremolo bridge, Paypal, shipping to the US only. Very good condition.", "ItemID": "223335839100", "EndTime": "2019-01-25T23:52:53.000Z", "StartTime": "2019-01-20T23:52:53.000Z", "ViewItemURLForNaturalSearch": "https://www.ebay.com/itm/fender-stratocaster-/223335839100", "ListingType": "Chinese", "Location": "Saint Cloud, Minnesota", "PaymentMethods": ["PayPal"], "GalleryURL": "https://thumbs1.ebaystatic.com/pict/2233358391008080_1.jpg", "PictureURL": ["https://i.ebayimg.com/00/s/MTYwMFgxMDY2/z/L5cAAOSwu3ZcRQga/$_32.JPG?set_id=880000500F"], "PostalCode": "56304", "PrimaryCategoryID": "33034", "PrimaryCategoryName": "Musical Instruments & Gear:Guitars & Basses:Electric Guitars", "Quantity": 1, "Seller": {"UserID": "mid244", "FeedbackRatingStar": "Purple", "FeedbackScore": 694, "PositiveFeedbackPercent": 100.0}, "BidCount": 1, "ConvertedCurrentPrice": {"Value": 350.0, "CurrencyID": "USD"}, "CurrentPrice": {"Value": 350.0, "CurrencyID": "USD"}, "HighBidder": {"UserID": "b***5", "FeedbackPrivate": false, "FeedbackRatingStar": "None", "FeedbackScore": 7}, "ListingStatus": "Completed", "QuantitySold": 1, "ShipToLocations": ["US"], "Site": "US", "TimeLeft": "PT0S", "Title": "fender stratocaster", "ItemSpecifics": {"NameValueList": [{"Name": "Brand", "Value": ["Fender"]}]}, "HitCount": 268, "PrimaryCategoryIDPath": "619:3858:33034", "Country": "US", "ReturnPolicy": {"ReturnsAccepted": "ReturnsNotAccepted"}, "MinimumToBid": {"Value": 355.0, "CurrencyID": "USD"}, "AutoPay": false, "PaymentAllowedSite": [], "IntegratedMerchantCreditCardEnabled": false, "HandlingTime": 0, "ConditionID": 3000, "ConditionDisplayName": "Used", "GlobalShipping": false, "QuantitySoldByPickupInStore": 0, "NewBestOffer": false}