{"BestOfferEnabled": false, "Description": "Beautiful 2017 Epiphone gold top les paul. I bought this brand new and only played it a couple of times. it is in like new condition. no dings or scratches except for a couple on the pickguard. The pickups are amazing and neck practically plays itself. I would like to keep this in my collection but need some quick cash. Save your self some money and get this wonderful guitar. if you are wondering about the quality if these epiphones just read the reviews. Great guitar great price! no case but will be shipped with care. Good luck! I don't understand why no one has bid on this guitar. Opening bid is $200 less than a new one and this is basically brand new. It won't get any cheaper. If it doesn't sell this week, I'll just keep it. Cmon people! Bid!", "ItemID": "264147541773", "EndTime": "2019-01-25T16:30:27.000Z", "StartTime": "2019-01-18T16:30:27.000Z", "ViewItemURLForNaturalSearch": "https://www.ebay.com/itm/epiphone-gold-top-les-paul-perfect-2017-/264147541773", "ListingType": "Chinese", "Location": "Sheldon, Iowa", "PaymentMethods": ["PayPal"], "GalleryURL": "https://thumbs2.ebaystatic.com/pict/2641475417738080_1.jpg", "PictureURL": ["https://i.ebayimg.com/00/s/MTIwMFgxNjAw/z/b98AAOSwt0dcE9d8/$_57.JPG?set_id=8800005007", "https://i.ebayimg.com/00/s/MTIwMFgxNjAw/z/sYgAAOSwzZNcE9eL/$_57.JPG?set_id=8800005007", "https://i.ebayimg.com/00/s/MTIwMFgxNjAw/z/T~gAAOSwNkpcE9eb/$_57.JPG?set_id=8800005007", "https://i.ebayimg.com/00/s/MTIwMFgxNjAw/z/o9AAAOSwAFFcE9eq/$_57.JPG?set_id=8800005007", "https://i.ebayimg.com/00/s/MTIwMFgxNjAw/z/FOoAAOSwGPNcE9e0/$_57.JPG?set_id=8800005007", "https://i.ebayimg.com/00/s/MTIwMFgxNjAw/z/ODMAAOSwMOtcE9fF/$_57.JPG?set_id=8800005007", "https://i.ebayimg.com/00/s/MTIwMFgxNjAw/z/yNAAAOSwLr1cE9ft/$_57.JPG?set_id=8800005007"], "PostalCode": "51201", "PrimaryCategoryID": "33034", "PrimaryCategoryName": "Musical Instruments & Gear:Guitars & Basses:Electric Guitars", "Quantity": 1, "Seller": {"UserID": "jaysandholm", "FeedbackRatingStar": "Turquoise", "FeedbackScore": 237, "PositiveFeedbackPercent": 100.0}, "BidCount": 2, "ConvertedCurrentPrice": {"Value": 300.0, "CurrencyID": "USD"}, "CurrentPrice": {"Value": 300.0, "CurrencyID": "USD"}, "HighBidder": {"UserID": "o***w", "FeedbackPrivate": false, "FeedbackRatingStar": "None", "FeedbackScore": 0}, "ListingStatus": "Completed", "QuantitySold": 1, "ShipToLocations": ["US"], "Site": "US", "TimeLeft": "PT0S", "Title": "epiphone gold top les paul  perfect 2017", "HitCount": 215, "Subtitle": "BEST. DEAL for a gold top on ebay!  Don't wait!  Bid!!", "PrimaryCategoryIDPath": "619:3858:33034", "Country": "US", "ReturnPolicy": {"ReturnsAccepted": "ReturnsNotAccepted", "InternationalReturnsAccepted": "ReturnsNotAccepted"}, "MinimumToBid": {"Value": 305.0, "CurrencyID": "USD"}, "AutoPay": false, "PaymentAllowedSite": [], "IntegratedMerchantCreditCardEnabled": false, "HandlingTime": 3, "ConditionID": 3000, "ConditionDisplayName": "Used", "GlobalShipping": false, "ConditionDescription": "near mint", "QuantitySoldByPickupInStore": 0, "NewBestOffer": false}