{"BestOfferEnabled": false, "Description": "1999 G&L Legacy USA Left Handed 6-String Black Body Electric Guitar CLF SN Item Description:You are bidding on a previously owned and in good playing condition G&L Legacy 6-string left handed electric guitar. This auction is for the guitar and hard case with keys you see pictured. Nothing else is included. It comes as pictured. Please take a moment to look at the pictures and get a better idea of what you are bidding on. The case is a G&L case, but it is not a very good fit for the guitar, so you might want to swap it out. It looks like it may have been made for a different guitar. The case is also missing the handle. This guitar has scratches on the body from play wear that are on and around the front and pickguard. There is a deeper scrape on the back that goes through the black lacquer and finish, down to the wood (see picture 9 for a better look). It looks like it is from buckle rash. There is a nick along the side of the front as you can see in the third picture. The sides of the neck have play wear where the clear coat has rubbed away. The headstock has a few scuffs along the sides. The electronics have been tested and work. The volume pot and switch are both a bit scratchy when adjusted. The neck is straight and the frets have plenty of life in them. The guitar is in good playing condition. The nut is 1-5/8\". Please take a moment to check out my other great items! Thanks ccloan Shipping Information:California residents are required to pay sales tax of 7.75%. This will be automatically added to your eBay/Paypal invoice when the item is shipped within the state of California.We only ship to the lower 48 states and do not ship internationally. The ebay auction winner is required to pay $49.99 for shipping and handling.Shipping quote is for the continental domestic shipping. The shipping charge is fixed and non negotiable. The shipping costs cover the materials as well as postage to ship the item. We try our best to keep our rates very reasonable.We are located in Sacramento, CA . Shipping times from California to the east coast can be up to 6-7 business days. Ebay estimates are not always accurate. We do our best to ship all items within 1 business day of payment. Tracking will be uploaded to eBay so they can forward that information to you. This occurs within 2-3 hours after the item is received by the carrier. We do not ship on the weekends.We do combined shipping! Please message me prior to paying on your items and I will send you a combined invoice. Payment Information: Please make payment within one week of the auction. If you do not pay for the item within one week from the auction end we reserve the right to open a non-paying bidder claim. Hours of operation are from 10am to 5pm Monday - Friday. We are closed on Saturdays & Sundays. We offer local pick up for those who are located in the Sacramento Area. We do not accept Paypal for local pick up. We have to ship the item if you pay with paypal. You can save yourself the shipping but normal state sales tax applies. CA Business License #3400-0970. As an eBay seller, feedback is very important to US. We want to earn a positive rating from you, so please contact us if you have any issues. That positive rating also includes earning 5 Stars in all the Detailed Seller Ratings (DSR) categories. We try our hardest to give 5-Star Service by giving Clear, Accurate and Honest descriptions to the best of our abilities. We also clearly state our return policies and shipping terms up front so you know what to expect. If you are pleased with this transaction, please respond with all 5 Stars! If you are not pleased for any reason, Please contact us using the Contact Seller link on the auction page, and we'll try and make it a Five Star Sale! Give us 24 Hours during the work week and up to 48 hours on the weekends/holidays. Please do not open a case until you have contacted us first. We are here to help! Powered by SixBit's eCommerce Solution", "ItemID": "372571173077", "EndTime": "2019-01-25T00:30:00.000Z", "StartTime": "2019-01-18T00:30:00.000Z", "ViewItemURLForNaturalSearch": "https://www.ebay.com/itm/1999-G-L-Legacy-USA-Left-Handed-6-String-Black-Body-Electric-Guitar-CLF-SN-/372571173077", "ListingType": "Chinese", "Location": "Sacramento, California", "PaymentMethods": ["PayPal"], "GalleryURL": "https://thumbs2.ebaystatic.com/pict/3725711730778080_1.jpg", "PictureURL": ["https://i.ebayimg.com/00/s/MTYwMFgxMjAw/z/m4YAAOSwBfhcGZk7/$_57.JPG?set_id=880000500F", "https://i.ebayimg.com/00/s/MTYwMFgxMjAw/z/qnMAAOSwsqdcGZk9/$_57.JPG?set_id=880000500F", "https://i.ebayimg.com/00/s/MTIwMFgxNjAw/z/oYkAAOSwDlRcGZk~/$_57.JPG?set_id=880000500F", "https://i.ebayimg.com/00/s/MTIwMFgxNjAw/z/5ikAAOSwMKxcGZlB/$_57.JPG?set_id=880000500F", "https://i.ebayimg.com/00/s/MTIwMFgxNjAw/z/2N0AAOSwBkNcGZlD/$_57.JPG?set_id=880000500F", "https://i.ebayimg.com/00/s/MTIwMFgxNjAw/z/kYIAAOSwZtRcGZlG/$_57.JPG?set_id=880000500F", "https://i.ebayimg.com/00/s/MTIwMFgxNjAw/z/SSIAAOSwp3dcGZlJ/$_57.JPG?set_id=880000500F", "https://i.ebayimg.com/00/s/MTIwMFgxNjAw/z/BGUAAOSwsGpcGZlL/$_57.JPG?set_id=880000500F", "https://i.ebayimg.com/00/s/MTIwMFgxNjAw/z/JQAAAOSwgyZcGZlP/$_57.JPG?set_id=880000500F", "https://i.ebayimg.com/00/s/MTIwMFgxNjAw/z/W-wAAOSwXedcGZlS/$_57.JPG?set_id=880000500F", "https://i.ebayimg.com/00/s/MTIwMFgxNjAw/z/HTkAAOSwohVcGZlV/$_57.JPG?set_id=880000500F"], "PostalCode": "95841", "PrimaryCategoryID": "33034", "PrimaryCategoryName": "Musical Instruments & Gear:Guitars & Basses:Electric Guitars", "Quantity": 1, "Seller": {"UserID": "ccloan", "FeedbackRatingStar": "PurpleShooting", "FeedbackScore": 71899, "PositiveFeedbackPercent": 99.9, "TopRatedSeller": true}, "BidCount": 1, "ConvertedCurrentPrice": {"Value": 399.99, "CurrencyID": "USD"}, "CurrentPrice": {"Value": 399.99, "CurrencyID": "USD"}, "HighBidder": {"UserID": "m***n", "FeedbackPrivate": false, "FeedbackRatingStar": "Purple", "FeedbackScore": 541}, "ListingStatus": "Completed", "QuantitySold": 1, "ShipToLocations": ["US"], "Site": "US", "TimeLeft": "PT0S", "Title": "1999 G&L Legacy USA Left Handed 6-String Black Body Electric Guitar CLF SN", "ItemSpecifics": {"NameValueList": [{"Name": "Brand", "Value": ["G&L"]}, {"Name": "Body Type", "Value": ["Solid"]}, {"Name": "MPN", "Value": ["Legacy"]}, {"Name": "Model", "Value": ["Legacy"]}, {"Name": "String Configuration", "Value": ["6 String"]}, {"Name": "Body Color", "Value": ["Black"]}, {"Name": "Model Year", "Value": ["1999"]}, {"Name": "Right-/ Left-Handed", "Value": ["Left-Handed"]}, {"Name": "Country/Region of Manufacture", "Value": ["United States"]}]}, "HitCount": 160, "PrimaryCategoryIDPath": "619:3858:33034", "Storefront": {"StoreURL": "https://stores.ebay.com/id=2011625", "StoreName": "Capital City Loan and Jewelry"}, "Country": "US", "ReturnPolicy": {"Refund": "Money Back", "ReturnsWithin": "30 Days", "ReturnsAccepted": "Returns Accepted", "ShippingCostPaidBy": "Seller"}, "MinimumToBid": {"Value": 404.99, "CurrencyID": "USD"}, "AutoPay": false, "PaymentAllowedSite": [], "IntegratedMerchantCreditCardEnabled": false, "HandlingTime": 1, "ConditionID": 3000, "ConditionDisplayName": "Used", "ExcludeShipToLocation": ["Alaska/Hawaii", "US Protectorates", "APO/FPO", "Africa", "Asia", "Central America and Caribbean", "Europe", "Middle East", "North America", "Oceania", "Southeast Asia", "South America"], "TopRatedListing": true, "GlobalShipping": false, "ConditionDescription": "THIS IS A LEFT HANDED GUITAR. The electronics have been tested and work. The volume pot and switch are both a bit scratchy when adjusted. Please read the full description for more details.", "QuantitySoldByPickupInStore": 0, "SKU": "110363671", "NewBestOffer": false}