{"BestOfferEnabled": true, "Description": "Jackson Warrior Electric Guitar Satin Black w/ Factory Hard Case This guitar has lived most of it\u2019s life in the case. Very few played hours. It is in really good condition. You will not find any significant scratches or dings on it. The best feature of this particular guitar in my opinion is the neck. It is flat and fast and you\u2019ll love the low action. The Jackson pickups produce awesome tones for rock or metal style music and the clean tones can be plenty bright for softer music. Comes with a Jackson hard case and the tremolo arm.", "ItemID": "254081170229", "EndTime": "2019-01-26T00:56:37.000Z", "StartTime": "2019-01-19T00:56:37.000Z", "ViewItemURLForNaturalSearch": "https://www.ebay.com/itm/Jackson-Warrior-Electric-Guitar-Satin-Black-w-Factory-Hard-Case-/254081170229", "ListingType": "Chinese", "Location": "Dallas, North Carolina", "PaymentMethods": ["PayPal"], "GalleryURL": "https://thumbs2.ebaystatic.com/pict/2540811702298080_1.jpg", "PictureURL": ["https://i.ebayimg.com/00/s/MTYwMFgxMjAw/z/o0UAAOSwe9VcJsWD/$_12.JPG?set_id=880000500F", "https://i.ebayimg.com/00/s/MTYwMFgxMjAw/z/ZQMAAOSwx-lcJsVw/$_12.JPG?set_id=880000500F", "https://i.ebayimg.com/00/s/MTYwMFgxMjAw/z/UegAAOSwV0VcJsVq/$_12.JPG?set_id=880000500F", "https://i.ebayimg.com/00/s/MTYwMFgxMjAw/z/LhsAAOSwq6VcJsV-/$_12.JPG?set_id=880000500F", "https://i.ebayimg.com/00/s/MTIwMFgxNjAw/z/r0YAAOSwx9lcJsWI/$_12.JPG?set_id=880000500F", "https://i.ebayimg.com/00/s/MTYwMFgxMjAw/z/8vAAAOSwMpFcJsV1/$_12.JPG?set_id=880000500F"], "PostalCode": "28034", "PrimaryCategoryID": "33034", "PrimaryCategoryName": "Musical Instruments & Gear:Guitars & Basses:Electric Guitars", "Quantity": 1, "Seller": {"UserID": "election98", "FeedbackRatingStar": "Turquoise", "FeedbackScore": 338, "PositiveFeedbackPercent": 100.0}, "BidCount": 1, "ConvertedCurrentPrice": {"Value": 340.0, "CurrencyID": "USD"}, "CurrentPrice": {"Value": 340.0, "CurrencyID": "USD"}, "HighBidder": {"UserID": "c***c", "FeedbackPrivate": false, "FeedbackRatingStar": "Turquoise", "FeedbackScore": 298}, "ListingStatus": "Completed", "QuantitySold": 1, "ShipToLocations": ["US"], "Site": "US", "TimeLeft": "PT0S", "Title": "Jackson Warrior Electric Guitar Satin Black w/ Factory Hard Case", "ItemSpecifics": {"NameValueList": [{"Name": "Brand", "Value": ["Jackson"]}, {"Name": "Model", "Value": ["Warrior"]}, {"Name": "Right-/ Left-Handed", "Value": ["Right-Handed"]}, {"Name": "Body Color", "Value": ["Black"]}]}, "HitCount": 210, "PrimaryCategoryIDPath": "619:3858:33034", "Country": "US", "ReturnPolicy": {"ReturnsAccepted": "ReturnsNotAccepted"}, "MinimumToBid": {"Value": 345.0, "CurrencyID": "USD"}, "AutoPay": false, "PaymentAllowedSite": [], "IntegratedMerchantCreditCardEnabled": false, "HandlingTime": 3, "ConditionID": 3000, "ConditionDisplayName": "Used", "GlobalShipping": false, "QuantitySoldByPickupInStore": 0, "NewBestOffer": false}