{"BestOfferEnabled": true, "Description": "Please see my feedback. Please read- I will ship the guitar to a VALID USA MAINLAND Address ONLY. I will not ship elsewhere. If you do NOT live in the USA lower 48, please do Not Bid! Low starting bid!!! Too many guitars - sadly I must sell. Here's a nice 2012/13 MusicMan Steve Morse Y2D, with Tremolo & MM Case- Very Nice! 9/10. Condition is \"slightly\" used. One owner (Me) and it never left my \"non-smoking\" studio and was never ever gigged. Frets in great shape! Strap-Locks installed. Please see pictures. Beautiful top and plays very nice. Low action. Beautiful color. There is one tiny scratch on the horn that I have tried to show in the picture, but other than this she is clean. The lucky winner agrees to a flat fee of 55.00 for shipping (Ground) & Insurance to anywhere in the USA Mainland lower 48 \"ONLY\", signature required on delivery. Paypal is due at end of auction. Thanks for reading and Happy Bidding!", "ItemID": "202571476210", "EndTime": "2019-01-23T23:45:29.000Z", "StartTime": "2019-01-20T14:29:31.000Z", "ViewItemURLForNaturalSearch": "https://www.ebay.com/itm/MusicMan-Steve-Morse-Y2D-Tremolo-MM-Case-NICE-/202571476210", "ListingType": "Chinese", "Location": "Amarillo, Texas", "PaymentMethods": ["PayPal"], "GalleryURL": "https://thumbs3.ebaystatic.com/pict/2025714762108080_1.jpg", "PictureURL": ["https://i.ebayimg.com/00/s/MTYwMFgxMjAw/z/b7UAAOSwMkdcRH4k/$_32.JPG?set_id=880000500F", "https://i.ebayimg.com/00/s/MTYwMFgxMjAw/z/fM4AAOSwDaBcRH4r/$_32.JPG?set_id=880000500F", "https://i.ebayimg.com/00/s/MTYwMFgxMjAw/z/QQAAAOSwZNtcRH5n/$_32.JPG?set_id=880000500F", "https://i.ebayimg.com/00/s/MTYwMFgxMjAw/z/pe4AAOSwcDdcRH5n/$_32.JPG?set_id=880000500F", "https://i.ebayimg.com/00/s/MTIwMFgxNjAw/z/4VkAAOSwb15cRH5n/$_32.JPG?set_id=880000500F", "https://i.ebayimg.com/00/s/MTIwMFgxNjAw/z/~3oAAOSwcOZcRH5n/$_32.JPG?set_id=880000500F", "https://i.ebayimg.com/00/s/MTYwMFgxMjAw/z/KkkAAOSwzExcRH5o/$_32.JPG?set_id=880000500F", "https://i.ebayimg.com/00/s/MTIwMFgxNjAw/z/jb4AAOSwMlNcRH5n/$_32.JPG?set_id=880000500F", "https://i.ebayimg.com/00/s/MTYwMFgxMjAw/z/logAAOSwsQJcRH5o/$_32.JPG?set_id=880000500F", "https://i.ebayimg.com/00/s/MTYwMFgxMjAw/z/KLIAAOSwwfFcRH5q/$_32.JPG?set_id=880000500F", "https://i.ebayimg.com/00/s/MTYwMFgxMjAw/z/fAMAAOSwkFZcRH5o/$_32.JPG?set_id=880000500F", "https://i.ebayimg.com/00/s/MTIwMFgxNjAw/z/F94AAOSwc6ZcRH6T/$_32.JPG?set_id=880000500F"], "PostalCode": "79107", "PrimaryCategoryID": "33034", "PrimaryCategoryName": "Musical Instruments & Gear:Guitars & Basses:Electric Guitars", "Quantity": 1, "Seller": {"UserID": "mwhowell", "FeedbackRatingStar": "Purple", "FeedbackScore": 617, "PositiveFeedbackPercent": 100.0}, "BidCount": 1, "ConvertedCurrentPrice": {"Value": 869.0, "CurrencyID": "USD"}, "CurrentPrice": {"Value": 869.0, "CurrencyID": "USD"}, "HighBidder": {"UserID": "e***l", "FeedbackPrivate": false, "FeedbackRatingStar": "None", "FeedbackScore": 0}, "ListingStatus": "Completed", "QuantitySold": 1, "ShipToLocations": ["US"], "Site": "US", "TimeLeft": "PT0S", "Title": "MusicMan Steve Morse Y2D, Tremolo, MM Case- NICE!", "ItemSpecifics": {"NameValueList": [{"Name": "Model", "Value": ["Steve Morse"]}]}, "HitCount": 149, "PrimaryCategoryIDPath": "619:3858:33034", "Country": "US", "ReturnPolicy": {"ReturnsAccepted": "ReturnsNotAccepted"}, "MinimumToBid": {"Value": 879.0, "CurrencyID": "USD"}, "AutoPay": false, "PaymentAllowedSite": [], "IntegratedMerchantCreditCardEnabled": false, "HandlingTime": 0, "ConditionID": 3000, "ConditionDisplayName": "Used", "GlobalShipping": false, "QuantitySoldByPickupInStore": 0, "NewBestOffer": false}