{"BestOfferEnabled": false, "Description": "AllGoodsNetwork - Estate Sale items All items are accurately described ... it's all good at Allgoods. ===================================================================== Welcome to AllgoodsNetwork, from a Guitar collection that is being sold here on eBay, this is a 1980 Gibson ES-355 in Vintage Burst. Beautiful finish ... Smooth Jazz Riffs just seem to pour out of this Guitar ... plays and sounds just like butter! This one has the: (1) Master Volume, and (2) Tone Controls. Includes the original Gibson Hard Shell Case as seen ... super nice tone. This Guitar had been an ES Artist, now with the: MOOG Active Electronics removed, Duncan '59s added, and a PIO Cap added to enhance the tone. Clean and simple , a clean ES-355 now ... the (3) active electronics switch holes were capped with black plastic caps. New Thomastik-Infeld (10s) Swing Jazz (JS110) strings installed, no real fret wear, however lower frets and up to 12th fret seem more worn than the 12th and up frets. The Guitar weighs 9.1 lbs., and is located in Bullhead City, AZ . Please advise via email if you would like USPS Priority Mail with signature required. This seems to be much faster than FedEx for example. We have a few: Guitars, Amps and Parts etc. that we are selling as they became available from an Estate Sale, stay tuned and check back with this eBay site etc. Feel free to contact us for any questions at all, or an in-hand description. --- Shipping Information --- Shipping is very important to us, and as such we spend extra time and use additional packing material so that you receive your item in undamaged condition and fully insured. Shipping is to CONUS only, excluding: APO, Africa, Asia, Central America and Caribbean, Europe, Middle East, Oceania, Southeast Asia, South America, and PO Boxes . -----------------------------", "ItemID": "183639747162", "EndTime": "2019-01-23T23:32:38.000Z", "StartTime": "2019-01-16T23:32:38.000Z", "ViewItemURLForNaturalSearch": "https://www.ebay.com/itm/1980-Gibson-ES-355-clean-and-sounds-great-No-Reserve-/183639747162", "ListingType": "Chinese", "Location": "Bullhead City, Arizona", "PaymentMethods": ["PayPal"], "GalleryURL": "https://thumbs3.ebaystatic.com/pict/1836397471628080_1.jpg", "PictureURL": ["https://i.ebayimg.com/00/s/MTA2NVgxNjAw/z/JfgAAOSwjQVcEBvx/$_57.JPG?set_id=8800005007", "https://i.ebayimg.com/00/s/MTA2NVgxNjAw/z/0E8AAOSwEp5cEBv1/$_57.JPG?set_id=8800005007", "https://i.ebayimg.com/00/s/MTA2NVgxNjAw/z/DYMAAOSwiJZcEBv4/$_57.JPG?set_id=8800005007", "https://i.ebayimg.com/00/s/MTA2NVgxNjAw/z/R3cAAOSwW~JcEBv8/$_57.JPG?set_id=8800005007", "https://i.ebayimg.com/00/s/MTA2NVgxNjAw/z/6l4AAOSwCVtcEBv~/$_57.JPG?set_id=8800005007", "https://i.ebayimg.com/00/s/MTA2NVgxNjAw/z/TUMAAOSwJ3RcEBwC/$_57.JPG?set_id=8800005007", "https://i.ebayimg.com/00/s/MTA2NVgxNjAw/z/QYcAAOSw6dhcEBwF/$_57.JPG?set_id=8800005007", "https://i.ebayimg.com/00/s/MTA2NVgxNjAw/z/RaoAAOSwDaBcEBwL/$_57.JPG?set_id=8800005007", "https://i.ebayimg.com/00/s/MTA2NVgxNjAw/z/olYAAOSwusdcEBwO/$_57.JPG?set_id=8800005007", "https://i.ebayimg.com/00/s/MTA2NVgxNjAw/z/WfEAAOSwrAFcEBwR/$_57.JPG?set_id=8800005007", "https://i.ebayimg.com/00/s/MTA2NVgxNjAw/z/hrcAAOSwSONcEBwU/$_57.JPG?set_id=8800005007", "https://i.ebayimg.com/00/s/MTA2NVgxNjAw/z/RJQAAOSwMjpcEBwY/$_57.JPG?set_id=8800005007"], "PostalCode": "86442", "PrimaryCategoryID": "33034", "PrimaryCategoryName": "Musical Instruments & Gear:Guitars & Basses:Electric Guitars", "Quantity": 1, "Seller": {"UserID": "allgoodsnetwork", "FeedbackRatingStar": "Turquoise", "FeedbackScore": 463, "PositiveFeedbackPercent": 100.0}, "BidCount": 25, "ConvertedCurrentPrice": {"Value": 2475.0, "CurrencyID": "USD"}, "CurrentPrice": {"Value": 2475.0, "CurrencyID": "USD"}, "HighBidder": {"UserID": "r***c", "FeedbackPrivate": false, "FeedbackRatingStar": "Turquoise", "FeedbackScore": 130}, "ListingStatus": "Completed", "QuantitySold": 1, "ShipToLocations": ["US"], "Site": "US", "TimeLeft": "PT0S", "Title": "1980 Gibson ES-355, clean and sounds great - No Reserve", "ItemSpecifics": {"NameValueList": [{"Name": "String Configuration", "Value": ["6 String"]}, {"Name": "Country/Region of Manufacture", "Value": ["United States"]}, {"Name": "Right-/ Left-Handed", "Value": ["Right-Handed"]}, {"Name": "Model Year", "Value": ["1980"]}, {"Name": "Dexterity", "Value": ["Right-Handed"]}, {"Name": "MPN", "Value": ["Does Not Apply"]}, {"Name": "Body Material", "Value": ["Solid Wood"]}, {"Name": "Soundboard Style", "Value": ["Archtop"]}, {"Name": "Brand", "Value": ["Gibson"]}, {"Name": "Body Type", "Value": ["Semi-Hollow"]}, {"Name": "Modified Item", "Value": ["No"]}, {"Name": "Non-Domestic Product", "Value": ["No"]}, {"Name": "Model", "Value": ["ES-355"]}, {"Name": "Body Color", "Value": ["Vintage Burst"]}, {"Name": "Product Line", "Value": ["Gibson ES"]}, {"Name": "Exact Year", "Value": ["1980"]}]}, "HitCount": 373, "PrimaryCategoryIDPath": "619:3858:33034", "Country": "US", "ReturnPolicy": {"ReturnsAccepted": "ReturnsNotAccepted", "InternationalReturnsAccepted": "ReturnsNotAccepted"}, "MinimumToBid": {"Value": 2500.0, "CurrencyID": "USD"}, "AutoPay": false, "PaymentAllowedSite": [], "IntegratedMerchantCreditCardEnabled": false, "HandlingTime": 5, "ConditionID": 3000, "ConditionDisplayName": "Used", "ExcludeShipToLocation": ["APO/FPO", "Africa", "Asia", "Central America and Caribbean", "Europe", "Middle East", "Oceania", "Southeast Asia", "South America", "PO Box"], "GlobalShipping": false, "ConditionDescription": "1980 Gibson ES-355, clean and sounds great ... has a nice unique Jazz voice. Beautiful ... plays and sounds just like butter! ... includes the Original Gibson Hard Shell Case as seen. This Guitar had been an ES Artist, now with the: MOOG Active Electronics removed, Duncan '59s added, and a PIO Cap added to enhance the tone. Clean and simple ... the (3) active electronics switch holes were capped with black plastic caps.", "QuantitySoldByPickupInStore": 0, "NewBestOffer": false}