{"BestOfferEnabled": false, "Description": "Played this guitar out a couple of times. Case is also very nice. Just sits at home. Time to get rid of some of my stuff.", "ItemID": "303034286372", "EndTime": "2019-01-24T01:28:58.000Z", "StartTime": "2019-01-19T01:28:58.000Z", "ViewItemURLForNaturalSearch": "https://www.ebay.com/itm/Fender-2015-American-deluxe-Telecaster-Aged-Cherry-Burst-Fender-Case-/303034286372", "ListingType": "Chinese", "Location": "Quincy, Illinois", "PaymentMethods": ["PayPal"], "GalleryURL": "https://thumbs1.ebaystatic.com/pict/3030342863728080_1.jpg", "PictureURL": ["https://i.ebayimg.com/00/s/MTIwMFgxNjAw/z/1BEAAOSw~TNcO7qz/$_57.JPG?set_id=8800005007", "https://i.ebayimg.com/00/s/MTIwMFgxNjAw/z/koYAAOSwWUBcO7rB/$_57.JPG?set_id=8800005007", "https://i.ebayimg.com/00/s/MTIwMFgxNjAw/z/ISsAAOSwlEBcO7rK/$_57.JPG?set_id=8800005007"], "PostalCode": "62305", "PrimaryCategoryID": "33034", "PrimaryCategoryName": "Musical Instruments & Gear:Guitars & Basses:Electric Guitars", "Quantity": 1, "Seller": {"UserID": "trixxband", "FeedbackRatingStar": "Turquoise", "FeedbackScore": 160, "PositiveFeedbackPercent": 100.0}, "BidCount": 17, "ConvertedCurrentPrice": {"Value": 1225.0, "CurrencyID": "USD"}, "CurrentPrice": {"Value": 1225.0, "CurrencyID": "USD"}, "HighBidder": {"UserID": "t***o", "FeedbackPrivate": false, "FeedbackRatingStar": "Yellow", "FeedbackScore": 15}, "ListingStatus": "Completed", "QuantitySold": 1, "ShipToLocations": ["US"], "Site": "US", "TimeLeft": "PT0S", "Title": "Fender 2015 American deluxe Telecaster Aged Cherry Burst + Fender Case", "ItemSpecifics": {"NameValueList": [{"Name": "Brand", "Value": ["Fender"]}, {"Name": "Model Year", "Value": ["2015"]}, {"Name": "Series", "Value": ["Elite"]}, {"Name": "String Configuration", "Value": ["6 String"]}, {"Name": "MPN", "Value": ["Does Not Apply"]}, {"Name": "Right-/ Left-Handed", "Value": ["Right-Handed"]}, {"Name": "Country/Region of Manufacture", "Value": ["United States"]}]}, "HitCount": 324, "PrimaryCategoryIDPath": "619:3858:33034", "Country": "US", "ReturnPolicy": {"ReturnsAccepted": "ReturnsNotAccepted", "InternationalReturnsAccepted": "ReturnsNotAccepted"}, "MinimumToBid": {"Value": 1250.0, "CurrencyID": "USD"}, "AutoPay": false, "PaymentAllowedSite": [], "IntegratedMerchantCreditCardEnabled": false, "HandlingTime": 1, "ConditionID": 3000, "ConditionDisplayName": "Used", "ExcludeShipToLocation": ["Alaska/Hawaii", "Africa", "Asia", "Central America and Caribbean", "Europe", "Middle East", "Oceania", "Southeast Asia", "South America"], "GlobalShipping": false, "ConditionDescription": "Looks like new.", "QuantitySoldByPickupInStore": 0, "NewBestOffer": false}