{"BestOfferEnabled": false, "Description": "EPIPHONE 2015 Epiphone Les Paul Standard Plus Top Pro GOLDGuitar is in Excellent Condition.Has some Lite scratches/scuffs mostly visible on backNeck is Straight.Serial number: 150315XXXXX Guitar will be packed well.Pictures are of actual item. Terms and Conditions Payment: \u00b7 We accept payments via PayPal \u00b7 Payment must be received within 7 days \u00b7 Sales tax will be applied for local pickups, and shipping to a Colorado address. Shipping: \u00b7 Shipments will be processed within one (1) business day of payment receipt \u00b7 We ship only to PayPal Confirmed addresses \u00b7 Shipping is calculated for the lower 48 states; No international shipping \u00b7 Shipping to PO Boxes, AK, HI, VI, PR, APO/FPO addresses may occur an additional fee \u00b7 All items are shipped via UPS or USPS Local Pickup: \u00b7 Payment is still required within 7 days if you elect to do a local pickup; Sales taxes will apply \u00b7 We accept cash, Visa, MasterCard, Discover, Amex, for local pick up in person. If you wish to pay through PayPal please request a new invoice \u00b7 Item must be picked up within 14 days from payment date. Customer Service: Fast Cash prides itself on customer service, and we want to provide you with 5-star service on every transaction. \u00b7 The best method of contacting us with questions or concerns is through the eBay email system. \u00b7 You should expect a reply to your email within 24 business hours. \u00b7 Please allow us to try to meet your expectations before giving neutral or negative feedback. We will do everything within our power to quickly resolve your inquiries. Return Policy: We accept returns within 14 days of receipt for the item as long as the following procedures are followed: 1. The item is returned in the original condition of which it was sent. 2. The item must be returned with an RMA number (Return Merchandise Authorization Number). 3. We ask that you notify us within seven (7) days of receiving shipment that you would like to return the item. Additional Return Details: \u00b7 Buyer is responsible for all shipping costs on returns unless determined otherwise AD 362-1131343904-016100 SRRZRR", "ItemID": "333022320856", "EndTime": "2019-01-25T19:51:40.000Z", "StartTime": "2019-01-18T19:51:40.000Z", "ViewItemURLForNaturalSearch": "https://www.ebay.com/itm/2015-Epiphone-Les-Paul-Standard-Plus-Top-Pro-GOLD-/333022320856", "ListingType": "Chinese", "Location": "Denver, Colorado", "PaymentMethods": ["PayPal"], "GalleryURL": "https://thumbs1.ebaystatic.com/pict/3330223208568080_1.jpg", "PictureURL": ["https://i.ebayimg.com/00/s/ODAwWDI5MQ==/z/-asAAOSwt0dcQi0z/$_57.JPG?set_id=8800005007", "https://i.ebayimg.com/00/s/ODAwWDYwMw==/z/I2QAAOSwmaJcQi00/$_57.JPG?set_id=8800005007", "https://i.ebayimg.com/00/s/ODAwWDQ0OQ==/z/qtcAAOSwXgxcQi01/$_57.JPG?set_id=8800005007", "https://i.ebayimg.com/00/s/ODAwWDI3OQ==/z/lDQAAOSwPYRcQi02/$_57.JPG?set_id=8800005007", "https://i.ebayimg.com/00/s/ODAwWDYyMA==/z/NE4AAOSws~VcQi02/$_57.JPG?set_id=8800005007", "https://i.ebayimg.com/00/s/ODAwWDU3Mg==/z/~gUAAOSwpaVcQi03/$_57.JPG?set_id=8800005007", "https://i.ebayimg.com/00/s/ODAwWDgxOQ==/z/lDgAAOSwPYRcQi04/$_57.JPG?set_id=8800005007", "https://i.ebayimg.com/00/s/ODAwWDQ2MQ==/z/if4AAOSwWrxcQi05/$_57.JPG?set_id=8800005007", "https://i.ebayimg.com/00/s/ODAwWDIwNg==/z/IwEAAOSw5wJcQi06/$_57.JPG?set_id=8800005007", "https://i.ebayimg.com/00/s/ODAwWDI4MA==/z/1X8AAOSwzFhcQi06/$_57.JPG?set_id=8800005007", "https://i.ebayimg.com/00/s/ODAwWDg1Mg==/z/oqcAAOSw-sVcQi07/$_57.JPG?set_id=8800005007", "https://i.ebayimg.com/00/s/ODAwWDgxNQ==/z/vZoAAOSwqoxcQi08/$_57.JPG?set_id=8800005007"], "PostalCode": "80231", "PrimaryCategoryID": "33034", "PrimaryCategoryName": "Musical Instruments & Gear:Guitars & Basses:Electric Guitars", "Quantity": 1, "Seller": {"UserID": "fastcashgoldcenters", "FeedbackRatingStar": "RedShooting", "FeedbackScore": 159296, "PositiveFeedbackPercent": 99.8}, "BidCount": 1, "ConvertedCurrentPrice": {"Value": 299.99, "CurrencyID": "USD"}, "CurrentPrice": {"Value": 299.99, "CurrencyID": "USD"}, "HighBidder": {"UserID": "m***c", "FeedbackPrivate": false, "FeedbackRatingStar": "Turquoise", "FeedbackScore": 498}, "ListingStatus": "Completed", "QuantitySold": 1, "ShipToLocations": ["US"], "Site": "US", "TimeLeft": "PT0S", "Title": "2015 Epiphone Les Paul Standard Plus Top Pro GOLD", "ItemSpecifics": {"NameValueList": [{"Name": "Dexterity", "Value": ["Right-Handed"]}, {"Name": "Body Color", "Value": ["Gold"]}, {"Name": "String Configuration", "Value": ["6 String"]}, {"Name": "MPN", "Value": ["Does Not Apply"]}, {"Name": "Brand", "Value": ["Epiphone"]}, {"Name": "Model", "Value": ["Les Paul Standard Plus Top"]}, {"Name": "Model Year", "Value": ["2015"]}]}, "HitCount": 285, "PrimaryCategoryIDPath": "619:3858:33034", "Storefront": {"StoreURL": "https://stores.ebay.com/id=752456", "StoreName": "Fast Cash Pawn and Jewelry"}, "Country": "US", "ReturnPolicy": {"Refund": "Money Back", "ReturnsWithin": "30 Days", "ReturnsAccepted": "Returns Accepted", "ShippingCostPaidBy": "Buyer", "InternationalReturnsAccepted": "ReturnsNotAccepted"}, "MinimumToBid": {"Value": 304.99, "CurrencyID": "USD"}, "AutoPay": false, "PaymentAllowedSite": [], "IntegratedMerchantCreditCardEnabled": false, "HandlingTime": 1, "ConditionID": 3000, "ConditionDisplayName": "Used", "ExcludeShipToLocation": ["Africa", "Asia", "Central America and Caribbean", "Europe", "Middle East", "North America", "Oceania", "Southeast Asia", "South America"], "GlobalShipping": false, "ConditionDescription": "In Excellent Condition!", "QuantitySoldByPickupInStore": 0, "NewBestOffer": false}