{"BestOfferEnabled": false, "Description": "In an effort to \"thin the herd\", up for auction is my 60th Anniversary 2014 American Standard Stratocaster in Jade Pearl Metallic.I have owned this guitar since new and has been an in-home only guitar. Always stored in a smoke-free home in it's originalhardshell case(included). The guitar is in great shape and was rarely played. What can I say, I went \"hardtail\" right after purchasingthis and never even installed the tremolo arm. The spring saver sticker is still covering the threads. The tremolo is not blocked, I switched to a hardtail Stratocaster and haven't looked back. Please review the photographs before bidding as they are a key part of the description. Some of the features;25.5 scale Maple NeckMaple Fret-boardFender Custom Shop pickups SSSFactory hardshell case As with any electric guitar, it will need to be setup to your preferred playing style as everyone has their own comfort zone. This auction is for the lower 48 states in the United States only. As a used guitar it is being sold \"as is\" with no returns. Again, please review the photographs as a key part of the description before bidding. Item will be shipped within 48 hours after payment baring Sundays and federal holidays. Any bidders with less then ten feedback or excessive negative feedback will need to contact me before bidding. Thank you.", "ItemID": "333019329753", "EndTime": "2019-01-24T04:43:49.000Z", "StartTime": "2019-01-17T04:43:49.000Z", "ViewItemURLForNaturalSearch": "https://www.ebay.com/itm/Fender-American-Standard-Stratocaster-Jade-Pearl-Metallic-Electric-Guitar-/333019329753", "ListingType": "Chinese", "Location": "Sayreville, New Jersey", "PaymentMethods": ["PayPal"], "GalleryURL": "https://thumbs2.ebaystatic.com/pict/3330193297538080_1.jpg", "PictureURL": ["https://i.ebayimg.com/00/s/MTYwMFgxMjAw/z/pocAAOSwEUdcQAVF/$_57.JPG?set_id=8800005007", "https://i.ebayimg.com/00/s/MTYwMFgxMjAw/z/nowAAOSwT5tcQAVI/$_57.JPG?set_id=8800005007", "https://i.ebayimg.com/00/s/MTYwMFgxMjAw/z/WDsAAOSwltxcQAVK/$_57.JPG?set_id=8800005007", "https://i.ebayimg.com/00/s/MTYwMFgxMjAw/z/VDoAAOSwXh9cQAVN/$_57.JPG?set_id=8800005007", "https://i.ebayimg.com/00/s/MTIwMFgxNjAw/z/EfQAAOSwF5VcQAVP/$_57.JPG?set_id=8800005007", "https://i.ebayimg.com/00/s/MTIwMFgxNjAw/z/kTMAAOSwJ3RcQAVR/$_57.JPG?set_id=8800005007", "https://i.ebayimg.com/00/s/MTIwMFgxNjAw/z/wj0AAOSwS3lcQAVT/$_57.JPG?set_id=8800005007", "https://i.ebayimg.com/00/s/MTIwMFgxNjAw/z/JacAAOSwFoNcQAVV/$_57.JPG?set_id=8800005007", "https://i.ebayimg.com/00/s/MTIwMFgxNjAw/z/ApsAAOSw6S9cQAVY/$_57.JPG?set_id=8800005007", "https://i.ebayimg.com/00/s/MTIwMFgxNjAw/z/I4gAAOSwS2lcQAVd/$_57.JPG?set_id=8800005007", "https://i.ebayimg.com/00/s/MTIwMFgxNjAw/z/NkEAAOSwBVdcQAVf/$_57.JPG?set_id=8800005007", "https://i.ebayimg.com/00/s/MTIwMFgxNjAw/z/fuoAAOSwiKdcQAVh/$_57.JPG?set_id=8800005007"], "PostalCode": "08872", "PrimaryCategoryID": "33034", "PrimaryCategoryName": "Musical Instruments & Gear:Guitars & Basses:Electric Guitars", "Quantity": 1, "Seller": {"UserID": "panther289", "FeedbackRatingStar": "Turquoise", "FeedbackScore": 423, "PositiveFeedbackPercent": 100.0}, "BidCount": 4, "ConvertedCurrentPrice": {"Value": 760.0, "CurrencyID": "USD"}, "CurrentPrice": {"Value": 760.0, "CurrencyID": "USD"}, "HighBidder": {"UserID": "t***a", "FeedbackPrivate": false, "FeedbackRatingStar": "Turquoise", "FeedbackScore": 461}, "ListingStatus": "Completed", "QuantitySold": 1, "ShipToLocations": ["US"], "Site": "US", "TimeLeft": "PT0S", "Title": "Fender American Standard Stratocaster Jade Pearl Metallic Electric Guitar", "ItemSpecifics": {"NameValueList": [{"Name": "Brand", "Value": ["Fender"]}, {"Name": "Product Line", "Value": ["American Standard"]}, {"Name": "Model Year", "Value": ["2014"]}, {"Name": "Series", "Value": ["American Standard"]}, {"Name": "Model", "Value": ["Stratocaster American Standard"]}, {"Name": "Body Color", "Value": ["Jade Pearl Metallic"]}, {"Name": "String Configuration", "Value": ["6 String"]}, {"Name": "Body Type", "Value": ["Solid"]}, {"Name": "Right-/ Left-Handed", "Value": ["Right-Handed"]}]}, "HitCount": 271, "PrimaryCategoryIDPath": "619:3858:33034", "Country": "US", "ReturnPolicy": {"ReturnsAccepted": "ReturnsNotAccepted", "InternationalReturnsAccepted": "ReturnsNotAccepted"}, "MinimumToBid": {"Value": 770.0, "CurrencyID": "USD"}, "AutoPay": true, "PaymentAllowedSite": [], "IntegratedMerchantCreditCardEnabled": false, "HandlingTime": 3, "ConditionID": 3000, "ConditionDisplayName": "Used", "GlobalShipping": false, "QuantitySoldByPickupInStore": 0, "NewBestOffer": false}