{"BestOfferEnabled": true, "Description": "Edwards ESP explorer guitar. EXP-125D Nevada Brown excellent condition upgraded bareknuckle nailbomb pickups in bridge and neck position. plays and sounds absolutely amazing. New Daddario NYXL strings. Made in Japan for the Japanese market. Don\u2019t miss your chance to get this in the US. Quality surpasses the ESP LTD line. Comes with all Gotoh hardware All mahogany body and neck 22 fret rosewood fretboard Comes with ESP hardcase. Ships via UPS Ground. Payment is due within 1 day after auction end.", "ItemID": "254085928150", "EndTime": "2019-01-24T02:30:49.000Z", "StartTime": "2019-01-21T04:40:24.000Z", "ViewItemURLForNaturalSearch": "https://www.ebay.com/itm/Edwards-ESP-EX-125D-Explorer-Guitar-Nevada-Brown-W-Bareknuckle-Pickups-MIJ-/254085928150", "ListingType": "Chinese", "Location": "Sacramento, California", "PaymentMethods": ["PayPal"], "GalleryURL": "https://thumbs3.ebaystatic.com/pict/2540859281508080_1.jpg", "PictureURL": ["https://i.ebayimg.com/00/s/MTYwMFgxMjAw/z/3AUAAOSwmE9cPA~M/$_12.JPG?set_id=880000500F", "https://i.ebayimg.com/00/s/MTYwMFgxMjAw/z/D8QAAOSwGWJcPA~P/$_12.JPG?set_id=880000500F", "https://i.ebayimg.com/00/s/MTYwMFgxMjAw/z/9rAAAOSw3bZcPA~Q/$_12.JPG?set_id=880000500F", "https://i.ebayimg.com/00/s/MTYwMFgxMjAw/z/h8YAAOSwGBRcPA~S/$_12.JPG?set_id=880000500F"], "PostalCode": "95831", "PrimaryCategoryID": "33034", "PrimaryCategoryName": "Musical Instruments & Gear:Guitars & Basses:Electric Guitars", "Quantity": 1, "Seller": {"UserID": "kyohollow07", "FeedbackRatingStar": "Turquoise", "FeedbackScore": 345, "PositiveFeedbackPercent": 100.0}, "BidCount": 1, "ConvertedCurrentPrice": {"Value": 850.0, "CurrencyID": "USD"}, "CurrentPrice": {"Value": 850.0, "CurrencyID": "USD"}, "HighBidder": {"UserID": "e***n", "FeedbackPrivate": false, "FeedbackRatingStar": "Turquoise", "FeedbackScore": 155}, "ListingStatus": "Completed", "QuantitySold": 1, "ShipToLocations": ["US"], "Site": "US", "TimeLeft": "PT0S", "Title": "Edwards ESP EX-125D Explorer Guitar Nevada Brown W/ Bareknuckle Pickups MIJ", "ItemSpecifics": {"NameValueList": [{"Name": "Brand", "Value": ["Edwards"]}, {"Name": "Model", "Value": ["Explorer"]}, {"Name": "Country/Region of Manufacture", "Value": ["Japan"]}, {"Name": "Body Color", "Value": ["Brown"]}]}, "HitCount": 88, "PrimaryCategoryIDPath": "619:3858:33034", "Country": "US", "ReturnPolicy": {"ReturnsAccepted": "ReturnsNotAccepted"}, "MinimumToBid": {"Value": 860.0, "CurrencyID": "USD"}, "AutoPay": false, "PaymentAllowedSite": [], "IntegratedMerchantCreditCardEnabled": false, "HandlingTime": 2, "ConditionID": 3000, "ConditionDisplayName": "Used", "ExcludeShipToLocation": ["Alaska/Hawaii", "US Protectorates", "APO/FPO", "Africa", "Asia", "Central America and Caribbean", "Europe", "Middle East", "North America", "Oceania", "Southeast Asia", "South America", "PO Box"], "GlobalShipping": false, "QuantitySoldByPickupInStore": 0, "NewBestOffer": false}