{"BestOfferEnabled": false, "Description": "Hello, thank you for stopping by and checking out my listing. I have a beautiful like new and gently used 2019 epiphone les Paul prophecy plus. This bad boy is only Six months old. Also has E.M.G 81/85 active pickups. I'm selling only because I bought another guitar and I'm not using this one much. If you have any questions feel free to ask me. US bidders only and if you are outside the states please message me before anything. Please pay no later then 24 hrs after purchase. Thank you and good luck! Happy bidding.", "ItemID": "183640905584", "EndTime": "2019-01-24T20:00:01.000Z", "StartTime": "2019-01-17T20:00:01.000Z", "ViewItemURLForNaturalSearch": "https://www.ebay.com/itm/2019-epiphone-les-Paul-prophecy-plus-/183640905584", "ListingType": "Chinese", "Location": "Santa Rosa, California", "PaymentMethods": ["PayPal"], "GalleryURL": "https://thumbs1.ebaystatic.com/pict/1836409055848080_1.jpg", "PictureURL": ["https://i.ebayimg.com/00/s/OTYwWDcyMA==/z/1AcAAOSwnKFcQBQM/$_12.JPG?set_id=880000500F", "https://i.ebayimg.com/00/s/OTYwWDcyMA==/z/OEMAAOSw4ntcQBQN/$_12.JPG?set_id=880000500F", "https://i.ebayimg.com/00/s/OTYwWDcyMA==/z/CykAAOSwijhcQBQP/$_12.JPG?set_id=880000500F", "https://i.ebayimg.com/00/s/OTYwWDcyMA==/z/KtsAAOSwEp5cQBQQ/$_12.JPG?set_id=880000500F"], "PostalCode": "95406", "PrimaryCategoryID": "33034", "PrimaryCategoryName": "Musical Instruments & Gear:Guitars & Basses:Electric Guitars", "Quantity": 1, "Seller": {"UserID": "generation1fan", "FeedbackRatingStar": "Turquoise", "FeedbackScore": 484, "PositiveFeedbackPercent": 0.0}, "BidCount": 35, "ConvertedCurrentPrice": {"Value": 365.0, "CurrencyID": "USD"}, "CurrentPrice": {"Value": 365.0, "CurrencyID": "USD"}, "HighBidder": {"UserID": "c***u", "FeedbackPrivate": false, "FeedbackRatingStar": "None", "FeedbackScore": 0}, "ListingStatus": "Completed", "QuantitySold": 1, "ShipToLocations": ["US"], "Site": "US", "TimeLeft": "PT0S", "Title": "2019 epiphone les Paul prophecy plus", "ItemSpecifics": {"NameValueList": [{"Name": "Brand", "Value": ["Epiphone"]}, {"Name": "Model Year", "Value": ["2019"]}, {"Name": "Model", "Value": ["Plus"]}, {"Name": "String Configuration", "Value": ["6 String"]}, {"Name": "Right-/ Left-Handed", "Value": ["Right-Handed"]}, {"Name": "Body Type", "Value": ["Solid"]}, {"Name": "Body Color", "Value": ["Black"]}]}, "HitCount": 421, "Subtitle": "Les Paul guitar", "PrimaryCategoryIDPath": "619:3858:33034", "Country": "US", "ReturnPolicy": {"ReturnsAccepted": "ReturnsNotAccepted"}, "MinimumToBid": {"Value": 370.0, "CurrencyID": "USD"}, "AutoPay": true, "PaymentAllowedSite": [], "IntegratedMerchantCreditCardEnabled": false, "HandlingTime": 2, "ConditionID": 3000, "ConditionDisplayName": "Used", "GlobalShipping": false, "QuantitySoldByPickupInStore": 0, "NewBestOffer": false}