{"BestOfferEnabled": false, "Description": "MINT! Charvel EVH Art Series 2006 Black and Red Stripes + OHSC. Condition is Used. Shipped with UPS Ground.", "ItemID": "153342549223", "EndTime": "2019-01-24T02:08:03.000Z", "StartTime": "2019-01-17T02:08:03.000Z", "ViewItemURLForNaturalSearch": "https://www.ebay.com/itm/MINT-Charvel-EVH-Art-Series-2006-OHSC-/153342549223", "ListingType": "Chinese", "Location": "Palm Harbor, Florida", "PaymentMethods": ["PayPal"], "GalleryURL": "https://thumbs4.ebaystatic.com/pict/1533425492238080_1.jpg", "PictureURL": ["https://i.ebayimg.com/00/s/MTYwMFgxMjAw/z/CEQAAOSwSudcP-EK/$_12.JPG?set_id=880000500F", "https://i.ebayimg.com/00/s/MTYwMFgxMjAw/z/sagAAOSwwDJcP-EM/$_12.JPG?set_id=880000500F", "https://i.ebayimg.com/00/s/MTYwMFgxMjAw/z/R8UAAOSwPntcP-EO/$_12.JPG?set_id=880000500F", "https://i.ebayimg.com/00/s/MTYwMFgxMjAw/z/DfMAAOSwzTJcP-EQ/$_12.JPG?set_id=880000500F", "https://i.ebayimg.com/00/s/MTYwMFgxMjAw/z/9gUAAOSwVCpcP-ES/$_12.JPG?set_id=880000500F", "https://i.ebayimg.com/00/s/MTYwMFgxMjAw/z/dvkAAOSwT5tcP-EU/$_12.JPG?set_id=880000500F", "https://i.ebayimg.com/00/s/MTYwMFgxMjAw/z/BFoAAOSwK9ZcP-EV/$_12.JPG?set_id=880000500F", "https://i.ebayimg.com/00/s/MTYwMFgxMjAw/z/oUUAAOSwCjpcP-EX/$_12.JPG?set_id=880000500F", "https://i.ebayimg.com/00/s/MTYwMFgxMjAw/z/ze0AAOSwWz5cP-EZ/$_12.JPG?set_id=880000500F", "https://i.ebayimg.com/00/s/MTIwMFgxNjAw/z/Bk8AAOSwvNVcP-Er/$_12.JPG?set_id=880000500F", "https://i.ebayimg.com/00/s/MTIwMFgxNjAw/z/ZOEAAOSwsDZcP-Ed/$_12.JPG?set_id=880000500F", "https://i.ebayimg.com/00/s/MTIwMFgxNjAw/z/2LkAAOSwckVcP-Ef/$_12.JPG?set_id=880000500F"], "PostalCode": "34684", "PrimaryCategoryID": "33034", "PrimaryCategoryName": "Musical Instruments & Gear:Guitars & Basses:Electric Guitars", "Quantity": 1, "Seller": {"UserID": "mauricio615", "FeedbackRatingStar": "Turquoise", "FeedbackScore": 157, "PositiveFeedbackPercent": 100.0}, "BidCount": 14, "ConvertedCurrentPrice": {"Value": 1925.0, "CurrencyID": "USD"}, "CurrentPrice": {"Value": 1925.0, "CurrencyID": "USD"}, "HighBidder": {"UserID": "s***n", "FeedbackPrivate": false, "FeedbackRatingStar": "Turquoise", "FeedbackScore": 234}, "ListingStatus": "Completed", "QuantitySold": 1, "ShipToLocations": ["US"], "Site": "US", "TimeLeft": "PT0S", "Title": "MINT! Charvel EVH Art Series 2006 + OHSC", "ItemSpecifics": {"NameValueList": [{"Name": "Brand", "Value": ["Charvel"]}, {"Name": "Model Year", "Value": ["2006"]}, {"Name": "Model", "Value": ["EVH Art Series"]}, {"Name": "String Configuration", "Value": ["6 String"]}, {"Name": "Country/Region of Manufacture", "Value": ["United States"]}, {"Name": "Body Type", "Value": ["Solid"]}, {"Name": "Body Color", "Value": ["Red and Black Stripes"]}, {"Name": "MPN", "Value": ["Does Not Apply"]}, {"Name": "Dexterity", "Value": ["Right-Handed"]}]}, "HitCount": 252, "PrimaryCategoryIDPath": "619:3858:33034", "Country": "US", "ReturnPolicy": {"ReturnsAccepted": "ReturnsNotAccepted"}, "MinimumToBid": {"Value": 1950.0, "CurrencyID": "USD"}, "AutoPay": false, "PaymentAllowedSite": [], "IntegratedMerchantCreditCardEnabled": false, "HandlingTime": 2, "ConditionID": 3000, "ConditionDisplayName": "Used", "GlobalShipping": false, "QuantitySoldByPickupInStore": 0, "NewBestOffer": false}