{"BestOfferEnabled": false, "Description": "for your consideration is a Peavey Predator model made in 1987. its an antique at 30 years of age. i have gone over this guitar to make it playable and what a good player it is. great low action. pickups have a nice bite. notice the Peavey logo on pickup covers,sort of rare. you will find numerous nicks and dings on body but nothing ugly. frets have lots of life left. comes with a whammy bar that was hard to find for this model. this is one of the lowest price USA made guitars that you will find. great guitars! 30.00 shipping to lower 48 i am posting a picture , last picture,of neck dated 02 87 for proof that this guitar was made in 1987. seems to be a big issue over the date! i have been told by fellow ebay guitar watchers that this is a 1993 model judging by the serial number. i still think the neck was made in 1987 according to the stamping.", "ItemID": "323656976131", "EndTime": "2019-01-26T17:30:54.000Z", "StartTime": "2019-01-19T17:30:54.000Z", "ViewItemURLForNaturalSearch": "https://www.ebay.com/itm/PEAVEY-Predator-USA-Made-Electric-Guitar-/323656976131", "ListingType": "Chinese", "Location": "Mount Airy, North Carolina", "PaymentMethods": ["PayPal"], "GalleryURL": "https://thumbs4.ebaystatic.com/pict/3236569761318080_1.jpg", "PictureURL": ["https://i.ebayimg.com/00/s/MTYwMFgxMDYz/z/ksoAAOSwlCdbGSu-/$_57.JPG?set_id=8800005007", "https://i.ebayimg.com/00/s/MTYwMFgxMDYz/z/F0EAAOSwDPNbGSu0/$_57.JPG?set_id=8800005007", "https://i.ebayimg.com/00/s/MTYwMFgxMDYz/z/4j0AAOSwdkZbGSvE/$_57.JPG?set_id=8800005007", "https://i.ebayimg.com/00/s/MTA2M1gxNjAw/z/nyUAAOSwGqxbGSvK/$_57.JPG?set_id=8800005007", "https://i.ebayimg.com/00/s/MTYwMFgxMDYz/z/jzUAAOSwtH9bGSvR/$_57.JPG?set_id=8800005007", "https://i.ebayimg.com/00/s/MTA2M1gxNjAw/z/Yn0AAOSwWDBbGSvX/$_57.JPG?set_id=8800005007", "https://i.ebayimg.com/00/s/MTA2M1gxNjAw/z/YooAAOSw6VNbGSvd/$_57.JPG?set_id=8800005007", "https://i.ebayimg.com/00/s/MTYwMFgxMDYz/z/N2QAAOSw92RbGSvj/$_57.JPG?set_id=8800005007", "https://i.ebayimg.com/00/s/MTA2M1gxNjAw/z/WJQAAOSwd~Zbhp9s/$_57.JPG?set_id=8800005007", "https://i.ebayimg.com/00/s/MTA2M1gxNjAw/z/alUAAOSwFmFbhp9z/$_57.JPG?set_id=8800005007"], "PostalCode": "27030", "PrimaryCategoryID": "33034", "PrimaryCategoryName": "Musical Instruments & Gear:Guitars & Basses:Electric Guitars", "Quantity": 1, "Seller": {"UserID": "goodstuffonly*123", "FeedbackRatingStar": "Red", "FeedbackScore": 3084, "PositiveFeedbackPercent": 100.0, "TopRatedSeller": true}, "BidCount": 1, "ConvertedCurrentPrice": {"Value": 250.0, "CurrencyID": "USD"}, "CurrentPrice": {"Value": 250.0, "CurrencyID": "USD"}, "HighBidder": {"UserID": "k***p", "FeedbackPrivate": false, "FeedbackRatingStar": "Purple", "FeedbackScore": 854}, "ListingStatus": "Completed", "QuantitySold": 1, "ShipToLocations": ["US", "CA", "GB", "DK", "RO", "SK", "BG", "CZ", "FI", "HU", "LV", "LT", "MT", "EE", "AU", "GR", "PT", "CY", "SI", "JP", "CN", "SE", "KR", "ID", "TW", "TH", "BE", "FR", "HK", "IE", "NL", "PL", "ES", "IT", "DE", "AT", "BS", "IL", "MX", "NZ", "SG", "CH", "NO", "SA", "UA", "AE", "QA", "KW", "BH", "HR", "MY", "CL", "CO", "CR", "PA", "TT", "GT", "HN", "JM", "AG", "AW", "BZ", "DM", "GD", "KN", "LC", "MS", "TC", "BB", "BD", "BM", "BN", "BO", "EG", "GF", "GG", "GI", "GP", "IS", "JE", "JO", "KH", "KY", "LI", "LK", "LU", "MC", "MO", "MQ", "MV", "NI", "OM", "PK", "PY", "RE"], "Site": "US", "TimeLeft": "PT0S", "Title": "PEAVEY Predator USA Made Electric Guitar", "ItemSpecifics": {"NameValueList": [{"Name": "Dexterity", "Value": ["Right-Handed"]}, {"Name": "Body Color", "Value": ["Red"]}, {"Name": "String Configuration", "Value": ["6 String"]}, {"Name": "Model", "Value": ["Predator"]}, {"Name": "Country/Region of Manufacture", "Value": ["United States"]}, {"Name": "Model Year", "Value": ["1987"]}, {"Name": "MPN", "Value": ["Does Not Apply"]}, {"Name": "Body Material", "Value": ["Solid Wood"]}, {"Name": "Brand", "Value": ["Peavey"]}, {"Name": "Body Type", "Value": ["solid"]}]}, "HitCount": 166, "PrimaryCategoryIDPath": "619:3858:33034", "Country": "US", "ReturnPolicy": {"Refund": "Money Back", "ReturnsWithin": "30 Days", "ReturnsAccepted": "Returns Accepted", "ShippingCostPaidBy": "Buyer", "InternationalReturnsAccepted": "ReturnsNotAccepted"}, "MinimumToBid": {"Value": 255.0, "CurrencyID": "USD"}, "AutoPay": false, "PaymentAllowedSite": [], "IntegratedMerchantCreditCardEnabled": false, "HandlingTime": 5, "ConditionID": 3000, "ConditionDisplayName": "Used", "GlobalShipping": true, "ConditionDescription": "nice for its age guitar", "QuantitySoldByPickupInStore": 0, "NewBestOffer": false}