{"BestOfferEnabled": false, "Description": "Ibanez RG Kirk Hammett Boris Karloff One off build. This is as far as I know a one of a kind Ibanez replica of Kirk Hammett's Signature Boris Karloff ESP. I bought it mid-2018 from the builder and it has Seymour Duncan Blackout active pickups, Ibanez trem (not sure of the model). The neck is an Indonesian RG and the body is from a Prestige model. Neck is very flat, straight and has no dead spots. Action is sitting nice and tight and it plays really well.The trem is blocked from being pulled up but dives and returns to pitch perfectly. The artwork and the killer reverse headstock look great!!! I do not have a case but it Will be safely boxed to ship within 48 hours of sale.", "ItemID": "143103953119", "EndTime": "2019-01-26T17:14:54.000Z", "StartTime": "2019-01-25T18:20:01.000Z", "ViewItemURLForNaturalSearch": "https://www.ebay.com/itm/Ibanez-RG-Kirk-Hammett-Boris-Karloff-One-off-build-/143103953119", "ListingType": "Chinese", "Location": "Naples, Florida", "PaymentMethods": ["PayPal"], "GalleryURL": "https://thumbs4.ebaystatic.com/pict/1431039531198080_1.jpg", "PictureURL": ["https://i.ebayimg.com/00/s/MTA2NlgxNjAw/z/AHIAAOSw1T1cS1DB/$_32.JPG?set_id=880000500F", "https://i.ebayimg.com/00/s/MTA2NlgxNjAw/z/JMwAAOSwaJ9cS1DF/$_32.JPG?set_id=880000500F", "https://i.ebayimg.com/00/s/MTA2NlgxNjAw/z/SCQAAOSwvEhcS1DF/$_32.JPG?set_id=880000500F", "https://i.ebayimg.com/00/s/MTYwMFgxMDY2/z/qjoAAOSwxrJcS1DB/$_32.JPG?set_id=880000500F", "https://i.ebayimg.com/00/s/MTYwMFgxMDY2/z/xe4AAOSwJLJcS1DG/$_32.JPG?set_id=880000500F"], "PostalCode": "34116", "PrimaryCategoryID": "33034", "PrimaryCategoryName": "Musical Instruments & Gear:Guitars & Basses:Electric Guitars", "Quantity": 1, "Seller": {"UserID": "bluetoepick", "FeedbackRatingStar": "Turquoise", "FeedbackScore": 216, "PositiveFeedbackPercent": 66.7}, "BidCount": 1, "ConvertedCurrentPrice": {"Value": 350.0, "CurrencyID": "USD"}, "CurrentPrice": {"Value": 350.0, "CurrencyID": "USD"}, "HighBidder": {"UserID": "n***n", "FeedbackPrivate": false, "FeedbackRatingStar": "Purple", "FeedbackScore": 527}, "ListingStatus": "Completed", "QuantitySold": 1, "ShipToLocations": ["US", "CA", "GB", "DK", "RO", "SK", "BG", "CZ", "FI", "HU", "LV", "LT", "MT", "EE", "AU", "GR", "PT", "CY", "SI", "JP", "CN", "SE", "KR", "ID", "TW", "TH", "BE", "FR", "HK", "IE", "NL", "PL", "ES", "IT", "DE", "AT", "BS", "IL", "MX", "NZ", "SG", "CH", "NO", "SA", "UA", "AE", "QA", "KW", "BH", "HR", "MY", "CL", "CO", "CR", "PA", "TT", "GT", "HN", "JM", "AG", "AW", "BZ", "DM", "GD", "KN", "LC", "MS", "TC", "BB", "BD", "BM", "BN", "BO", "EG", "GF", "GG", "GI", "GP", "IS", "JE", "JO", "KH", "KY", "LI", "LK", "LU", "MC", "MO", "MQ", "MV", "NI", "OM", "PK", "PY", "RE"], "Site": "US", "TimeLeft": "PT0S", "Title": "Ibanez RG Kirk Hammett Boris Karloff One off build", "ItemSpecifics": {"NameValueList": [{"Name": "Brand", "Value": ["Ibanez"]}, {"Name": "Product Line", "Value": ["Ibanez RG"]}, {"Name": "String Configuration", "Value": ["6 String"]}, {"Name": "Body Type", "Value": ["Solid"]}]}, "HitCount": 91, "PrimaryCategoryIDPath": "619:3858:33034", "Country": "US", "ReturnPolicy": {"ReturnsAccepted": "ReturnsNotAccepted"}, "MinimumToBid": {"Value": 355.0, "CurrencyID": "USD"}, "AutoPay": true, "PaymentAllowedSite": [], "IntegratedMerchantCreditCardEnabled": false, "HandlingTime": 3, "ConditionID": 3000, "ConditionDisplayName": "Used", "GlobalShipping": true, "QuantitySoldByPickupInStore": 0, "NewBestOffer": false}