{"BestOfferEnabled": false, "Description": "very nice guitar, action is great, fully functional and unique item. 2002, low number, built solid....newish generic hard case. strung with flatwounds....", "ItemID": "233102419676", "EndTime": "2019-01-25T15:52:24.000Z", "StartTime": "2019-01-20T15:52:24.000Z", "ViewItemURLForNaturalSearch": "https://www.ebay.com/itm/burns-london-marquee-near-mint-2002-/233102419676", "ListingType": "Chinese", "Location": "Sequim, Washington", "PaymentMethods": ["PayPal"], "GalleryURL": "https://thumbs1.ebaystatic.com/pict/2331024196768080_1.jpg", "PictureURL": ["https://i.ebayimg.com/00/s/MTIwMFgxNjAw/z/JlkAAOSwy3JcNPoa/$_57.JPG?set_id=8800005007", "https://i.ebayimg.com/00/s/MTIwMFgxNjAw/z/USEAAOSwWdNcNPoh/$_57.JPG?set_id=8800005007", "https://i.ebayimg.com/00/s/MTIwMFgxNjAw/z/DIwAAOSwNXpcNPoo/$_57.JPG?set_id=8800005007", "https://i.ebayimg.com/00/s/MTIwMFgxNjAw/z/cXAAAOSwo6NcNPox/$_57.JPG?set_id=8800005007", "https://i.ebayimg.com/00/s/MTIwMFgxNjAw/z/QnEAAOSwEvZcNPo4/$_57.JPG?set_id=8800005007", "https://i.ebayimg.com/00/s/MTIwMFgxNjAw/z/OawAAOSwiwZcNPo9/$_57.JPG?set_id=8800005007", "https://i.ebayimg.com/00/s/MTIwMFgxNjAw/z/6A4AAOSwjolcNPpE/$_57.JPG?set_id=8800005007", "https://i.ebayimg.com/00/s/MTIwMFgxNjAw/z/Pn4AAOSwvytcNPpL/$_57.JPG?set_id=8800005007", "https://i.ebayimg.com/00/s/MTIwMFgxNjAw/z/fu4AAOSwKphcNPpR/$_57.JPG?set_id=8800005007", "https://i.ebayimg.com/00/s/MTIwMFgxNjAw/z/KDAAAOSwzqtcNPpW/$_57.JPG?set_id=8800005007"], "PostalCode": "98382", "PrimaryCategoryID": "33034", "PrimaryCategoryName": "Musical Instruments & Gear:Guitars & Basses:Electric Guitars", "Quantity": 1, "Seller": {"UserID": "rojorich", "FeedbackRatingStar": "Purple", "FeedbackScore": 587, "PositiveFeedbackPercent": 100.0}, "BidCount": 1, "ConvertedCurrentPrice": {"Value": 325.0, "CurrencyID": "USD"}, "CurrentPrice": {"Value": 325.0, "CurrencyID": "USD"}, "HighBidder": {"UserID": "s***e", "FeedbackPrivate": false, "FeedbackRatingStar": "Turquoise", "FeedbackScore": 196}, "ListingStatus": "Completed", "QuantitySold": 1, "ShipToLocations": ["US", "CA", "GB", "DK", "RO", "SK", "BG", "CZ", "FI", "HU", "LV", "LT", "MT", "EE", "AU", "GR", "PT", "CY", "SI", "JP", "CN", "SE", "KR", "ID", "TW", "TH", "BE", "FR", "HK", "IE", "NL", "PL", "ES", "IT", "DE", "AT", "BS", "IL", "MX", "NZ", "SG", "CH", "NO", "SA", "UA", "AE", "QA", "KW", "BH", "HR", "MY", "CL", "CO", "CR", "PA", "TT", "GT", "HN", "JM", "AG", "AW", "BZ", "DM", "GD", "KN", "LC", "MS", "TC", "BB", "BD", "BM", "BN", "BO", "EG", "GF", "GG", "GI", "GP", "IS", "JE", "JO", "KH", "KY", "LI", "LK", "LU", "MC", "MO", "MQ", "MV", "NI", "OM", "PK", "PY", "RE"], "Site": "US", "TimeLeft": "PT0S", "Title": "burns of london marquee, near mint! 2002", "ItemSpecifics": {"NameValueList": [{"Name": "Brand", "Value": ["burns"]}, {"Name": "Exact Year", "Value": ["1964"]}]}, "HitCount": 77, "Subtitle": "excellent condition , for player or collector ", "PrimaryCategoryIDPath": "619:3858:33034", "Storefront": {"StoreURL": "https://stores.ebay.com/id=13105876", "StoreName": "rojoguitars"}, "Country": "US", "ReturnPolicy": {"ReturnsAccepted": "ReturnsNotAccepted", "InternationalReturnsAccepted": "ReturnsNotAccepted"}, "MinimumToBid": {"Value": 330.0, "CurrencyID": "USD"}, "AutoPay": false, "PaymentAllowedSite": [], "IntegratedMerchantCreditCardEnabled": false, "HandlingTime": 1, "ConditionID": 3000, "ConditionDisplayName": "Used", "GlobalShipping": true, "QuantitySoldByPickupInStore": 0, "NewBestOffer": false}