{"BestOfferEnabled": true, "Description": "Schecter C-1 FR ATX. I bought this new from musicians friend in 2009. It has probably been played less than 2 hours total in its life. There are no scratches. It will need new strings as it has been sitting in a fret rest for a while. No smoke where it has been stored. Check the pics, it is mint other than a little dust on it. Has a broken string from trying to tune it without loosening the string lock. Any questions, send me a message. I'll ship fast in a guitar bag and I'll get a cardboard box to pack it well. Still has the plastic film on the back. Thanks for bidding!", "ItemID": "223333313162", "EndTime": "2019-01-24T18:25:46.000Z", "StartTime": "2019-01-19T18:25:46.000Z", "ViewItemURLForNaturalSearch": "https://www.ebay.com/itm/Schecter-C-1-FR-ATX-barely-used-Floyd-Rose-electric-guitar-6-string-/223333313162", "ListingType": "Chinese", "Location": "Sterrett, Alabama", "PaymentMethods": ["PayPal"], "GalleryURL": "https://thumbs3.ebaystatic.com/pict/2233333131628080_1.jpg", "PictureURL": ["https://i.ebayimg.com/00/s/MTYwMFgxMjAw/z/fiIAAOSwCGVcQ2sm/$_12.JPG?set_id=880000500F", "https://i.ebayimg.com/00/s/MTYwMFgxMjAw/z/3AkAAOSw4zdcQ2sq/$_12.JPG?set_id=880000500F", "https://i.ebayimg.com/00/s/MTYwMFgxMjAw/z/Vj4AAOSwakJcQ2ss/$_12.JPG?set_id=880000500F", "https://i.ebayimg.com/00/s/MTYwMFgxMjAw/z/ILcAAOSw0xtcQ2su/$_12.JPG?set_id=880000500F", "https://i.ebayimg.com/00/s/MTIwMFgxNjAw/z/th8AAOSwkv5cQ2sw/$_12.JPG?set_id=880000500F", "https://i.ebayimg.com/00/s/MTYwMFgxMjAw/z/9T4AAOSwaaNcQ2sy/$_12.JPG?set_id=880000500F", "https://i.ebayimg.com/00/s/MTYwMFgxMjAw/z/c7YAAOSwGD1cQ2s0/$_12.JPG?set_id=880000500F", "https://i.ebayimg.com/00/s/MTYwMFgxMjAw/z/iM4AAOSwW~JcQ2s2/$_12.JPG?set_id=880000500F", "https://i.ebayimg.com/00/s/MTYwMFgxMjAw/z/he4AAOSwUoJcQ2s4/$_12.JPG?set_id=880000500F", "https://i.ebayimg.com/00/s/MTIwMFgxNjAw/z/-QIAAOSwwqVcQ2s7/$_12.JPG?set_id=880000500F", "https://i.ebayimg.com/00/s/MTYwMFgxMjAw/z/YAAAAOSwlZ1cQ2s8/$_12.JPG?set_id=880000500F", "https://i.ebayimg.com/00/s/MTYwMFgxMjAw/z/ngsAAOSwx3FcQ2s~/$_12.JPG?set_id=880000500F"], "PostalCode": "35147", "PrimaryCategoryID": "33034", "PrimaryCategoryName": "Musical Instruments & Gear:Guitars & Basses:Electric Guitars", "Quantity": 1, "Seller": {"UserID": "burnw152", "FeedbackRatingStar": "Yellow", "FeedbackScore": 13, "PositiveFeedbackPercent": 100.0}, "BidCount": 1, "ConvertedCurrentPrice": {"Value": 300.0, "CurrencyID": "USD"}, "CurrentPrice": {"Value": 300.0, "CurrencyID": "USD"}, "HighBidder": {"UserID": "e***a", "FeedbackPrivate": false, "FeedbackRatingStar": "Blue", "FeedbackScore": 66}, "ListingStatus": "Completed", "QuantitySold": 1, "ShipToLocations": ["US"], "Site": "US", "TimeLeft": "PT0S", "Title": "Schecter C-1 FR ATX - barely used - Floyd Rose electric guitar 6 string", "ItemSpecifics": {"NameValueList": [{"Name": "Brand", "Value": ["Schecter"]}, {"Name": "Model", "Value": ["ATX C-1 FR"]}, {"Name": "String Configuration", "Value": ["6 String"]}, {"Name": "MPN", "Value": ["ATX C-1 FR"]}, {"Name": "Body Color", "Value": ["Satin Black"]}]}, "HitCount": 153, "PrimaryCategoryIDPath": "619:3858:33034", "Country": "US", "ReturnPolicy": {"ReturnsAccepted": "ReturnsNotAccepted"}, "MinimumToBid": {"Value": 305.0, "CurrencyID": "USD"}, "AutoPay": false, "PaymentAllowedSite": [], "IntegratedMerchantCreditCardEnabled": false, "HandlingTime": 3, "ConditionID": 3000, "ConditionDisplayName": "Used", "GlobalShipping": false, "QuantitySoldByPickupInStore": 0, "NewBestOffer": false}