{"BestOfferEnabled": false, "Description": "2001 Gibson ES-335 Dot Reissue Excellent used condition, all original! Case is included :) Serial number is 02861417", "ItemID": "173753797738", "EndTime": "2019-01-24T18:51:54.000Z", "StartTime": "2019-01-21T18:51:54.000Z", "ViewItemURLForNaturalSearch": "https://www.ebay.com/itm/2001-Gibson-ES-335-Dot-Reissue-L-K-/173753797738", "ListingType": "Chinese", "Location": "Hamilton, Ohio", "PaymentMethods": ["PayPal"], "GalleryURL": "https://thumbs3.ebaystatic.com/pict/1737537977388080_1.jpg", "PictureURL": ["https://i.ebayimg.com/00/s/MTYwMFgxMjAw/z/0nUAAOSwOHpcRhR9/$_12.JPG?set_id=880000500F", "https://i.ebayimg.com/00/s/MTYwMFgxMjAw/z/apMAAOSwPVFcRhSE/$_12.JPG?set_id=880000500F", "https://i.ebayimg.com/00/s/MTYwMFgxMjAw/z/-acAAOSwkelcRhSS/$_12.JPG?set_id=880000500F", "https://i.ebayimg.com/00/s/MTYwMFgxMjAw/z/IHMAAOSwGI5cRhSK/$_12.JPG?set_id=880000500F", "https://i.ebayimg.com/00/s/MTIwMFgxNjAw/z/8AQAAOSwgrZcRhRo/$_12.JPG?set_id=880000500F", "https://i.ebayimg.com/00/s/MTIwMFgxNjAw/z/eTsAAOSwGD1cRhRq/$_12.JPG?set_id=880000500F", "https://i.ebayimg.com/00/s/MTYwMFgxMjAw/z/F1cAAOSwRfxcRhR2/$_12.JPG?set_id=880000500F", "https://i.ebayimg.com/00/s/MTYwMFgxMjAw/z/9~sAAOSwsqdcRhRy/$_12.JPG?set_id=880000500F", "https://i.ebayimg.com/00/s/MTYwMFgxMjAw/z/YTYAAOSwUu5cRhSu/$_12.JPG?set_id=880000500F", "https://i.ebayimg.com/00/s/MTYwMFgxMjAw/z/CvEAAOSwAaxcRhRu/$_12.JPG?set_id=880000500F"], "PostalCode": "45011", "PrimaryCategoryID": "33034", "PrimaryCategoryName": "Musical Instruments & Gear:Guitars & Basses:Electric Guitars", "Quantity": 1, "Seller": {"UserID": "morgansw513", "FeedbackRatingStar": "Turquoise", "FeedbackScore": 499, "PositiveFeedbackPercent": 97.2}, "BidCount": 5, "ConvertedCurrentPrice": {"Value": 1675.0, "CurrencyID": "USD"}, "CurrentPrice": {"Value": 1675.0, "CurrencyID": "USD"}, "HighBidder": {"UserID": "_***_", "FeedbackPrivate": false, "FeedbackRatingStar": "Yellow", "FeedbackScore": 10}, "ListingStatus": "Completed", "QuantitySold": 1, "ShipToLocations": ["US", "CA", "GB", "DK", "RO", "SK", "BG", "CZ", "FI", "HU", "LV", "LT", "MT", "EE", "AU", "GR", "PT", "CY", "SI", "JP", "CN", "SE", "KR", "ID", "TW", "TH", "BE", "FR", "HK", "IE", "NL", "PL", "ES", "IT", "DE", "AT", "BS", "IL", "MX", "NZ", "SG", "CH", "NO", "SA", "UA", "AE", "QA", "KW", "BH", "HR", "MY", "CO", "PA", "JM", "BB", "BD", "BM", "BN", "BO", "EG", "GF", "GG", "GI", "GP", "IS", "JE", "JO", "KH", "KY", "LI", "LK", "LU", "MC", "MO", "MQ", "MV", "NI", "OM", "PK", "PY", "RE"], "Site": "US", "TimeLeft": "PT0S", "Title": "2001 Gibson ES-335 Dot Reissue L@@K!!!", "ItemSpecifics": {"NameValueList": [{"Name": "Product Line", "Value": ["Gibson ES"]}, {"Name": "Brand", "Value": ["Gibson"]}, {"Name": "Model Year", "Value": ["2001"]}, {"Name": "Model", "Value": ["ES-335"]}]}, "HitCount": 355, "PrimaryCategoryIDPath": "619:3858:33034", "Country": "US", "ReturnPolicy": {"ReturnsAccepted": "ReturnsNotAccepted"}, "MinimumToBid": {"Value": 1700.0, "CurrencyID": "USD"}, "AutoPay": false, "PaymentAllowedSite": [], "IntegratedMerchantCreditCardEnabled": false, "HandlingTime": 2, "ConditionID": 3000, "ConditionDisplayName": "Used", "GlobalShipping": true, "QuantitySoldByPickupInStore": 0, "NewBestOffer": false}